8b61bffa51cd73cb928fb555509c121a,0.028350456
3679bcc974d8fbd902c3298ce110ac69,0.024905654
f2c613ef4a233386e25816e0c73a0d0b,0.024422333
83b7e02fe7890d106b04e0850cb98ad3,0.01755531
fe5d0c663ebcaf12e4053589521664c9,0.016837396
bc718d1bb857b116148a8285de07a079,0.01656302
43ba89eb9bd003fee537b2f2ccc3a1c3,0.016410375
6e867c93ad4876cfc161ba726b1d42f8,0.015967758
8e9ca1ccf3f5b0e34182808b00802ce3,0.015699577
57b227978aef93eae09f2909dfa7838e,0.01454003
537d54546d6f0a7dc33ea3d8d71c9655,0.014245516
ba4f417016401a199da7a193d1da8986,0.0140504185
57dea4141af5cd771abf411c119d55e9,0.0133193955
f70809d943424c7336c2d6966db4909c,0.012987
b5759de11c48ed66fdd35a56274032a0,0.012515837
0033ba07ed86619d6a52b96ed493996f,0.012218949
bd5236fb011b527cc9a16b35d9c2728c,0.012022388
684dc5ea06076953582af1ddc2f1536a,0.011278597
3a3d0233543bb4a5d8c5d8660909532a,0.010389716
64f5b16d46e9202f43e8108ac3f7bbb9,0.010137469
dfabe3be1e30211f8b41781ac766074f,0.009486063
e4c36f19849ef71305998c9e2a9cc293,0.009070651
03cbf0af7ffe718ca23f68a2c776c88c,0.008793309
749185ea5ebe806a6f9d83f493fcc5b5,0.008763579
aeb17e417b8076ce7412be4584ba8eb5,0.008750859
495c08a2ef0264ccc9f4dbf805dae7a2,0.008546085
eeb2a0cd22f39456dda8892b2addd143,0.008465717
18b7b82da9c8a48eab2d6cc02a0ea61a,0.008285454
acef2cace17f5f8910b2279894d8aa3c,0.007968006
ed7d47f79f47dc6d56194f4b24acf14c,0.0078902645
50e585f44bd373014e6f3d281fe21e14,0.007888886
5634fb005cd8b6ac771851f3756c89d2,0.007784051
0984229592b0dcf7f5325cb7f9ac0aa8,0.0075322553
4c9524e77ef0c742d8992f872a7d4803,0.00745876
8e5e4fb2734d398abe3e680c8c0eb210,0.0073875105
2594d4c99ff7cdcf21836e888bf9b85c,0.007340655
e5bcb8ebafc95d233d03b3c35bbb5c55,0.007263044
3e17ad974656a0bafecaf8319daf7236,0.0071463804
05663e7413b88420784f9e5b4df2008b,0.0069549787
d2f2618fc9ff75607dacf37dee79a6d1,0.0069000195
ebfdb51a1133aeb8c6ecebd4460b59f5,0.0067209285
2d75eb30aaf371f0eb229df581806358,0.006525814
06a729018eab116b08e5acd9356f3b40,0.0063576903
062456781d8cf476236e9b0d443390fa,0.0061702435
b0b8c626e80cd5c4bc7b3d71dc549e7b,0.006120991
bdd9bbcf5a1841205fef09f8ae97afa1,0.0059491904
0c56f597181e06159060d994df3641b0,0.0056476574
0df43d7af9827be1d9e73905b2e050b5,0.00563319
47b139c23fd36dd477ca5b89bcc86f7b,0.0053983927
ecb1cbf00805062d0dcf5a83f3ab278e,0.0053377687
1c949cdda394b0fabad433132742cd61,0.0053115464
86afa31116a628b7305acca79e555438,0.005305876
25a31d4db7353d73ecc855d5b4a720d8,0.005114075
e549fef9ceeebb54c291fda675c09115,0.0051038153
cbae05140d5325a3fca3f6c43dbd331d,0.005057859
2cb3e4ce42cd936572d9ef7a4050be22,0.004988661
ac1eddd2c66ae18d0afdd1d315684c84,0.0045697875
5736cb3bbd27434fb73299ba6f668cae,0.004561054
6a1c3a644d10d7460d2240e571de6f6f,0.004483864
535a7cd47525b30cd2485a6f45ac2241,0.0044804444
c93635a125a50b3823a35c90d3ba4705,0.004401275
508147260ac3b9b40d2c242365b97882,0.0043817023
558c8cca432023639dacb408863204b4,0.00434497
4825846de7aeda882b01807e136944d4,0.0042881276
33ee3862152758a87884cc18467f20b3,0.0042113764
719dd8fcd3c4186fb44128ccada1b1a5,0.0041318894
41b692c0ca0b318ba5cd542fbb631abe,0.0040151547
3833cc64db8c89bf99613b2813e9d426,0.0038645468
6858f9af794548d5375b7283e96bb5f7,0.0038605896
8ff97d7a01a67f05521615edd7009905,0.0038437876
7f1bb24cc1d47fcc29fc8a137052d776,0.0038427096
ef15528c19faee6dd5daab77e1ce2e74,0.003820266
c5dcadc00a47fc1416a0518f205c0e4c,0.0037470034
3dcde29d8df7b581e7f00630741dcca2,0.0036893033
b6ce37bc8349e4002ed5e4baddbc299d,0.0036388128
fb751d029ad7031e8fcf3bde5cd65d04,0.0036074864
4c0470c25355a8369a08501e765ddae9,0.0036041941
0026c04788883bb6a69f54c50fd91c24,0.0036017355
bfeb7ad36f008851a7684bd3d7ba15ff,0.0035817462
f09fdc38602cea0ede37ee6f782d82a0,0.0034307851
64337b4c455396aa8fc6c0838b4f50e7,0.003371541
7466a47a3558e985993f75018aeb527c,0.0033203172
6d06b96dfd67bbf97b5fe718e9c3dbf5,0.0033190602
42a3722eee3fd4b24bc2e893349d7aed,0.003261314
c166bd291497f36568cdc9e99d6a2e32,0.0031811043
e9abc8841c9a796172cd297e5395df62,0.003119295
19cb0028ee002f9839ab9b4f2fe5cd66,0.0030390262
0b16e8be4633f014eca2aabf949ad5e9,0.002990638
2f8edb18b75c2d9f90ed60eb64eef460,0.0029765135
b87844261d44c7f3e060a6990355247c,0.002970686
4a8d5ce187f33d6eed1844c40fb59217,0.0029482418
2cb1fbc329d2adce0972b159a80dd101,0.002932898
e11baf6c8160d069aa903ff802d52d50,0.0028974584
eb173922599efce9efab277ac6004e12,0.002874336
acaa07406adad33be90423374481d583,0.0028524545
7624c88e5e647c284a2f365c775e7e65,0.0028509842
84663128f2603f6c83c16668baded95c,0.0028463332
ee332646bd216cd084b5516f6ef1d270,0.0028401301
9f4de9eb6700d873d8999b2fb10054b3,0.0028097073
e7fb84e96128b1d288b0b9f551abbd21,0.0026429086
eff18730e34b6ebf2a3b14c1ec011d39,0.0026194034
0a9ffc9be8f1de2c8119576e0e736a97,0.0025381884
c2cb4bd0a6ce9e23aedf27637e447c3b,0.0025247268
5ce059c562580f2a650ef68c27193041,0.0025016263
37cf52feeda15c64e0d68a9dfd02a8dd,0.0024751653
e40fb79545f8bf0e346c5688b0ee7a49,0.0024606392
12285fd870bf49bc01565678b790a8e1,0.0024298036
fd51a66138209be5928e9eb7d84c93e7,0.0023981433
8a58c9a11937b81934b7070af2d8bdcb,0.0023647123
35647c643524b47f5e9ed5562315b741,0.0023619195
a330379c22d28273fc77195604faa216,0.0023536978
e98f52c8cedc3636ad000c8c44e5f5f6,0.0023218542
466a80896396194d521a387f15168afe,0.0023186512
374e29b27c5dcab6bcabeaa22757782b,0.0023056131
2d1ede7454a360239f2e67ede63563d5,0.0023046357
7fe0e2adda3c1593db38d613486f5243,0.0022885657
d4391e34787fc5d09e34b79d4ba6ac0b,0.002259541
0b05484fdd9452f1f6fb0445bda512f0,0.0022521105
c3574ef7a3455b639e41b6e790c31041,0.0022162388
c6285bf015d344411435de76f2d6c433,0.002204016
415b1204dfd4e9edfe28fcf68d6e0029,0.0022019807
46d44d5a3aa0cc0af0995a8a499380be,0.0021652745
5a99496557afd501c90037246bac1208,0.002122565
c8451da2f600cd3ccf1afe24c90a3d1d,0.0020990805
2d54fa3e6377c20672871627127d21ce,0.0020603705
e3ee538cda910dfd301951e8d03d53f0,0.0020499108
ac05bc5bf95f0e67d62f21a635914faa,0.0020272855
5a3f8f8c8556408900b78c42b91093a7,0.0019729845
187f40d4859ea5e8ca8a972d16ad81b2,0.0019478714
36d5a7b70c37408bb2468e4361706051,0.0019101426
a859b446714e5a52c347c87bd081b9bd,0.0018831934
369656f87b704a04d20f25c5e715bd9d,0.0018819517
b7cc55122a6df331dee5fcb54ae32775,0.0018193678
08ed58ee0683103993ef6780e7f5a8d8,0.0018073678
b7f95e6409a434e6349d1b6d07ca133a,0.0018072547
fca6356099ca8442b1c694047bcf620b,0.00180159
b39578e17b28c0020b424d9d1b909b46,0.0017984883
7a0e456a6c95a8e87413581c7890e811,0.001780707
af97d4e86e933396d9f17321956c2588,0.0017775663
dde837578e2e204dd1375766dc3e2d87,0.0017213486
7088979dee31d4e935390d8ed6e36e35,0.0017112206
8b67e2df1a5dd04f3166fa0c076c3e35,0.0016811491
bcd246d97283c1de80612224f6291ac0,0.0016251687
f4cdf6242d1955525940cc48b0c30a5e,0.0015997551
b0b902dacbc962794543f37c4328d33a,0.0015944779
8c5a707bf1c058a2271b7e1db7ad32e7,0.0015910463
ab05a7391132567647ba67f70872ccf1,0.0015472427
d7a1eaaecabb1b754c6fb90677ce1333,0.0015395902
d19a46be48b9e601eff161f3b8ee9048,0.00153217
d541f8c0649dc8b02234b50a51d76d64,0.0015304637
6d9e55fb5502dfdd3ea25f396eb5006c,0.0015185841
c325918d7ddaead74297c350521b1da5,0.0015180852
b9fa836b8373dee0d53fcd05b3a93074,0.0015173437
35fe959567339e118a946c6dce21d834,0.0015068515
ae89eaa22849f85c0f20c2f8f937ad51,0.0014966605
d3383a0f90ecab330b4c3b2e95d14a38,0.0014873345
93d8cb25d9ef57a404b6303fe8f9a9a7,0.0014801673
b1bcfc591897a9dbd2aef5bff145e323,0.0014770053
6fe12199aea2c8954946b4f24d25727a,0.0014744562
e8542261866ca3c1cb7319c16c877d37,0.0014686696
ee14fb8c599dfeb1a078836da0c5b822,0.0014565795
afd7c232decddc2ce6d14d8c325c9b93,0.0014498389
32e35c54d9b7c324fed38902234eda87,0.0014088821
8d23a1fd23f5994f42b6aff21949a6d6,0.001402587
05533604789178932552a01ccb048651,0.0013664186
9c1b06b79a56e37eab862d7e7a27c868,0.0013646142
44a6060cc811e9be30cabfc4f0c66184,0.0013305461
4832da3783b4f39e456244f36bd931ba,0.0012772658
ffef16471292d32e64f5dea174fc2a93,0.001272234
f70c706b46edbac642f4b44b3f338021,0.0012657058
cbf92af5273a551a490176a6cc5f67e4,0.0012651157
dc0a69c943ae3fc142da33f3b81ababf,0.0012370697
38bc526d4bb7413c975d589e3ea61aed,0.0012302201
a9d9a8b9ffff242a1f9088dc2602dd2d,0.0012262868
b1e49b37f56b16404dff79a08860db0b,0.0012173649
52626755d88942c67afb7ae0ee70c96a,0.001215849
6061b3ce0b7f5f865ea5949b4c9bcffd,0.001215702
c3554cae927fee81b1fc673746be6916,0.0011861336
baac4a4a41e6cc7b07d092470951ee70,0.0011793762
cebb11a14c996384d6fe4c6518d78696,0.0011724395
f89d016b0a8d974eeb252f66399de86b,0.0011707008
ec4fab2423e1326321a3e64f0d0eb1f3,0.0011676005
5eee7be6bd820f93cbcdd7382bcbe85e,0.0011558813
8b8c0c270e3a8abe83ce423adb1807c3,0.0011485706
1df1d52282ee60438b2bb060d77eafaf,0.0011475985
69cb2d8047f178daa983ebd940b28f8a,0.0011418937
22c4c623d824a5b12dad1517ef60a8c3,0.0011313189
dc16f580a2a20b676485e90d9edbbbd9,0.0011254901
088c0a1ed8d1a0734e90b3da6b9c504b,0.0011175511
8cb4ee677f9218834d31a171d863eada,0.0011108655
5a080f65e1dbfc7b5427568bb220edb3,0.0011060725
bc8d3b45a2789319014f662e9e91cf03,0.0010809964
f15553da38ac73afb4adaa6dd5dd098e,0.0010803535
7201ba7fd56edf7bbc166f52bdf05755,0.0010650998
a08adde7c0a42ebdc396e5b0bc9942e8,0.0010641178
e1df816325d129b235eaddda3964c52e,0.0010422863
52c44cbda25815ffd9b135fc55ac08e6,0.0010197719
b70e9226028abf865d43ec732e2092e7,0.0010114673
eda6e1c9645b49eb8bff61194624d56e,0.0010002858
c8345eaf784c209e30e4a5a96c3af532,0.0009993548
c783957c4aa6531a30ace961e1cdb878,0.0009839437
6520b009069d80d2fcdf5d5f2b73d628,0.00097360427
ee83b9684a775b051140f52463c36d20,0.00096886436
076359396f91b178804cfbb999ee2d2d,0.0009640072
a411700a3afea5e2f492ecfdc1ee4b78,0.0009623391
cb55da4f828a3606108e7af217947245,0.00095762336
61cb6ba47f823bc3378c16ca8c898151,0.0009465117
7b1c2558d2977e5ad6873e75a455f638,0.00094644295
3a7945aadb70d44e4a7fcd71b9513f21,0.00093541155
312e17401efb6aaaba551d12146de8d3,0.0009307155
d5a9a97371c8deff568f60f2354dbf56,0.0009191659
e0a383a249cf8e3d71d8f164c95460e9,0.00091589993
ece1df0e2a96606028c786b83ced4d8e,0.0009143943
75be0d2fa10631fae54a618b358f95e1,0.0008907742
f018e053a7c5cd233f2103ada9b1ed11,0.00087815756
4321f71e562a2e99029b673eafd657ff,0.00086247816
00bad698838286be7a737afeb28d7601,0.00086074165
48263f7dd02d59cf666ec696f8a89212,0.00085803686
7ce75ab96fb3c8958859f64cc0659523,0.0008554394
3ecb83e913f52c5f413bf082da117928,0.0008469708
5e0af5d06b4d070ccfa08e1e33e5d95f,0.0008375841
b9cd6810d2cfb16058df4fd7b1b1e2b2,0.00083291123
ad24f728fed474e593e2f204974c581d,0.00081963086
0319d191bd80294ef7caebac74b1ace8,0.0007808727
7da3354959796dfde8cb9b8b9751875e,0.0007799016
cfefd727820245bd3088faf0c7e2b210,0.0007793943
65974cc5623c9482529ad5a33912bb9e,0.00077726063
98a575d4b312334adf59b625a8783dbc,0.00077506335
72d4be08d48e29377babbdfbddd7fbde,0.00077447476
9e1ba11c5aaa2aa5348f2ccaba0be039,0.0007649285
e32e12385bf0f6b4010e60c96c09bf75,0.0007595641
56216b6bffdcce1bdc123af44617dc43,0.00075890974
6e8acafde7dc0424d3b2c30bb9e048e5,0.0007524333
581af94a89ebb1ecbabed66ff08d3ddd,0.0007238697
7f42f38d34cbc6c19c8e983ea7865788,0.00072066777
f7fab20c0a8c69ae9f42614d665bea14,0.00071887654
9b7f6d35861e133951fd7c21df526dbf,0.00071320875
c0f9d2a858c6b85dec9f4a79b3c76b96,0.0007116671
40d1c3b3e0386917a203ef22502af1ae,0.0007108583
f04e043fa09e537b6af27dd5c21637b7,0.00070870185
10104beb05b27c0cf904721dc719f7bd,0.000686278
60585ad0efb69ccdb8e7f79ea4493a57,0.0006838146
9a579bd4a10b95d2f135e0228b7433ec,0.00068258465
481d5977111213e60c1f7952fe363bfd,0.00067555055
6cbe3c177ac90b84660ae99da25ed46b,0.0006730684
9efd8524bc95cabffa7f6f94f98b0d23,0.000647271
a952d22bf8cb448a219db36e960ea4b5,0.0006438563
847151096664f9f6d2966f5a920aa4aa,0.0006360191
2627b3d036a2652711cb7e2ebd88d25b,0.00063575344
0917059e182ab2eae7859c8f92184a1b,0.000630451
584d219dcbf4b86ec2835ef1c508aa50,0.0006271769
8e1cfbe6cdabc0ed96abea6d55a2c844,0.0006270819
2bc0d7d1e7d963d9af7c1f4c7a2718ad,0.0006256202
65910b701ca115647eabe2693365690a,0.0006158929
8d98c0e38b1b6ea1ceb1843a37d4c39e,0.0006133647
725a7d025696522083ec45318b7c378e,0.0006099463
3fe03a0b933fff7ac7fe8051d74c41ea,0.00060157455
1c5f9bc46b1ad6e76c26888842a275f1,0.0006007589
e4a95647150808c4d8fa344013236bf9,0.0005972311
e73e7cfe915638bef73459a029050827,0.00059638475
b02b460be46594ee38f70cb5719d4736,0.00059444667
f64fae89d9d25f3e988a435ce833cea2,0.00059025903
5ca1c8938a6bcbf98fcaf839c66f038b,0.000589532
becf5390e74a90a4730b01690f780959,0.0005876646
52a5ac00e2ff945924ee586ccbfa2d2e,0.00057809695
79cf5d5bf4c2a79589c322b1d3c69f7f,0.00057519384
42850ad86cd3495fb024ac7aeecfbc74,0.0005720223
267e5f1e70e7c8bcf3a858bc8775bc09,0.000568383
f1d7763a76c9a8a2761095e3cf49d7d3,0.0005602056
bafdfb461d956783f1bcf99e07c4b00d,0.0005570715
ad2ee51673380cb46c0e667bb337acae,0.00055500114
0d93184dc6adc31bd49443af118410dd,0.00055432913
a025538e74cbc8b814eeca704c50421a,0.0005538185
7a6ff16e8121b5cd5966afa4524b8385,0.0005527413
39754f197a433d7729bda6c10113f6af,0.00055017514
ece64f1dc51f61dfed450159505da85b,0.0005456379
f31a143fbf83a14a420834e8a3032535,0.0005408932
49ffc977eb82f7ff11668a25fd64915b,0.0005396218
f0853bf14e74a636cfefd9eb416818b8,0.0005338
63558e48381975dee0dfd74563a81ce8,0.00052521273
421e056fc4e19a030c7deb081876618c,0.00052036176
e7189d4c1594c307a05797a728a5753c,0.0005192843
e63a83857ff62c106f99adbdb89e6ddb,0.00051845453
fc6e2c3d530150c20032627b6d55b8c0,0.00050125184
939555d7c3b1a7bb940cb84dfeeed4b8,0.0005007733
cdf8aa2443d6096d12e411821f54c967,0.00049732765
cd46afaf6991074e4e21d56bc2fc945e,0.0004950141
90107f09080b822e544e5cbdec68001e,0.00048787956
1da913624f4c29a7e9d42a5884668ddf,0.0004875817
792b772ee7fa478cf82c53256e14742c,0.00048073067
9fcac5a9f9d1b88f0b907157154d8dbf,0.00047814279
8ddfbd106b37bf9ed1bb08618694f0a9,0.00047513828
2b5b414e5f719259e08fcd2dcb846520,0.00045836912
5a7397db7830ad460c93c03d7cdcbde4,0.00045082427
17f0006e275ea7d930f014555ab0e8a7,0.00044243253
7dec6f18c325ab19721b76f3752a79b4,0.00044040187
a12d67b5444a356bebdd247ac0b5f83f,0.00043825104
f10bfc9846430812cf7380d8f1f27576,0.00043700956
103218a26a304faa59641a3187094f78,0.00043059594
8b26e69fe01c9fedf9e386ffd42ad0aa,0.00042743108
0ae6cedbecfddc3a879a5f880ff80519,0.00042412785
0731f7eb0511f9c0443bb32686476b79,0.0004209389
98eadc632ae70c1d934f3809b81e7d12,0.00041951318
0df4bcbd0215cf2905d6a56c62162006,0.00041785013
3c5240bc0610a6ed8411591594c3ea67,0.0004164896
c320e33440c56f22cd079403e682f98f,0.0004164318
16cc2497833ec315fce020c74c525e2f,0.00041184298
dde914b470de75a5f84ef8903e1db9e8,0.0004106114
f03216fd5058c5555bd69722101b4588,0.0003967776
eda3f9727d763c51872c9f76521ff270,0.00039168017
2b69d9c9cc39305b8b754254e70c8354,0.00039078924
6cb33468a58da93cf46484462e06f200,0.00039027695
dd82e943c0283669103dd28676f6a72f,0.00038169936
8fea417c5e652f874b3e5211ae85ac15,0.00038148634
8e534ca402f2438163a940c582cd9748,0.00037879887
ecdfaf9d04160f44deb3fb241c3c595f,0.0003784211
12f6af89e834f11084b60001192acb59,0.0003674104
570bd2044b46bc840cb25b38e74a88c9,0.00036433298
d50f999a402d5aef8d4f8985782659f7,0.00035588245
e9f4e4867908a63f32af9022c9016bc2,0.00035241115
3cb8fc9316ec8b79d1e47035f9786fba,0.0003511908
05dc553778e88602e7c984efd9c48afa,0.00034739493
8dd9ba6194b1cdf44fef8f3185c52198,0.0003471798
e69aefbe6167fa4bab0e88e4e479657f,0.00034369022
375c1e195ca7ce8e67d29428cc6318da,0.0003424629
d6cdd0cfef0fd81a355c464d49e591b4,0.0003408544
7b1b8ee531960d93fe779e6f99f9c06e,0.00034002014
9512ba747dae58afe9aebab0510ba1d0,0.00033834873
d5f5f033aff833ca30f150ecb734aa8b,0.000334087
7cdd07ac3d554b00ad55d9556d04dece,0.00032333616
11e564a7d8b53452b6b5b51a96dce80f,0.00032222967
997efc437e2da8c0529137a20153179c,0.00032051973
345739ec77bc7b91fb0c8a797f079478,0.0003202945
011166037127d8afdd94de49b8f8f9fa,0.0003142946
f606d9236a533dbd84ab141c251a72a2,0.00031222776
6ce3a66fd8c4416ac8c5ccdda82fbc76,0.00031105924
f0ed1da3c948f433b06c2e65b2b1b9e0,0.00030873856
40c72206bf746e86404dce1216693191,0.0003078945
8f3e1233dc1853daa0dd60f1c88e0c83,0.00030615178
e706fbd255b4430b6b9be0b65ce68a75,0.00030364317
febd1749873d48ee1c3be359c118022d,0.00030228085
b21c738819c03903de63a454f9e98660,0.00030077327
1159446b320ad03aa16ec2661103d9eb,0.00029950732
c49b2d46782263d409a5ed69e9b6ffdb,0.00029550598
c7523728b5be89162ffc96b1fe7d7d83,0.000293818
88d9d2abb7682a19caea2f85b0c83952,0.00029224926
b3f737c04173b0a3d38602fade6114fd,0.00029130484
28fce591e1ff862836e2e68095f087ad,0.00028801695
480d1b697f3a1e2c7198526e5067cdba,0.00028653574
78aee6417675571f24e1d066df7aec48,0.00028625652
f73196d6db33aaa9febbe05a0e104a6e,0.00028619842
18b89a04b77fef5d50ca0c69414dfbcd,0.00028158023
f62d0d8c5f5c1ea79be2a8a1bca1a0f3,0.00027026367
80a06bab8bcb19bae240fb918e3f03e3,0.00026863423
f41fccdb3d069de70dfd880fc47cc501,0.00026719293
fd935e6d306e7b75349e4838a74018cf,0.00026517236
5fc5768e12d00be9e2fc63c1b641f3a0,0.00026354406
6daeb4453b29d250e53a2789c55f8178,0.00026325387
400077c13129b6af452121fec4ef1da5,0.00025790048
e13fca8ac3e20c666b8bcdfc2065879a,0.0002561961
4ba45209aedea81e1ee5cac290852b46,0.00025526105
8ebb3dcdaec090a0e2e1828082f4efa5,0.00025415802
6f84a6b129a82c9d3382af5a160c8f90,0.00025411358
b1d1ba34c5f759690c54b42f75534e42,0.0002520498
d47e8ab3535fe29de7c18e41d3a777d3,0.0002504376
003ca3563d0b12cc0b493f74f1e8613a,0.00024924066
8f710524ad778dc378dd99158c9283e7,0.00024877625
ab4fe99ca91285786b20ba55b1446937,0.00024762648
94a610e9902723e9a270a8ca28e2dfaf,0.0002467062
5f7e9cd09bac4c9d75f82d68bdb65137,0.00024543414
601bbd97bb10ec4629695d7fd37c7629,0.00024493458
763650adb6c3331cd66b84cbdd42867a,0.00024072305
994aab990497c9fc59b38af6538fd50a,0.00023796364
e9125fa1b4b62ed142d08c4987568910,0.00023675889
1f193894fe2b0adf197fc18d52d738bc,0.0002247053
4b6bfb1fb11c280086d1eb3dbd45413b,0.00022181896
fbb9ae876e0dda9e88fbc0b2531c78bc,0.0002216722
42f08587be6ebbfb7521ab108f741d97,0.00022123619
6f11bbc1de6063d89e9a32da413b39fd,0.00021937132
3460737649d9337b6d16736010e0944e,0.00021884225
527d4d56052dd1486c36a9402f462702,0.00021878598
2eeabb9878d1c2b969767df7e6ab90ce,0.00021626722
201c650fa1c33b861e5adee53ae37d6e,0.00021471897
e80bc79d98c094665d3f60a175702935,0.00021387836
61cd8d7c2c2801aee089f0ad8fda43a3,0.00021366517
142c06cd2d68629cff1c34fa206305f3,0.00020699055
d14ac50d570c21c9fb546cfe07ece233,0.00020573403
be5b6b3c76a4566c54f5c6b504554208,0.00020468637
26fdc1b4f1d0354b182eb5f490f4b387,0.00020388134
345f7ef43c8358baabd6a9795a13373c,0.00020322223
2f0fe2b15733625c90f52154a3020eb2,0.00020241806
670d783d21b6c519c4859b72f0609a75,0.00020013661
80c79cb803f6fc06f3bc4c3417d12cbd,0.00019991287
85ca79ae671a3ac8b28d3cb0d2be6055,0.0001995797
c9ada848b9503985cba2fbd15bcabf93,0.00019855809
e511f721b9f8641197d9094ba06d14df,0.00019751012
c290bed651388777c263caf39f8749c0,0.00019738484
126deefbc4671d7004a3a36294033abd,0.00019710264
97aa2a780b0ba5448aeb314ef5ec6d31,0.00019344961
651e7e6df100a6a4be0bb9170b1e1d5a,0.00019246593
2a97634364a61623a31e204331427a6c,0.00018918565
19efee14e623c38504e0d85563ffb50f,0.00018885097
9fef9b76dc2bff231becab3f97ba6456,0.00018751223
1d7d0e45601c8c2ce2ac7f17692013a6,0.00018582912
a5657494e1e843e88c01d53431e98744,0.00018578209
dd7f5b773d0b44d5a98cf3bef59afd39,0.00018490638
56b05ba3089f4a49bfce4a590dca8467,0.00018486846
d6cb27c7664e90d49ddb8cd718d1b4d8,0.00018435695
168cee43409a46c358fe903207a88892,0.00018210974
4216924559872038c47f30d241cd3e5e,0.00018174708
7e01f2566cceef2e60e9ce81bdb69f23,0.00018160921
e48ffdff6b2b8b99ac1b5edf4207f146,0.00017942481
4356047dd6a4c8948e945fb406396012,0.0001749745
5cc3a74316dbff873507cd8c53c1974e,0.00017465003
ffdb76def6789a0745f6a04d006c2550,0.00017452799
43a002d09207576823da5f1dfec222ab,0.00017431307
a7ce2609477686b88a28e43cc58d8311,0.0001724971
e9392f9ec187dc3b1189bc32d29dbb53,0.0001712414
86a59d69b37252e1219172ca6549b040,0.00016676457
53194a5b0b8ce68eda66cab99fd6c83d,0.00016563633
040fea50e994574459a4a3073629bf78,0.00016343928
e9e22abbd40727072be0d652e00e3e32,0.00016155807
7577f30377afc9a5db4444aaac083971,0.00016147211
1cd4abeeb9c296c03881891280ecbb28,0.00016071754
8f20fe15dbe0f4556ef1681aa13307f9,0.00015989158
bb9098a0b580196ba6710e8658a9c8a9,0.00015908707
b5ffd4baed52d0a0dd6ea171a90fede9,0.00015884485
5c33edb9acaec7c44d135e20968cf834,0.00015583872
3d75dbf55cb6c122fa77a4e7ff3dc8d9,0.00015540107
d7e3ff2c35c8581d9ba7a35b5c101820,0.00015369615
03058572367c94fa73ab9519e5ae38c2,0.00015018957
abbbdb152ea8b9a00f4ffb99227b9c4c,0.00014762703
528a49bb2c3a96b666962f5067b6c488,0.00014603576
316787dfc8d6df675d35cc4f47ce0488,0.00014350394
7974a63fb4411a27243cdc877e909181,0.00014014724
6d9c521edaa6cada1c00dd383fdc9f12,0.00013863131
36428dcf28c9fe5f3a9536b9097102d7,0.00013804328
ceb9cf9072959d07948e0ac17e12095f,0.00013526744
9198045c338eae1ac4dc0731a9d36689,0.00013507319
66f4354f653573a47764f3c6155f2bd8,0.00013484304
197b7783f6ff80620a6c7f08c970d1b7,0.00013463813
e5de3c63d27575c55b2e9b85823a4c14,0.00013354036
3025702a4a7ffacf04688fac69052be0,0.00013244402
54c078529211e33670e28519b82c3fce,0.00013071895
2ca90358a5155a1ac378d6577c5a2327,0.00013060016
c2e2a3fb634ff400a582c0aa20a4d521,0.00012957158
b5a2973497b4115d4c7c0e2c96384337,0.00012747418
6d02fddc2bbec2112d7dc0c02e05be4e,0.00012500488
664771c2362ebff99ea1ab285d81b7ce,0.0001243647
5752c457eb70cdb1ee46ac594ecc68bb,0.00012349914
943d5b2ab0f71bf887f31d6300ce761f,0.00012291135
132f726cb935abf8474e05cb40557132,0.00012124434
d1816e795b7d6f4763365264921a63af,0.00012121212
2936f4b8ddecb50ef9d452423d925664,0.00012113849
8fca5b3ad7b4fcfa37eeaaf26a3d9b6a,0.00012113849
aee508868def7e9d042f15306a38e4fe,0.00012084702
5b59d7d40643605df9047eb434df5a23,0.00012048192
f9e5fbe8cb57581e795f8b3c51ee879c,0.00011875933
c606861e3343a6882f899cda29f6b7f0,0.000116225165
8ecdf08d36bd5f47e24ac4bfefae11c5,0.000112806716
f0bd56cf60ccf3d2d075f0986ae183d9,0.00011241576
a68e62699caff4ce8b9066d271819151,0.00011173184
faefcb352bee68ebf4a255f7339c0e6a,0.00011142858
c098450ffadbb6251d808647f8391adf,0.00011080662
460da16f10049ada31abf808cea7f18c,0.00011022286
7de20b27a452647f99424e2a5b0c2d1e,0.00010862343
e03967f327dd94ecdeae61bf32ac5d96,0.000108388245
0088df9eaa07bca79e27f8e273c1b4d9,0.00010816045
afd51fb5b1d6e62b5ab020e6264506b5,0.000107456144
27fc5f2cc98b5f86511b176000e68289,0.00010730842
a97b639502775a389298b6299ac65d76,0.00010688633
6d2f294508e0b74f272d98d76eb18e1f,0.000105024614
72e741f5b552938cafe8217820433c3e,0.0001044434
b29eeec568a7fa312a6bf24c4cb1c9f8,0.000104437226
30366d043495bf3e03d2326b38efd27d,0.00010272013
8fdbbf5942aa5b54dd0420252fb7e4f6,0.00010172125
f203a0634e45ced067dd89ea5b669656,0.00010069855
b5c55c43f1915c7775e95efc6cda8460,0.00010013461
bfd88a15182843be8f7f7c6bfc0c965f,9.722878e-05
bd5247d061ca00ab025168628e0567b0,9.318182e-05
b189e92b5f8678750a8c10d2f2250aab,9.17587e-05
8a1695c10fd00edc5fe3683e59a89171,9.065721e-05
20b893b61035d40a3cdea3d6c47652c2,9.032425e-05
e5416e5a04e38d89f2b01dc8495f2d66,8.993276e-05
9c277c39f6005a837f5c4355cac1d6da,8.920163e-05
bf620df207bc7d24e1e9bbd3f1021a37,8.835264e-05
e67f632f49c2774940725f1f938d2659,8.587156e-05
530d4302f3d0034208264d536cb0f4b0,8.410577e-05
3cbaf7d9aebc8fdc7073c3010b61d4b1,8.3869214e-05
ecc28d19655c68ba9645e627115a1f34,8.375153e-05
1afde3fadf3d11a78092a1d2d19d5d97,7.876765e-05
05cd1b9e92fbe86194d891404c3932cb,7.869369e-05
236b454df963ed4feb152bb8a18bae92,7.8431374e-05
f6bab51d0d108fd90f06e7a0ebe04cf0,7.734724e-05
dd68d1a35f5c17f3fdcd9b64de95f10e,7.462686e-05
3e6334505ea8b6ee58958f4638d4fe4d,7.424658e-05
4b95938687b60d2bcda2bd41beee1e78,7.246377e-05
17e8d3ec49e701e0df71e3bbf1153c3b,7.246377e-05
a57ab5b1a7f0629091357c0ea519042b,7.165409e-05
9fee08073299c5408e1df3dc97dbc7fc,7.142857e-05
4ae44fdf2a8a3e306eb8acaccfe28513,7.142857e-05
08b190cd00e945e8d59cd2cacfa74203,7.094429e-05
0e8a893a537d1794a5f543747f39a9fa,7.092198e-05
4d4fc973df39c4e60d664c2f331cad43,7.092198e-05
b4d0ef3f7a666d6276bf5c28db276740,7.092198e-05
2651b4213bc3989d9f2b3554aafe7d0a,7.092198e-05
85863021f92bdb2d1d1b8b860c0619f9,7.0581045e-05
aa066b2dd44c786389ba510f11ca796e,7.042253e-05
e01f0dea8d5a587649db5d980a824a43,6.896551e-05
63daeccbd65dc7406945da4c48ed9df1,6.849315e-05
be44370b70a178b37b250c0baf71289d,6.849315e-05
d4268a777a9fa5ea64e07ec15a49e86d,6.756757e-05
ab99ee5df5064bccff6962e597990c9d,6.756757e-05
954962ba5bbf4fa162f7635ad1295740,6.756757e-05
10d088349d9596559807fceca519306d,6.756757e-05
dfaae5536a4e9422d8e850899a5f94ff,6.756757e-05
96bf5de4720937ed8195c21b1311a747,6.661364e-05
e9d85425b458d75f029e231f73c3912b,6.622516e-05
b46e9fb6298942b824fa56693a0e4b90,6.622516e-05
2dd0ca39e6fc1079dc447b3ee9f1f9fd,6.622516e-05
3a1ecd721ec185d456ea584e8c6c9f27,6.578947e-05
03b1e6305293759512583526daeed56d,6.578947e-05
88dd48bccf59638a65b93afa96569ef3,6.493506e-05
aebe9045d81b2f04ce6c159a4040a7a4,6.493506e-05
9cfb0e79f2f860f0c6d0f7eb73573502,6.493506e-05
698dbf715fc701f768c6db52228092a3,6.369427e-05
ec85f05dfe8056516ddbdaf2eed4f02a,6.333771e-05
b8bb44cc3227d729949c2ede6936cae3,6.329114e-05
cf2d607527b391dc29eaf11f607cd089,6.289308e-05
71b9c6f7626d1f2a9dd877d5e6985682,6.289308e-05
624bed7fb4ac2e20109792b933fe6763,6.21118e-05
428cc8bffbc4058e33642ec19e8aa00c,6.21118e-05
c8fa50c505638219451ff837cad02696,6.1636936e-05
437189b3b6207b8eb3d92706a35d4830,6.134969e-05
9fb1e0f70e3dd0697a031fc61b00d323,6.134969e-05
fb1913a8492e86f4630843a0e0828474,6.134969e-05
8a8d876e247e4769e34222f4293a2cd5,6.060606e-05
990e6a27022463cdefd3f7ff6b42428f,6.060606e-05
3d89c0f551cc1d54c9f4a4e94b5e2cee,6.060606e-05
734cabb9bbc78402a3374c06556d9da9,6.060606e-05
c7c6847504dafc8ed1bb1c661608cea6,6.024096e-05
39dc3b3f65311afd334f9e3c096acde9,6.024096e-05
21e9d61284d724df920628fb27e2fd9e,5.9880243e-05
e02e14311740afcaa8d4ed999132ea32,5.9880243e-05
29335c791ca349abf4d0235eead243b0,5.952381e-05
ba9e145a7cce87eb9de76acf589a6e58,5.9171598e-05
ad18c7a73842069dded9ba9f83509fd4,5.9171598e-05
fd26386b0185a5772ec0fd3179b36f1e,5.8139536e-05
90f63d1489d23090b29eaef6c2b75771,5.8010082e-05
755a84803f4962242a82b0c618a4334b,5.7471265e-05
75f7edc6df7b51f7ef8a43f24a1edd2a,5.6818182e-05
c87fffc25d9ef5a205aa70078f47f700,5.6497174e-05
d7920ae9ca82cbf7cf0339d3c6865aa9,5.181347e-05
064370a3b54d41a9fab42ed708fb1ef4,5e-05
46cbdc46beb32c5fb9260ff5f21a722b,5e-05
4ff17e5d8a54f820e4806522f3f8c5fa,4.8780486e-05
0d5d5b04a0093144840cb4074508feb3,4.8780486e-05
41661af3cf13e70919ea66f34b1fc693,4.8780486e-05
be00a7674f9e7c55ea924adf8c93b29b,4.830918e-05
1ac8157543e4e9f45d37ae0baef0a13d,4.830918e-05
67bbda281f031d72aeb437e5fa0e26d0,4.761905e-05
d682e44be99177bd4074b1243424a410,4.6511628e-05
aca8212c6a5b187e6d5162b12815af65,4.6511628e-05
7bc892109a1e4aea515cd5cd594b30e0,4.608295e-05
fd2e01268ae0767e91ae858a7fb66984,4.608295e-05
a6aaa187dbabcca6d62b0dbdb99d480c,4.608295e-05
9bd32e89f013432c39b8b36ea80a38b1,4.608295e-05
bcf0c61108bee6c97bb83a0f8505a456,4.608295e-05
c527a7c058320e23e7b5a32032f6b4da,4.587156e-05
635a42ef55ca3126f7c8842ddca3c495,4.587156e-05
1696046fb89018a9937fbf2511b63d54,4.524887e-05
d235e575d8ec320e6de26c93d8236a30,4.524887e-05
7384682cad4c7130ac66acb168bf0caa,4.524887e-05
5b457624ba4f2a5a1c468eb95752d91b,4.3668122e-05
e763a2bc6bb17b90fce2ceee1f981d74,4.2918455e-05
2f873cdf0d3e0d3a5bf27b0971eba37f,4.219409e-05
32db9d93662c42aedba733c4dffbe260,4.219409e-05
f12d1454d00c86a153971da819f88a18,4.219409e-05
2fbc912501875133dae565a714e3a5b6,4.1841e-05
63e99fdb3a91d9a9122a025094a68007,4.1841e-05
1126495ba0dfa1dce51f913209f14f98,4.166667e-05
dc8d847b1f46fffc6bfe1ec0fa53d2c6,4.166667e-05
c0c17e145e17dff597da6a4397d4356f,4.1152263e-05
6c0eb6df1f38f024afc1034a7993a5a3,4.1152263e-05
f35bd84c06a39daa1f9736380ee774cc,4.0983603e-05
441859a27994c1b2669aa843a470e388,4.0000003e-05
4cf8fea5aef9b5418a428ec5a6b44db5,3.968254e-05
a330237feaa37b164be80381d7ed0cbd,3.9215687e-05
529cd8ab1ad3926a16598d8ffa5c6339,3.9215687e-05
f9de42bd3e96263ede2b1d0dd1d84124,3.8022812e-05
e76e9835005158b53dac4ae3af6a441a,3.8022812e-05
ee532371216104c51ef7b28048b8e28f,3.8022812e-05
88d00861690a34be09f2e08378139ca5,3.8022812e-05
849df82d1d47d5cf160c15e11ba815f5,3.8022812e-05
3690eb84f06b616eb2c82e700ebfa0b8,3.7453185e-05
9154257e38f3ace4e103b417878501a3,3.6363635e-05
00d477c72ee2a352857c540350c6abc2,3.6101083e-05
06682ca3433b5229b692986d22e160b3,3.6101083e-05
217fb419f9b2681f9f6ac7804c98ccb3,3.5211266e-05
3bfba2947bbc4e82d0280b836c42919e,3.460208e-05
679a27ab185decd40d7521197f887bbf,3.436426e-05
a580461751503c1ccbf3a52e57fbe8a0,3.4246576e-05
ac73bb13f8722c8bb6a1fbf9f067b206,3.4246576e-05
4b42e43dd6c16be21dd10fc91c159e13,3.3444816e-05
40e50ce2296417beff1bb1a4e0e6985e,3.3333334e-05
7e3e9a4b84686abaaef8ccb863a7351d,3.3333334e-05
15537619fd8d432345ba2317c9f5ec61,3.1152646e-05
809aaebb8f3dd3c94a300ed9da413787,3.1152646e-05
a31c17f4c0776ab1ea366766cd2ef846,3.058104e-05
d6e183416a75d99b498618a5bb786727,3.003003e-05
b17de648f23ec6ef1f27e9b6640b1069,2.6954178e-05
c3110f8098924faabb12ea2dbfe2b893,0.0
682db040fd81d03974638f67301148b2,0.0
277f64947f92fcd6f01e66ee01514c02,0.0
e177848936e69583d2207935638d7d21,0.0
8c722f416c6c1308a398a080a1331764,0.0
2c20a53c34de85c246a49f24e7732850,0.0
5bb4f2f67d7d65f82c46985c5e2cf8a7,0.0
3bfdc1bb2b79e5c357b306cf86db7553,0.0
92eb88d885a0d44133dd9b52ee251b0e,0.0
8121e654207faecec0f7dd4005d05a3f,0.0
00e57fcf232f1e7279d7cc2c87fda27d,0.0
836a023b5492c3ddc0d5e28bab8981db,0.0
080eeae255df4686e2654d9101f3abd7,0.0
ee9069cef75ded0f9b37983524d86dbd,0.0
d0d80c3c82d345c03d3f894a1dcc35a9,0.0
0d213782def4a7b3a21534cf5ab367c4,0.0
938e67172a707ef40da63d81c919f5ad,0.0
677e223d1296448f73992ef7fcc17c09,0.0
fb206293c74f47816d2f6211b09dda0e,0.0
8a7b3eda046b47a886e341532c82e895,0.0
7281787c030d5330445923b19d1c7a8d,0.0
614ca04eb0cfb532da75e19f226ddc30,0.0
d31a305037e6a30f9be941c7007d6546,0.0
74f1645bd9acd90e037100556c6bb01f,0.0
66e71fcbadf9cbacb869a18b40506152,0.0
a2cfe52e238bcd9aae66e49062312d0b,0.0
fa9cfdc56555ee8b514c49a8a2dab204,0.0
b43bc6fbb963a065c26499b007801fab,0.0
17cda1bfb1e31d388cc3de85502001cc,0.0
e17e9db652816fa7977d89f8ac8cd9aa,0.0
dcaad611ec7851e821bc326cf0725c1d,0.0
60701f81b388adaa2b0fe7bef3acfcbf,0.0
2fc67ca46198b92f7fa9c57819ac480e,0.0
6f6e73c6685f075ed238291f8468d6b9,0.0
df7396b9a5bba35221eb06f548214c54,0.0
abc996aa31d57d97e412aab7c549ccd8,0.0
22ff36616a9173a50da867cf7259e0fa,0.0
a8902fe384572bcab1fcdd844f8adcc0,0.0
679967d8a0dbd4a30eaceca53542363a,0.0
d0003fcac2fc24b6972231e29e885bf8,0.0
794325d9150195a547b9a0d5a2785cc6,0.0
55d7c3c02fefdff703a68368fdbd7966,0.0
50a9c5f163ad7ea86a7dae4c85cd2174,0.0
05a3c57886f6cf9943ab1e9c030a3bbc,0.0
7819500cb36f8c2529def5bfaa4d67aa,0.0
66dd9f59266c1374bf911d7d366ed1f8,0.0
878dc0ce16b33922e33947ff5555bed5,0.0
fce1ac0411e4fda273e3ebbce9e6f7e7,0.0
e5e58e876117649f80aa6a0e0524f0bc,0.0
2e44df2dcb55824649b6ff49f449cdd9,0.0
f37736cfd2d434346f446b85cec0cbae,0.0
08aadad84c527b953b4de1e513aeaf8f,0.0
dd72b31a4766bc4891e93c25479d1206,0.0
2cfa7365d05cdd481908bcbd128d9a7f,0.0
de87ba7f3107c3da23de6462fe780ceb,0.0
d5ec4a1c06e07792e6e08f883b41e773,0.0
b8b98d63cc1549c0809940f16529bd6d,0.0
ad954d3a251af34fc4cfc1fe73e49563,0.0
be6bf456136eafdb7cc7509ae6f1ac63,0.0
4ba1a51c50920164a55e9467c88c0af6,0.0
6f61c2e87637aad7ded93d3cd424aa75,0.0
04793ba17da447194604935e58e06d2a,0.0
f2c9bc27b23aa3b3871b9debb4decf6b,0.0
a8ff483beecbbd6d3e6bdfa41f1b3947,0.0
11925330afc981f811eb2ed869e01965,0.0
fb6817030178b550f538a1e1c8699f16,0.0
dd05955f135f1aebeed57a454443f2ed,0.0
9a38cd9373dd52f9d51de59b32a02163,0.0
b1d9bc4608c995ec36ae02e002f8c454,0.0
2aaa1d7e28f59cdbe32d2b9da17280bd,0.0
7b90b81f2285f9f9e2be93bf576f8f8b,0.0
66530156860cc8adc0673f262f7d7103,0.0
d61b3319567ad4d270e075bb66bca7ee,0.0
695e43a10a252c1011c4d94d6ef6e4bc,0.0
aa570966a2a1da765a4f593804cb8d77,0.0
811cfc66c71ed5dbcb2bd5f0976ec45c,0.0
6da9519c9cab21cd859e0df7fc66b007,0.0
a3cc0d0576f2b6ed1d52a880b8a79069,0.0
518b7f6309ff81a410367d6128250e0c,0.0
dd4c44c1d42dc24b41e546048df40a6a,0.0
d01df8f0f4ca4f61f042b694920558d5,0.0
4c829741420b59f10aacdd6fb623c4cf,0.0
e758b6f9b5bd6853570bb742b5efdbc4,0.0
e4e9f756e97f3b14e06fa74dfd6b4b59,0.0
757687ab8a5cc42b7093ed70712ce661,0.0
1760ba1f4826fdd9c34a51ef7bfb1a2b,0.0
1b9a8b9251476eaf38f85f35ed9dce5f,0.0
cbbbba88943e578706dff53a2ae8ee78,0.0
beda512d919127d7e95ec5bd9ddd1dfa,0.0
1685c1e994ccb8862686f2ea9ef1eb91,0.0
7ef5107971cb2c76f5e05c649a4d1a23,0.0
e9d73db89cb524289ae32ae0c97dc04a,0.0
97d53627c91ecfed1430feafb0d27b45,0.0
d1967f3ef18c67afe009ab3a17268795,0.0
fe489f228fab2e4aa07ec00970b35cf4,0.0
471394599b9c4454d80799da247d61a6,0.0
a45fbbc09cc7542777626bdf2aae5dae,0.0
881f5014d9b1fab5882fa5f0771d1700,0.0
169ecc5384d0edfcf2c532d4a96a2c02,0.0
08bb9eb70ce9b02e600ed725a95686e0,0.0
e07bdd2f13e9d2c35ef13d139a862dc2,0.0
673f120752c1e75a36f65364b1e53cbb,0.0
7c0dbebeaff72a81b8c960e4f8ecec67,0.0
e14d15eaca0b7381814d3e4d2e412431,0.0
e6cf76a079b13d7fb8d3a12385920bc0,0.0
4f375a01c9f39b3f2ad416a12b8ec577,0.0
974bfec08caa0d694aed2f4266758a56,0.0
c9c104ce0948cd5ef8abe64625f68bd1,0.0
c82eadf5a425d1c41af867ee91c6b644,0.0
694fbcf11f0662f763490aedd9b80660,0.0
5bf04af9d64a09ecd8e6c6de26a211ac,0.0
f281769d7c2865546d72b7c2a319a603,0.0
0c0697ab7edcee116eb05648b19f6444,0.0
8411eb762a667b25de85c709b149a69e,0.0
cbe76422a888df2651d3f22796ace513,0.0
5f1fd906c948d708184e9c76616d8e9a,0.0
817b7fc30f0e336e8f8f15543073a8c8,0.0
69b787bb75170152c099b2b637ac0222,0.0
ef53138a6737c4d67439991cecbbafb6,0.0
91262aadb0200f0555dcdf979f76cd31,0.0
bffd2f9b40c6fadfe34baf82484e4580,0.0
01275fdd62797759e0257d54f1898965,0.0
a2ae4b833315323acbf6943f317b810c,0.0
7417bb610eb81f6997c0701910eeb97a,0.0
171e4dc173b57ed0d2675aa21b783393,0.0
5b9506d96c1716c0c213672ec4154b84,0.0
50a5b06d1f98280c851239aa6de501bb,0.0
ac19b47007a7003df123d469e11a36f6,0.0
972d5d8c2a8e980ce468536e3d2a465e,0.0
f86116fe6573061ff7d609ef824b018f,0.0
739111345371971acd05661839bcfd9e,0.0
fef9323e680e5dc4ad13b81a75488a4b,0.0
57ecf61d0ae3d7f99908f8f9c9e5bce7,0.0
ec546b42baac4b506072c90f7c135201,0.0
93df9c9730f6eedef8b6d7c9db71577f,0.0
d1bffdeed09b6f954a180974f32a90fc,0.0
0d50e5d20c102af48913ebf69729551e,0.0
472ea95e11bbff997ced2e49c2b73ce2,0.0
bcbe85bd3a36f9d857536657a98dfda1,0.0
f3ce1bf263cf09032cf8862a23466d29,0.0
e07eca474d146a33e0e4dcd42b22e230,0.0
371bf8fd89a78cd0702e9177d1fb06ca,0.0
ac8487c2be495001dfac749a66e5fac2,0.0
859559d3889984ec38fd723a7c634b02,0.0
51a58168e326aeb5e4983571e2ab281a,0.0
687f6d1d889275fb81e3ec74884275b2,0.0
f99469d3dc0821ebdc509a1675b4154b,0.0
1c6b243a637b35e6b467da17e1de3343,0.0
f629b07b53cb9a081f85cf454e40641e,0.0
949eccca703be4e34ea35032acbce8df,0.0
c64cb27451f8db3d8e36ecab8304f811,0.0
635f9b62dc86e14b4b69ec0d28e0a2eb,0.0
d138686208f15573d46a368286e4cc0e,0.0
66a6a9cc385e0db55abdc3ad42715ab1,0.0
320519add3f5621ac75bdea02e009d6b,0.0
aa32978164d7a200706f37515c2aa3b2,0.0
24bcbfaca281697029d5506bb5c14a8d,0.0
435f81cee596ebcf1fcbea06a0554f66,0.0
8aa95d373cc7f4f25c9510ba30855d6c,0.0
462d9511d325ecaaca10a1c7d59f3cdf,0.0
7b1b74bef500d747863c3174bf47465b,0.0
5682eab378aa7e8e83ebab5b64dbdf66,0.0
3854bc4513cdd2fb539ab334c39074e4,0.0
48df621bf15bc1780f3aaf355ead0ec1,0.0
e07f01f58de803511b6802c66b1f3f8f,0.0
07fecc2814c0a3613d59914fb111a135,0.0
44eeea045ec93c7ca6dcb5eb8264b411,0.0
31ff8824dfda84a7ad649cee7c03326b,0.0
8a07aca7b53c60007a49c8258524365c,0.0
9f09c69b1e75ad235cd2f92357f52e06,0.0
3f66fefdb1770929d8c147a9fe9c9a25,0.0
15ea6496d07919d87b961cc893d08efb,0.0
7c37178eb2061952cd4947903c100f91,0.0
aa0a2c798d1d7d857004df2e584cc285,0.0
229aa767506bbb723e72a5d524de0e14,0.0
3f74b2df82e477f6c58ca619df23cc79,0.0
1dae2b7ddac2244ed621959bf1115fd1,0.0
d7da0c800795c6add79faaa71c9eff13,0.0
b61a86e03dcae91f596bc63bd111ee19,0.0
b0735b943e1d77830d902820368b6bad,0.0
95d9eea8c73fed426497cce0a03fcb6f,0.0
c0a668539aed8d4686c4bff3f9290816,0.0
f92bd27973c3d7173906871c2f052dd6,0.0
dc9da787413fa8b054e6396ad1b0f65d,0.0
9a8ee9077634909c3f2a7aba809a219a,0.0
d249689b7cc8cdf5989156e6f27c028b,0.0
07626638de8e42ecbafcaf2567616321,0.0
19071359a402b9b51779d559498d34f6,0.0
fa71bf0a3e7de0a7dfbeea3f1e2f0750,0.0
c2fabf0d959e90d36538481797861f22,0.0
7db74010ee666b70ed015fc31ad54aba,0.0
e70c893715a22fd00c3427a61c4d3e78,0.0
170571512e0abb014f5f1eccf0e2b99d,0.0
a42f990ea665685cce589fae973ceeae,0.0
951c3a74446b173a7913c84d5a654216,0.0
b7a6396d9d63326dce76bf9c6322642a,0.0
1efdbc9d938dfd23e8b3152bb1565eeb,0.0
7cd17b7540283ebad1fbbaca8a4ca0df,0.0
9884297f3fa72064306eb897bc23bd9c,0.0
87ca293559339b8aba3d0f0b93cd1c10,0.0
ff78dfdd58387896c4797ed4041d6fc3,0.0
c7bae8af5bc971eefea1544177ce5a9c,0.0
8091021df4298d52bb2835cdb894b3f1,0.0
b44249971c2e8d02b106e3745305bee9,0.0
10733fdb80cc164315b5c357bc71038b,0.0
42ab52a4004e0fef423bd6a66158fb14,0.0
92e61a13d80333d06eefe8ce72acb1d8,0.0
3d605aaa728d4b3ee9c8c08a0da3843f,0.0
50187be4848a0b25c55286fd4bf74a17,0.0
f34b3418c8c75a41f9fd0097adccc5f5,0.0
b27ba88b676bd5dc592a80e220ed2414,0.0
7e864eafeee04f1c47c01ace1f6580cf,0.0
a239bcd96b79f041effa00c20b97b1ee,0.0
72158ac5415f8e17badc6ded8a115c16,0.0
3aa14e6bd4dce01f12c7356e43e4eef2,0.0
71e87e8af2d4b4da45d7a37d8cfd0490,0.0
a24f53ac7f9511af4229a581ca04cd20,0.0
b5d1329292a6a39b163e2a3973102819,0.0
3451b21369bd777d17051194b8503b83,0.0
7bf3912e2ea118180b8928ff907142bb,0.0
f677d6a9efeafff87a7c71e3c3145071,0.0
661cd42a23b485e6a335d297a7c70918,0.0
2ec5f6349fdc0fbbd482e5cfe81929fb,0.0
5987714af68eadbd1056645b5a9f871c,0.0
e6ab35c480eebc43122a2114ca21539f,0.0
824ec86b019208987e14dc4d6ea7fcfd,0.0
257c0ef99a36abbcfdb749de5e6c668f,0.0
7fab9c4daf1e165a81be0975eb21c6c5,0.0
b1021a3a6e227a85e9ad836e86c0476c,0.0
1f88b91a667257b52cbc8e13d7d68d17,0.0
fa64838041c1c74eba66c46fd2b07c3a,0.0
0eb607f7ee8d40551aa31a09b78a4263,0.0
fae863e2b4333ecf038515a4d35f979b,0.0
84823dc258a5f8060ec8d3af81a7c65d,0.0
f0f3c8a1c0578e80aaee3a3a50bffb53,0.0
3704c8eb7f304be9e51463c9b40038fc,0.0
9d1c1d9e2eb24d898cd92c05637d66d9,0.0
8848cc7bb061b6695a4ce379cf018253,0.0
b2aa2d076096d8dd9980112191a3d0f2,0.0
a1d86dea0ed3b8969d1a24649b26421e,0.0
d26f42e5cf2b8d23991534f9eb727e6b,0.0
aa87c38fd981ade59311ae928477bbe1,0.0
d0625c1481c1e1d1515bb4b0d728b7e2,0.0
97e1a6d69c26096301166f3132554645,0.0
1aefee398be64d4985154b928b88803f,0.0
617c54a5754eae269d4849b4f526e427,0.0
b505bd1e47523701b8726402fd91143b,0.0
8c167e3381323ac83e53980fd7a405a4,0.0
c5ceb32f286c8e05faed3ddfe98a5dad,0.0
eb83e799427a1f21f12d95783886ec39,0.0
3feb8e868feeb980abb4579fccf749c8,0.0
7a615c68569339e6572dbd441a0ecca6,0.0
c5d494d433332464d4c3e9e899c00d5a,0.0
ac28d0b8b7bcdacbe13751ab8d85c1dd,0.0
23c7c29ac6810aaca6ebd0e794ee464d,0.0
b99ed6da3412877f6f288d1d8cd3add8,0.0
796b1ccc7ff11899040bf1d8daba0831,0.0
3ec39f208d1c07e1d54c698d97d452f1,0.0
1072fd29d68c1e0e0d056ae6ea85a50c,0.0
9b523a1b49e46ab3c28d805835f308da,0.0
d031021c8c893abeac37828e5b6542f7,0.0
e2261cc61b35deb620e00a29b7d9cb66,0.0
cb2e80970760702cdb27081a91cf0d69,0.0
5954946b57e721a69a36f63f79e07585,0.0
8fc5a7bb96d4039e65356d497e0cb355,0.0
43084a0deaab940bac2aed77ea089af2,0.0
b1ea4fc1cdbc1c58aefde0b725414c57,0.0
72117b96cbc348255b01ae4f82e26167,0.0
00c3e618d97aa9c42a69781d02299635,0.0
e7132ba6e44362b8e20673b4009a87ab,0.0
557e71da0838ab11e01a5d36c7e9228f,0.0
0c3418c10c57eaccc10a54b8e471e49b,0.0
4bef6052ace2e10e5e60d58b8dfb98f9,0.0
814d2880932263f7915edda82ed29b46,0.0
9ed97296939547cc809e847ac7890122,0.0
7ce44f270fa9b2fd42d4d45a4931428e,0.0
022dfbedc3aeb4e80ce2371f28aa96fa,0.0
e021a70a4ce31e128e0f601aa2e9774a,0.0
2fb7bb720fcc3e102c03a3900b64a11b,0.0
88879402d3edaed06ccfb7ac40236145,0.0
48ca14c9b55def1702dbc79176dfcaa1,0.0
f689b5e34e9ad2907bf1ee15056356d6,0.0
a12cf5b20ccc7bd945f5836e7b392eef,0.0
8b8f5833ae5c896cbcfe38475b184135,0.0
317918c2bf8aa11bc3ca19032f2af01f,0.0
14e8d40b8def0d051b1337f90a453998,0.0
c2b6320316bc2557eee93d84de6db73b,0.0
5bfbe245a5ffca8140793acfddffa09e,0.0
28247a594191bd9a2055fec320b08c2d,0.0
b238e93335d18a4b27411fee40dd0c87,0.0
19ee1d6912faaa74d566ffbfe29d854a,0.0
cb9d3ab34b06d202f3ea4ef133419841,0.0
e7ef096e905b6539bf96aa690fca907a,0.0
81226a20efbbe783cf59d5ffa8477b6f,0.0
1d085562f96bb866168100d2d06f507b,0.0
b6626461498a4b9dc3453a9e81750ffa,0.0
5bd108e197d9f83142a7e35ff858053e,0.0
8d9960641a3df74ff0d22bd45646db6f,0.0
994b2897f0ac11d9e5a5e931cf9c7213,0.0
22f2632ab59b2c06b257ba2d4d8a3317,0.0
1824870330b4969520ba810133212ebb,0.0
0fd07c04abcd1c976c66a19ea7966ad7,0.0
363e2bf423bb843b50471aa40be7277e,0.0
033174ae5f1a38f46c94165f1ac69dbd,0.0
31c5f5660f14b08105123e8c43485e1d,0.0
5f79777463a1ecb1d9395024f9c763d6,0.0
12c63a8fb7e7d76aa2a415e3e68aefc8,0.0
d46f10c19c51fbbc0d41a4a944bc2fec,0.0
8b0cc5691ea2dfe633df5b9629f6394e,0.0
3eb74f2d10a729269e66b85d1bf4d760,0.0
4c424d794a6ccd73065f71d2b9fba6c3,0.0
9d2e209ddc2d073b51021dbe9ad61cf8,0.0
39cd99da7028cab316b6df3d8cc0a3e0,0.0
f88b942e69b15959414c70f8e817dab8,0.0
f8549a93f5a9a41e4a646e86f82b1e24,0.0
e18ae47a92d923e25b7274d6aa03cf1e,0.0
72768e467651bfc2b5b0f80d43a5985f,0.0
9eef66a3ceb6e61e8fce4f8d1e4edd2d,0.0
353d38c0cfc0f218e8c868f6745b8660,0.0
7b0aaf632f226cd9c39bd85d5368bef9,0.0
fd5078d05bdfdc28d8dc0500a598a986,0.0
64e5d21f5a20bb25948b51483e651bee,0.0
1528c0315db78f1213892da6f8edf1cc,0.0
1b68f0034933c2f010861a4b380c5104,0.0
5ebd71e8e9a66fc484152cd34a39000c,0.0
79c1228a897c5ff25a114d7d39fccd15,0.0
dca3a9ede7b886a6eb2e43fd74375e36,0.0
b221d7bf7a04d1f9049bd38b2ea5d29b,0.0
98072bc099489e6e57d365e72ad8f444,0.0
ca2d45ba64828437a9619221dd8eaaaf,0.0
e0eedacd6a31010e996f08e04da462d8,0.0
1f36ad30b206e69f16d13cfcdc5bda08,0.0
dc7b4d0a7eb2cc0659664a60a9d196f4,0.0
0e60ab809a1ef51dd19a8b184a979c1e,0.0
2123be9769dc769aee156952e302503f,0.0
c6cfbffdce4ef8d32db4399d6aaa464a,0.0
9c7fa3c3a29eb05efde3955ed72bc8eb,0.0
38ac3d37531e47c41652f7dbf596998b,0.0
f87d9cef71b2feaea0e060f87cba5a79,0.0
d1c9846d532b211427be33779a47d58c,0.0
a0c0f6cde5b381a7420339ae5920f78c,0.0
3de61640627fcc5d82daca63c891dbcc,0.0
4ae0996c6f3bbcd2093ddf798a5c67ab,0.0
070c89dd6f188ffcecd9230f97668c0b,0.0
91a59f8533709ac07a7d16859879cb7f,0.0
6a6ef96314f90d434e4d1ae3d4b69719,0.0
10ac378c26bad7313d5f0386c3345167,0.0
263034ff38b758e30e7738df7400c00a,0.0
2e10a4fd02b649d28f8e449d0bc10aa0,0.0
e602e3ef0929c4f9e9892f4598b77f61,0.0
f78184aea81dacdaeea32194839c2bb5,0.0
5a8e5ebfa675b0dd00924ce59d36b8b0,0.0
1f6abac97345f86055bb69c4bf88d37b,0.0
4469b0977a3694369ce5899bbe0c1932,0.0
d1d9787025b2a1b5c7e3f22e26418ed8,0.0
c2653e1e7ec1bc38d2c9b0b38b03bb27,0.0
14fcbebffecc9d9ec50e00b10c76c1bc,0.0
2cd04fe6df88c0d676bbfd95817561fd,0.0
cf0ebd13a4b0638372adf8b481509b3c,0.0
f2d4a0d3b9c57ae804f2db5265f0b908,0.0
29274668751a816ac532ffe1a9f7edd2,0.0
91e61e21df848ce71833ce17fbaeb364,0.0
bfd0927961b92b7b54fc60a965e8c2c0,0.0
c4a08923ed46ce68558b6c22fb695d39,0.0
4745cd7a04a827788c51d2b5e9fdbfeb,0.0
6a6bc94abe469b92798a74c08ef89118,0.0
f87dcb5c8a9e7b63bc0e592158c9a192,0.0
47baceef433bec0b7cf22946c471f1b6,0.0
ddc69f0c52b2d05d98523db83c6fb516,0.0
ba018bfdb5c7db197fea13425d099dec,0.0
023b7c6600ae0c842db6277892ae588d,0.0
c65a49193647d5b6d96c8d4630344576,0.0
df3704c582719486381beae320878647,0.0
daff6cec49f4a066284f9a1ca6190609,0.0
ffd4810a21a8d3ed2b14bb452edb3a48,0.0
b73ea9e6aa1f7c7310ac9f5e6816f9d6,0.0
582f286aeb22b207c3f5a24aa8fdaaa1,0.0
144e7da04fba1d0a87851a4dd8f8fdee,0.0
28ab311485fb71435c5830f9b6bca766,0.0
9ba213b54d2d49147ec81f838acdb7f7,0.0
a9a2b0797c5692ddaf396c6446ca3d55,0.0
e8498acadad42da698b9a1ac825d2270,0.0
85fee8d53b709482f4ca4e9c3bb99822,0.0
12a60697bd35e4372ff89df5b5765bfe,0.0
5abbcd3037757599da06941bdc1cece4,0.0
8bf168422ff38f727fe4cef9037d1690,0.0
11f90966ec490b8ca7a190400695598c,0.0
154cff0e482df829b06bbbba423dc4ef,0.0
fa5bace8f6c7b16179d769d95af64235,0.0
e5d24224ba4afb68d59eb66f283bd8da,0.0
49459dc060ce9049d529917e5103dd3d,0.0
a5170186096fd9ccbebfe771b327cae1,0.0
0d36183194049799a6aefbf710fc52fa,0.0
3f1559de513c937205fc628ca703b798,0.0
4180281533c29fb53b10a6470cdfbd4f,0.0
938df9a838e681d045fd9c23eee7d2a9,0.0
f5b08656d0ba4989937b77b8785ad202,0.0
b8263e63bccdbb5a5b39c08ff25aefcf,0.0
6c73f9a141f97ec0e94e11636e3709cf,0.0
0add17f7b08e895a80a8a761786a0f7d,0.0
a07360887f4a96466c187b275a384f0f,0.0
6ee51f343139790ca51557740abec503,0.0
267d103f24a7106f6907113a44209a91,0.0
085700678ef51353c4b2197cda2b605d,0.0
c6b151eae04ce5dadaf385b24204c9cc,0.0
a980fce596ac8eaeacd5f683c8f1c93a,0.0
10bf7d4cda68c31fce4f4dc22dbc5771,0.0
56f9de94e6baa815d51a89d34349a4c6,0.0
4790c8293421e5ee63b8f291db48eadc,0.0
b50a289842c3e23c4528192baec6fa80,0.0
73d3e6f87b697c8cbe5a11ea3fd949f9,0.0
a082cd2994174527be026aa56003952b,0.0
4f70d3980f9b6268579d7effa29124c3,0.0
fc183e9d621c58115e2c35f5d60401af,0.0
38a8f4f5789043fffa08f1cbda98007a,0.0
cac7db48edcae7894a001946c6837d94,0.0
b8c9598bac4d57de3065b5730bffa795,0.0
d3bcee02e9984a54f4e0bef2bfddc49f,0.0
956cc1de6071c9dcea31d20920f46a61,0.0
2858f12b011dae3ccf194743adf95cb5,0.0
7948fdcd039fa1ddc7027295d737cc1c,0.0
08a63a7eb2864f65d493b3e67e9d771d,0.0
fab9e17c9f9703cb556d36d09a421a0a,0.0
576d02533a5169868e7de21549c42c3c,0.0
863c87de46c22e949463dd6ba6b4f7c9,0.0
84fe109254aaa696a10eee40c198cbe9,0.0
b1e6f34e4240a275f3f35c7cb6fce68e,0.0
37387015e933c41210aca9a3a2d19897,0.0
4ad111524577bae0c0c842e67f3b536c,0.0
ec0cabfe1dab669016a99f27dbba4b25,0.0
804f2e17251ddb458cbb216bb29c5e32,0.0
bb60f1eb3cd71dbc34dec16012076277,0.0
d53a28041348e0d3595f3e5bf9dcabf0,0.0
7a8e889fdd9d9ea0330a06db90799c52,0.0
2468a71089e645f9bb9f7fdb3906054f,0.0
1fa02091c12d3a58d31923333ae2ddc7,0.0
119bfda96f57613245615d0a3fd19d74,0.0
93718601d116cd0e15ddbeeb4c214343,0.0
df44a209a28510dbdde4e0c7e8fa10ac,0.0
4115983ff8bda5820d8a2c87a5e3942a,0.0
99022a8e0af7edf7c0934952b0523f79,0.0
4181fce9294c8dbc7b2c749f75f1c105,0.0
fa35b40357b4962c163502649e149ddc,0.0
790b454498fbb88e11eec7c461ea80ac,0.0
f2ecaea3397ec648afdb48b9d4095067,0.0
9336d4024ff808eb78aeea727209d3bb,0.0
49ed560bb40abadd15457407f74f2684,0.0
e96b31952957b66f03a2fe0aedfd8885,0.0
84f0f190153499d7db9a161ebc88e7af,0.0
df64e4bcd8cb8ea9e9847fad581780b7,0.0
d750885a8fb729068e59d6bc1a530ef8,0.0
290f5f4f4875323d9791935dc18b192c,0.0
3fab43078b22d332f04af6e0c939f8ba,0.0
f4efbba8c4c27ba25ae92b382fe2ad2b,0.0
90489eac9dd49bfdd4d9f0ae14751aa8,0.0
47d74ecc4086fc5a0f87b14647d0266f,0.0
d0603508c0f5b8ef3823efab6e02dddf,0.0
f447be92bf501da8e63dbef314e6deae,0.0
e7dd0d731b75e81a7c1ba849f601d388,0.0
2833ee3f7c229d785b4e1c6875664d85,0.0
4464ce88dc352b7c36a01fffd055ea44,0.0
fcb3401cf19d5178ea8629d2e80db0b6,0.0
36f03e4a59486a747073cc9e40af7c3f,0.0
bdfe57957ceb9dffa67fee0aab626738,0.0
a1de5e157d0a9edead8c3cfc8ebec4a1,0.0
1a505b5eb855dabdd31e8b475f9f726c,0.0
ad0a0271bb08c9cd43d5f21453c21ad9,0.0
1569d401c39d2371e436334b6f1bebe3,0.0
420924e490c471e3023efb73aff4f0cc,0.0
86b911c0c7c65f8d6e372c3d71a21e01,0.0
b4dd9deff57d2c5e751da2daa218b77a,0.0
b1dc6652a25cd080705a9214a0e06963,0.0
57e8ae1e1c63626b58778aae72691729,0.0
6d5aca49bd9a0e73b1f64e3325de1e67,0.0
fbf0937ecac5a5376b0a39d0a13a4b0d,0.0
d3ba1f03cb651d7bb4a67abd0c497f0c,0.0
91c911fdb1a0b45401be02d0384a835b,0.0
2d0690cd9acccb6fe620906043c51747,0.0
fd06b9546c40536f4be34c4d4558a858,0.0
320750609b39ef779a80ee617ffbe4b2,0.0
f7e5db59d1d9317c67a1420e00d3bcb4,0.0
d845575a8a24313517673e762e125cf0,0.0
21371aa080a537c881a245390695b22d,0.0
d4846091fd8bb66928958eeca344fa40,0.0
aeb0c980584455b983891cbed0771e1f,0.0
cf5030e4751ba98b7543780160016239,0.0
77736b2b2c7878fbf19ea0b4d44d913a,0.0
472ff9d65b1266deedbec877f2e6d55b,0.0
af8b9072f9ac2c38e73ae1358a44104f,0.0
929041d869d3837dfc9dca9806e71938,0.0
477134c21581fcce8fa07a63a679b4c4,0.0
116d5ebe0d6728ce26b4e437801fff53,0.0
f00c939e687ec05a616f4a0e59795a80,0.0
bb7c2e50bb2e3dfdc7e907c1060ec8fb,0.0
cf0a3a35b3f5f2211113dd16ab2bb11f,0.0
e5801a90955ef13f2047a85534f5d152,0.0
5d240b232fb4a7b14627f2cad057782c,0.0
49bff0edec7011534be1a7d14cc32caf,0.0
9c54d1bd6f5b09a9dad69fa74940a128,0.0
