3679bcc974d8fbd902c3298ce110ac69,0.1384288673987119
2594d4c99ff7cdcf21836e888bf9b85c,0.13576754871126803
684dc5ea06076953582af1ddc2f1536a,0.1254831834750025
64f5b16d46e9202f43e8108ac3f7bbb9,0.12504925484660226
0033ba07ed86619d6a52b96ed493996f,0.12497344291258247
aeb17e417b8076ce7412be4584ba8eb5,0.12174626017719462
8dd9ba6194b1cdf44fef8f3185c52198,0.12127278139223441
651e7e6df100a6a4be0bb9170b1e1d5a,0.11716941553859854
576d02533a5169868e7de21549c42c3c,0.1137005779090077
e9125fa1b4b62ed142d08c4987568910,0.11323213060210406
3d89c0f551cc1d54c9f4a4e94b5e2cee,0.11311497249707486
e763a2bc6bb17b90fce2ceee1f981d74,0.11164162644559619
e13fca8ac3e20c666b8bcdfc2065879a,0.10823544806553873
baac4a4a41e6cc7b07d092470951ee70,0.10756820857941941
5f79777463a1ecb1d9395024f9c763d6,0.10734734028740985
ece1df0e2a96606028c786b83ced4d8e,0.10719500097510172
40d1c3b3e0386917a203ef22502af1ae,0.10385819362883934
08bb9eb70ce9b02e600ed725a95686e0,0.10350893669814644
05663e7413b88420784f9e5b4df2008b,0.10292062448972741
fe5d0c663ebcaf12e4053589521664c9,0.10066240895015563
1159446b320ad03aa16ec2661103d9eb,0.0996235460792483
817b7fc30f0e336e8f8f15543073a8c8,0.09721919101693922
28247a594191bd9a2055fec320b08c2d,0.09543680302833492
8a8d876e247e4769e34222f4293a2cd5,0.09542774185104458
b5759de11c48ed66fdd35a56274032a0,0.09356828411916407
acef2cace17f5f8910b2279894d8aa3c,0.09261595893867199
c3554cae927fee81b1fc673746be6916,0.09225096492168892
b3f737c04173b0a3d38602fade6114fd,0.09190941249408464
7624c88e5e647c284a2f365c775e7e65,0.09114443814377315
00e57fcf232f1e7279d7cc2c87fda27d,0.09067049932049491
5a7397db7830ad460c93c03d7cdcbde4,0.0905985091844363
739111345371971acd05661839bcfd9e,0.09031986174348768
2468a71089e645f9bb9f7fdb3906054f,0.09020420851732526
b9cd6810d2cfb16058df4fd7b1b1e2b2,0.08969725801261509
32e35c54d9b7c324fed38902234eda87,0.08942891025161731
10104beb05b27c0cf904721dc719f7bd,0.08916890733078078
480d1b697f3a1e2c7198526e5067cdba,0.08901828669258599
40c72206bf746e86404dce1216693191,0.0888488177368883
c5ceb32f286c8e05faed3ddfe98a5dad,0.08845576271017191
d3383a0f90ecab330b4c3b2e95d14a38,0.0884056556838085
fa64838041c1c74eba66c46fd2b07c3a,0.08585275055293744
12a60697bd35e4372ff89df5b5765bfe,0.08539372561937332
c606861e3343a6882f899cda29f6b7f0,0.08484773034211561
0e8a893a537d1794a5f543747f39a9fa,0.08466519458615177
b5d1329292a6a39b163e2a3973102819,0.0841675055195513
c7c6847504dafc8ed1bb1c661608cea6,0.08401195431802312
e5d24224ba4afb68d59eb66f283bd8da,0.08297206790793289
33ee3862152758a87884cc18467f20b3,0.08251473254815755
4ba1a51c50920164a55e9467c88c0af6,0.08240566591444055
582f286aeb22b207c3f5a24aa8fdaaa1,0.08193134612628353
5ca1c8938a6bcbf98fcaf839c66f038b,0.08180230525905322
a9a2b0797c5692ddaf396c6446ca3d55,0.08096801261255077
8848cc7bb061b6695a4ce379cf018253,0.0808822549664627
956cc1de6071c9dcea31d20920f46a61,0.0801058494701493
5fc5768e12d00be9e2fc63c1b641f3a0,0.0795364126673301
28fce591e1ff862836e2e68095f087ad,0.07933783893181319
755a84803f4962242a82b0c618a4334b,0.07871911885241686
ba9e145a7cce87eb9de76acf589a6e58,0.07810580284813934
50a5b06d1f98280c851239aa6de501bb,0.07750368494338229
b7f95e6409a434e6349d1b6d07ca133a,0.0764277489444371
a2ae4b833315323acbf6943f317b810c,0.07596465863994234
168cee43409a46c358fe903207a88892,0.07559724381465623
98a575d4b312334adf59b625a8783dbc,0.07548813166546121
bc8d3b45a2789319014f662e9e91cf03,0.0750565218740391
dde914b470de75a5f84ef8903e1db9e8,0.07391529177754538
6cbe3c177ac90b84660ae99da25ed46b,0.07381393121457179
77736b2b2c7878fbf19ea0b4d44d913a,0.07376706428813788
fb1913a8492e86f4630843a0e0828474,0.07304191772369265
6e8acafde7dc0424d3b2c30bb9e048e5,0.07117415132574685
36428dcf28c9fe5f3a9536b9097102d7,0.07084533419871236
9fcac5a9f9d1b88f0b907157154d8dbf,0.07075591698826461
1824870330b4969520ba810133212ebb,0.0700238897616638
a31c17f4c0776ab1ea366766cd2ef846,0.07001250131639843
7417bb610eb81f6997c0701910eeb97a,0.06977002091196996
d61b3319567ad4d270e075bb66bca7ee,0.06972335094254395
3704c8eb7f304be9e51463c9b40038fc,0.06965914632314091
9336d4024ff808eb78aeea727209d3bb,0.06957505814491176
31c5f5660f14b08105123e8c43485e1d,0.06952664225127804
a859b446714e5a52c347c87bd081b9bd,0.06928074972209516
24bcbfaca281697029d5506bb5c14a8d,0.06862578179738993
f89d016b0a8d974eeb252f66399de86b,0.06861754239226048
070c89dd6f188ffcecd9230f97668c0b,0.06847399052162634
eda3f9727d763c51872c9f76521ff270,0.0675090922479828
ae89eaa22849f85c0f20c2f8f937ad51,0.06737728941030703
7a6ff16e8121b5cd5966afa4524b8385,0.0664745700334322
836a023b5492c3ddc0d5e28bab8981db,0.06611077928210612
47baceef433bec0b7cf22946c471f1b6,0.06574544876064214
a68e62699caff4ce8b9066d271819151,0.06539179810919207
fd06b9546c40536f4be34c4d4558a858,0.06525285309889545
d3ba1f03cb651d7bb4a67abd0c497f0c,0.06515727202086857
cf5030e4751ba98b7543780160016239,0.06476680926636404
9b7f6d35861e133951fd7c21df526dbf,0.06470839553866628
fb751d029ad7031e8fcf3bde5cd65d04,0.06430994579192259
dde837578e2e204dd1375766dc3e2d87,0.06384729975720445
8d98c0e38b1b6ea1ceb1843a37d4c39e,0.0634372351035727
9a8ee9077634909c3f2a7aba809a219a,0.06294859644559533
481d5977111213e60c1f7952fe363bfd,0.06258119449883773
5cc3a74316dbff873507cd8c53c1974e,0.06207537086910594
ec0cabfe1dab669016a99f27dbba4b25,0.06196516051144148
ab99ee5df5064bccff6962e597990c9d,0.06185020304591728
673f120752c1e75a36f65364b1e53cbb,0.061746066601451016
d031021c8c893abeac37828e5b6542f7,0.06174039778318359
677e223d1296448f73992ef7fcc17c09,0.06129764994131957
31ff8824dfda84a7ad649cee7c03326b,0.06105863194326862
d3bcee02e9984a54f4e0bef2bfddc49f,0.060971288209081494
b8bb44cc3227d729949c2ede6936cae3,0.06054524107514431
18b7b82da9c8a48eab2d6cc02a0ea61a,0.0603865418577034
60585ad0efb69ccdb8e7f79ea4493a57,0.060156199327472785
080eeae255df4686e2654d9101f3abd7,0.058711756403353875
93718601d116cd0e15ddbeeb4c214343,0.058139134836061264
e9d73db89cb524289ae32ae0c97dc04a,0.05770683910996181
3c5240bc0610a6ed8411591594c3ea67,0.05739820005911261
170571512e0abb014f5f1eccf0e2b99d,0.05738291606804188
15ea6496d07919d87b961cc893d08efb,0.05737797630571217
849df82d1d47d5cf160c15e11ba815f5,0.057240579217579135
74f1645bd9acd90e037100556c6bb01f,0.05719674393510406
fbf0937ecac5a5376b0a39d0a13a4b0d,0.057075871617707906
b5a2973497b4115d4c7c0e2c96384337,0.05638330077859885
2cfa7365d05cdd481908bcbd128d9a7f,0.056219833022098785
2fc67ca46198b92f7fa9c57819ac480e,0.055786029967285856
f2ecaea3397ec648afdb48b9d4095067,0.055693883529847374
92eb88d885a0d44133dd9b52ee251b0e,0.05555500884409085
dfaae5536a4e9422d8e850899a5f94ff,0.055505773018587494
7e864eafeee04f1c47c01ace1f6580cf,0.05549131602232838
5bfbe245a5ffca8140793acfddffa09e,0.0553306868010674
1dae2b7ddac2244ed621959bf1115fd1,0.05460019323853509
12f6af89e834f11084b60001192acb59,0.054352973776825415
a07360887f4a96466c187b275a384f0f,0.05427725293736927
91e61e21df848ce71833ce17fbaeb364,0.05424504261364678
4464ce88dc352b7c36a01fffd055ea44,0.05417189192751696
14e8d40b8def0d051b1337f90a453998,0.05415883906849645
50187be4848a0b25c55286fd4bf74a17,0.05399561293550732
e9abc8841c9a796172cd297e5395df62,0.05386895437244018
601bbd97bb10ec4629695d7fd37c7629,0.053722867951833723
eb83e799427a1f21f12d95783886ec39,0.053590331641269334
abbbdb152ea8b9a00f4ffb99227b9c4c,0.05355250887226839
7db74010ee666b70ed015fc31ad54aba,0.05339567422989006
3bfdc1bb2b79e5c357b306cf86db7553,0.053369471844298785
90107f09080b822e544e5cbdec68001e,0.05329662040708219
e9392f9ec187dc3b1189bc32d29dbb53,0.05324577596172036
cbf92af5273a551a490176a6cc5f67e4,0.05294397476240205
3025702a4a7ffacf04688fac69052be0,0.052782448171561594
949eccca703be4e34ea35032acbce8df,0.052672058021916275
792b772ee7fa478cf82c53256e14742c,0.052353102302752016
c5d494d433332464d4c3e9e899c00d5a,0.0519469624399965
c49b2d46782263d409a5ed69e9b6ffdb,0.0518578794099976
aca8212c6a5b187e6d5162b12815af65,0.051799935621106775
dd05955f135f1aebeed57a454443f2ed,0.051408128839905934
63e99fdb3a91d9a9122a025094a68007,0.05140107951420201
17cda1bfb1e31d388cc3de85502001cc,0.05120946953286763
9ba213b54d2d49147ec81f838acdb7f7,0.05096953725534054
4c424d794a6ccd73065f71d2b9fba6c3,0.05095806845391196
e758b6f9b5bd6853570bb742b5efdbc4,0.05095614103533602
91a59f8533709ac07a7d16859879cb7f,0.05086021104532062
ba018bfdb5c7db197fea13425d099dec,0.05080496986398957
66530156860cc8adc0673f262f7d7103,0.05067837624592051
881f5014d9b1fab5882fa5f0771d1700,0.05040433043571271
5736cb3bbd27434fb73299ba6f668cae,0.04988993053979838
88d00861690a34be09f2e08378139ca5,0.04986341974218921
5eee7be6bd820f93cbcdd7382bcbe85e,0.04976798659363169
44a6060cc811e9be30cabfc4f0c66184,0.04961368732779177
a6aaa187dbabcca6d62b0dbdb99d480c,0.049610941497284476
2d1ede7454a360239f2e67ede63563d5,0.04959571122850237
495c08a2ef0264ccc9f4dbf805dae7a2,0.049312951237690555
e7132ba6e44362b8e20673b4009a87ab,0.048959785043219926
d7da0c800795c6add79faaa71c9eff13,0.048727749027896
4f375a01c9f39b3f2ad416a12b8ec577,0.0486361630787507
e549fef9ceeebb54c291fda675c09115,0.04850716999574685
994aab990497c9fc59b38af6538fd50a,0.04843939073436184
c3574ef7a3455b639e41b6e790c31041,0.0483002617282226
7f42f38d34cbc6c19c8e983ea7865788,0.048259479424122016
49bff0edec7011534be1a7d14cc32caf,0.048164281831270604
0731f7eb0511f9c0443bb32686476b79,0.048093356100806846
f3ce1bf263cf09032cf8862a23466d29,0.047605354252459556
e5801a90955ef13f2047a85534f5d152,0.04756191964832251
076359396f91b178804cfbb999ee2d2d,0.04728200987246236
a411700a3afea5e2f492ecfdc1ee4b78,0.047211830061138625
17e8d3ec49e701e0df71e3bbf1153c3b,0.0471722734218651
3fab43078b22d332f04af6e0c939f8ba,0.047097009819796185
2cb3e4ce42cd936572d9ef7a4050be22,0.04683181262940519
8b67e2df1a5dd04f3166fa0c076c3e35,0.046081224708682485
53194a5b0b8ce68eda66cab99fd6c83d,0.04601237717345304
7088979dee31d4e935390d8ed6e36e35,0.045903982620387626
7b1b74bef500d747863c3174bf47465b,0.045899972180193774
e32e12385bf0f6b4010e60c96c09bf75,0.045699507482824
581af94a89ebb1ecbabed66ff08d3ddd,0.04558221372538102
80a06bab8bcb19bae240fb918e3f03e3,0.04510376614044857
0a9ffc9be8f1de2c8119576e0e736a97,0.044838736776120706
b4dd9deff57d2c5e751da2daa218b77a,0.044550152748177696
f7fab20c0a8c69ae9f42614d665bea14,0.044356643231322754
c6285bf015d344411435de76f2d6c433,0.04422816407816638
719dd8fcd3c4186fb44128ccada1b1a5,0.043992247632644955
4c829741420b59f10aacdd6fb623c4cf,0.04361071444336367
3de61640627fcc5d82daca63c891dbcc,0.04332622152771582
beda512d919127d7e95ec5bd9ddd1dfa,0.04322339019550449
f0853bf14e74a636cfefd9eb416818b8,0.042662420155430265
60701f81b388adaa2b0fe7bef3acfcbf,0.04262027399626581
e40fb79545f8bf0e346c5688b0ee7a49,0.042434671370455666
0026c04788883bb6a69f54c50fd91c24,0.04224591770676144
8c722f416c6c1308a398a080a1331764,0.04202283002971066
52626755d88942c67afb7ae0ee70c96a,0.04179823176122863
38ac3d37531e47c41652f7dbf596998b,0.04178082723294318
af97d4e86e933396d9f17321956c2588,0.04173425097862047
f6bab51d0d108fd90f06e7a0ebe04cf0,0.041551636347480485
8d9960641a3df74ff0d22bd45646db6f,0.04145391151011598
01275fdd62797759e0257d54f1898965,0.041179667051502465
eff18730e34b6ebf2a3b14c1ec011d39,0.041124103727898965
c6cfbffdce4ef8d32db4399d6aaa464a,0.04105391292703762
cbbbba88943e578706dff53a2ae8ee78,0.04095628621761846
a082cd2994174527be026aa56003952b,0.040860519733619836
1c949cdda394b0fabad433132742cd61,0.0404629442534618
4745cd7a04a827788c51d2b5e9fdbfeb,0.04045496387798833
6d5aca49bd9a0e73b1f64e3325de1e67,0.040414472463127925
5f7e9cd09bac4c9d75f82d68bdb65137,0.040385871350204064
d0603508c0f5b8ef3823efab6e02dddf,0.04038483672595557
42a3722eee3fd4b24bc2e893349d7aed,0.040190537904712206
08aadad84c527b953b4de1e513aeaf8f,0.039916179307712296
04793ba17da447194604935e58e06d2a,0.0395446580325602
c320e33440c56f22cd079403e682f98f,0.039450714171817114
687f6d1d889275fb81e3ec74884275b2,0.03931573794704755
2e10a4fd02b649d28f8e449d0bc10aa0,0.03905553471788685
d5ec4a1c06e07792e6e08f883b41e773,0.03904600999459867
0d5d5b04a0093144840cb4074508feb3,0.03900842881349708
91262aadb0200f0555dcdf979f76cd31,0.03848884148943383
4356047dd6a4c8948e945fb406396012,0.03837741466367826
e80bc79d98c094665d3f60a175702935,0.03829122854768335
00d477c72ee2a352857c540350c6abc2,0.038197575333077674
63558e48381975dee0dfd74563a81ce8,0.038195045553238674
cbe76422a888df2651d3f22796ace513,0.038095993132270384
e5de3c63d27575c55b2e9b85823a4c14,0.037879177305268144
2936f4b8ddecb50ef9d452423d925664,0.03775416051715151
c64cb27451f8db3d8e36ecab8304f811,0.0377068617486661
49459dc060ce9049d529917e5103dd3d,0.037524259761717874
06682ca3433b5229b692986d22e160b3,0.037371241083377006
085700678ef51353c4b2197cda2b605d,0.03724293651909683
bffd2f9b40c6fadfe34baf82484e4580,0.037224260862400514
f00c939e687ec05a616f4a0e59795a80,0.0371896916042566
6f61c2e87637aad7ded93d3cd424aa75,0.03714660389372129
e07eca474d146a33e0e4dcd42b22e230,0.03704418605529394
fe489f228fab2e4aa07ec00970b35cf4,0.037037907866684726
b189e92b5f8678750a8c10d2f2250aab,0.036834718411403476
56216b6bffdcce1bdc123af44617dc43,0.036437140357196605
7b0aaf632f226cd9c39bd85d5368bef9,0.036433162089041536
f09fdc38602cea0ede37ee6f782d82a0,0.03642447147612669
763650adb6c3331cd66b84cbdd42867a,0.03629916272813916
71e87e8af2d4b4da45d7a37d8cfd0490,0.03627285187080075
804f2e17251ddb458cbb216bb29c5e32,0.03618482026699404
142c06cd2d68629cff1c34fa206305f3,0.0361486674548517
ee9069cef75ded0f9b37983524d86dbd,0.03580253502888839
63daeccbd65dc7406945da4c48ed9df1,0.035776913243030305
10ac378c26bad7313d5f0386c3345167,0.03574619102425784
b2aa2d076096d8dd9980112191a3d0f2,0.03568372877467175
ee14fb8c599dfeb1a078836da0c5b822,0.03552588170944449
75f7edc6df7b51f7ef8a43f24a1edd2a,0.03543916786789219
7fe0e2adda3c1593db38d613486f5243,0.0354370214252359
20b893b61035d40a3cdea3d6c47652c2,0.03536445725501786
ffd4810a21a8d3ed2b14bb452edb3a48,0.03509999814575492
e07bdd2f13e9d2c35ef13d139a862dc2,0.03467377156813232
9a579bd4a10b95d2f135e0228b7433ec,0.034656534840561776
66dd9f59266c1374bf911d7d366ed1f8,0.03454465784315977
ad0a0271bb08c9cd43d5f21453c21ad9,0.03452027370967637
35647c643524b47f5e9ed5562315b741,0.0342055746122233
8cb4ee677f9218834d31a171d863eada,0.03418323879012003
7e01f2566cceef2e60e9ce81bdb69f23,0.03385916534599484
b1dc6652a25cd080705a9214a0e06963,0.033532726060898056
41661af3cf13e70919ea66f34b1fc693,0.03353109314710841
8e534ca402f2438163a940c582cd9748,0.03352161669706073
fd2e01268ae0767e91ae858a7fb66984,0.03338026420923088
466a80896396194d521a387f15168afe,0.03337668585632894
fef9323e680e5dc4ad13b81a75488a4b,0.03326773503834583
64337b4c455396aa8fc6c0838b4f50e7,0.033225033511782735
92e61a13d80333d06eefe8ce72acb1d8,0.03280536866007128
bf620df207bc7d24e1e9bbd3f1021a37,0.03244403636046467
3aa14e6bd4dce01f12c7356e43e4eef2,0.03240185706871967
1fa02091c12d3a58d31923333ae2ddc7,0.03233389365096078
b43bc6fbb963a065c26499b007801fab,0.03229498576189927
be5b6b3c76a4566c54f5c6b504554208,0.03226274101876881
d26f42e5cf2b8d23991534f9eb727e6b,0.03223375266174869
375c1e195ca7ce8e67d29428cc6318da,0.03206617090909589
ee83b9684a775b051140f52463c36d20,0.031900202057433116
7466a47a3558e985993f75018aeb527c,0.03165798573579195
997efc437e2da8c0529137a20153179c,0.031625671202090005
023b7c6600ae0c842db6277892ae588d,0.03161557102420672
fca6356099ca8442b1c694047bcf620b,0.03133547734689623
460da16f10049ada31abf808cea7f18c,0.03120028964222303
fce1ac0411e4fda273e3ebbce9e6f7e7,0.03100072570612684
1f193894fe2b0adf197fc18d52d738bc,0.03089948643921276
9c277c39f6005a837f5c4355cac1d6da,0.030750332476198305
4a8d5ce187f33d6eed1844c40fb59217,0.030673850444086055
2ca90358a5155a1ac378d6577c5a2327,0.029920621347950083
fab9e17c9f9703cb556d36d09a421a0a,0.0298291740867231
2f8edb18b75c2d9f90ed60eb64eef460,0.02967455614862057
d541f8c0649dc8b02234b50a51d76d64,0.029652111112327958
8b8f5833ae5c896cbcfe38475b184135,0.029648699490799384
e02e14311740afcaa8d4ed999132ea32,0.029488581254268086
e11baf6c8160d069aa903ff802d52d50,0.02934165594796807
e63a83857ff62c106f99adbdb89e6ddb,0.02919831365853385
ceb9cf9072959d07948e0ac17e12095f,0.029017319223911077
437189b3b6207b8eb3d92706a35d4830,0.028550435627194483
530d4302f3d0034208264d536cb0f4b0,0.028540731261455964
757687ab8a5cc42b7093ed70712ce661,0.028525684510799995
267d103f24a7106f6907113a44209a91,0.028329010833262537
ef15528c19faee6dd5daab77e1ce2e74,0.028281746594438682
dc0a69c943ae3fc142da33f3b81ababf,0.027867711752079874
9d1c1d9e2eb24d898cd92c05637d66d9,0.027867273150059386
8f710524ad778dc378dd99158c9283e7,0.02778954366641142
7bc892109a1e4aea515cd5cd594b30e0,0.027712349135514774
07626638de8e42ecbafcaf2567616321,0.027540638271833597
dd72b31a4766bc4891e93c25479d1206,0.027509390060512416
52c44cbda25815ffd9b135fc55ac08e6,0.02737716087182464
be6bf456136eafdb7cc7509ae6f1ac63,0.02732650425737886
a330379c22d28273fc77195604faa216,0.027179587032515187
824ec86b019208987e14dc4d6ea7fcfd,0.0269930022084646
3f1559de513c937205fc628ca703b798,0.026878694117118594
a0c0f6cde5b381a7420339ae5920f78c,0.02665311059932653
cf2d607527b391dc29eaf11f607cd089,0.026543824131018957
87ca293559339b8aba3d0f0b93cd1c10,0.026387258615824378
fa35b40357b4962c163502649e149ddc,0.026214357928591805
ad2ee51673380cb46c0e667bb337acae,0.026113157382627063
aa570966a2a1da765a4f593804cb8d77,0.02572329387715884
6cb33468a58da93cf46484462e06f200,0.02545398389212398
f64fae89d9d25f3e988a435ce833cea2,0.0254187284648691
679a27ab185decd40d7521197f887bbf,0.025353272223235614
6a6ef96314f90d434e4d1ae3d4b69719,0.02523392973825575
e03967f327dd94ecdeae61bf32ac5d96,0.02523116884172135
929041d869d3837dfc9dca9806e71938,0.02516628203620113
9d2e209ddc2d073b51021dbe9ad61cf8,0.024983282356136907
97aa2a780b0ba5448aeb314ef5ec6d31,0.02488056413823117
0df43d7af9827be1d9e73905b2e050b5,0.02477431281618219
694fbcf11f0662f763490aedd9b80660,0.024618849113690208
05dc553778e88602e7c984efd9c48afa,0.02442769128000583
5a3f8f8c8556408900b78c42b91093a7,0.024352899043951198
1aefee398be64d4985154b928b88803f,0.02417885766606882
064370a3b54d41a9fab42ed708fb1ef4,0.024026117535310657
9884297f3fa72064306eb897bc23bd9c,0.02389168468480087
75be0d2fa10631fae54a618b358f95e1,0.023831127444531836
0ae6cedbecfddc3a879a5f880ff80519,0.023795286572735646
47b139c23fd36dd477ca5b89bcc86f7b,0.023554651311239964
8b0cc5691ea2dfe633df5b9629f6394e,0.023510296141579602
1528c0315db78f1213892da6f8edf1cc,0.023149102382443672
22ff36616a9173a50da867cf7259e0fa,0.02312902733985294
daff6cec49f4a066284f9a1ca6190609,0.02302711796080996
518b7f6309ff81a410367d6128250e0c,0.02281487184419533
6c0eb6df1f38f024afc1034a7993a5a3,0.02280143261969696
46cbdc46beb32c5fb9260ff5f21a722b,0.02262084947615214
e70c893715a22fd00c3427a61c4d3e78,0.022617551687290325
00bad698838286be7a737afeb28d7601,0.022462052800019255
570bd2044b46bc840cb25b38e74a88c9,0.022436336671991484
fae863e2b4333ecf038515a4d35f979b,0.022267609726466592
9198045c338eae1ac4dc0731a9d36689,0.022118419772384556
8411eb762a667b25de85c709b149a69e,0.022095370072941677
cac7db48edcae7894a001946c6837d94,0.02204856280462772
51a58168e326aeb5e4983571e2ab281a,0.021968844119737433
614ca04eb0cfb532da75e19f226ddc30,0.021968625578407966
b8263e63bccdbb5a5b39c08ff25aefcf,0.021841866106456706
7cdd07ac3d554b00ad55d9556d04dece,0.021595515064905767
b17de648f23ec6ef1f27e9b6640b1069,0.021565979809882386
f9e5fbe8cb57581e795f8b3c51ee879c,0.02154149917380946
4832da3783b4f39e456244f36bd931ba,0.021340271441828946
a1de5e157d0a9edead8c3cfc8ebec4a1,0.021311369364588325
695e43a10a252c1011c4d94d6ef6e4bc,0.021288713776655727
e6cf76a079b13d7fb8d3a12385920bc0,0.021194461712769966
11e564a7d8b53452b6b5b51a96dce80f,0.021005309517891285
9cfb0e79f2f860f0c6d0f7eb73573502,0.0209933007835423
ec546b42baac4b506072c90f7c135201,0.020961113896524088
b8c9598bac4d57de3065b5730bffa795,0.020467942389799317
c9c104ce0948cd5ef8abe64625f68bd1,0.02032162657892648
10d088349d9596559807fceca519306d,0.020188293243906984
f31a143fbf83a14a420834e8a3032535,0.020121542266997344
08a63a7eb2864f65d493b3e67e9d771d,0.020106088025966345
29335c791ca349abf4d0235eead243b0,0.019884704027082947
c6b151eae04ce5dadaf385b24204c9cc,0.019722942922916306
ac05bc5bf95f0e67d62f21a635914faa,0.019685522921632254
7cd17b7540283ebad1fbbaca8a4ca0df,0.019663914275200287
d6cb27c7664e90d49ddb8cd718d1b4d8,0.01957813432910506
4469b0977a3694369ce5899bbe0c1932,0.01950624529663852
a580461751503c1ccbf3a52e57fbe8a0,0.019413452570153235
48263f7dd02d59cf666ec696f8a89212,0.019406633885503666
e98f52c8cedc3636ad000c8c44e5f5f6,0.01922610863638426
f41fccdb3d069de70dfd880fc47cc501,0.01905208531206837
eda6e1c9645b49eb8bff61194624d56e,0.01896617492182233
bdfe57957ceb9dffa67fee0aab626738,0.018785651900136317
e8542261866ca3c1cb7319c16c877d37,0.0182257298795665
4115983ff8bda5820d8a2c87a5e3942a,0.018217680737963322
462d9511d325ecaaca10a1c7d59f3cdf,0.01800707296534543
400077c13129b6af452121fec4ef1da5,0.017751743313323885
6a6bc94abe469b92798a74c08ef89118,0.01747950920015963
847151096664f9f6d2966f5a920aa4aa,0.017255305271924874
7da3354959796dfde8cb9b8b9751875e,0.01712317288600753
0add17f7b08e895a80a8a761786a0f7d,0.016976118422625995
217fb419f9b2681f9f6ac7804c98ccb3,0.01692615481304956
e9d85425b458d75f029e231f73c3912b,0.016751889410812834
43a002d09207576823da5f1dfec222ab,0.016656750224848048
1d7d0e45601c8c2ce2ac7f17692013a6,0.016462473038255702
af8b9072f9ac2c38e73ae1358a44104f,0.016320921029961015
e48ffdff6b2b8b99ac1b5edf4207f146,0.016279695136579363
65974cc5623c9482529ad5a33912bb9e,0.0162006180367132
49ffc977eb82f7ff11668a25fd64915b,0.015958833775964694
97e1a6d69c26096301166f3132554645,0.015948630887537424
e7189d4c1594c307a05797a728a5753c,0.015901129374450946
3ecb83e913f52c5f413bf082da117928,0.015716224020828756
dca3a9ede7b886a6eb2e43fd74375e36,0.01571195445191195
f629b07b53cb9a081f85cf454e40641e,0.015423063089810445
369656f87b704a04d20f25c5e715bd9d,0.015399025236157023
5bd108e197d9f83142a7e35ff858053e,0.01529238480503977
a57ab5b1a7f0629091357c0ea519042b,0.014872215467169016
11925330afc981f811eb2ed869e01965,0.014833008271059775
fd51a66138209be5928e9eb7d84c93e7,0.014773199287022422
d1967f3ef18c67afe009ab3a17268795,0.014508773541799629
472ea95e11bbff997ced2e49c2b73ce2,0.014149888341265798
57e8ae1e1c63626b58778aae72691729,0.014147070702093357
69cb2d8047f178daa983ebd940b28f8a,0.014145703998163237
dc16f580a2a20b676485e90d9edbbbd9,0.013948331774201126
0d36183194049799a6aefbf710fc52fa,0.013891302285570275
ecb1cbf00805062d0dcf5a83f3ab278e,0.013779438164254811
320519add3f5621ac75bdea02e009d6b,0.013682066784354628
d138686208f15573d46a368286e4cc0e,0.013430259630410623
938df9a838e681d045fd9c23eee7d2a9,0.013214419332732763
41b692c0ca0b318ba5cd542fbb631abe,0.01315331511106564
c7523728b5be89162ffc96b1fe7d7d83,0.013095769487398363
b5ffd4baed52d0a0dd6ea171a90fede9,0.01306467841430472
664771c2362ebff99ea1ab285d81b7ce,0.013053741859973832
39dc3b3f65311afd334f9e3c096acde9,0.012380233156884862
2eeabb9878d1c2b969767df7e6ab90ce,0.012372011378914556
46d44d5a3aa0cc0af0995a8a499380be,0.012345143361127518
617c54a5754eae269d4849b4f526e427,0.012192123718796148
3cbaf7d9aebc8fdc7073c3010b61d4b1,0.012186322855315448
f018e053a7c5cd233f2103ada9b1ed11,0.01195244373627664
4ae44fdf2a8a3e306eb8acaccfe28513,0.011891844545571843
becf5390e74a90a4730b01690f780959,0.011812948362473527
bfd88a15182843be8f7f7c6bfc0c965f,0.011715528002568499
8a07aca7b53c60007a49c8258524365c,0.011590099371384933
f1d7763a76c9a8a2761095e3cf49d7d3,0.011565639614352244
7ce75ab96fb3c8958859f64cc0659523,0.011539640593591284
65910b701ca115647eabe2693365690a,0.011364151680320466
86afa31116a628b7305acca79e555438,0.01126306074262313
cb55da4f828a3606108e7af217947245,0.011163033867085788
d5a9a97371c8deff568f60f2354dbf56,0.010384418533038486
4ae0996c6f3bbcd2093ddf798a5c67ab,0.010211989401279889
b1e6f34e4240a275f3f35c7cb6fce68e,0.010111095145876247
fa71bf0a3e7de0a7dfbeea3f1e2f0750,0.010052250296213126
f62d0d8c5f5c1ea79be2a8a1bca1a0f3,0.009776107707963033
6ee51f343139790ca51557740abec503,0.009372580098500127
8a58c9a11937b81934b7070af2d8bdcb,0.0092446672906967
d1816e795b7d6f4763365264921a63af,0.00912788912308514
28ab311485fb71435c5830f9b6bca766,0.009072922196520101
7948fdcd039fa1ddc7027295d737cc1c,0.00902325152881245
2cd04fe6df88c0d676bbfd95817561fd,0.009009843823354928
d46f10c19c51fbbc0d41a4a944bc2fec,0.008652770065359642
9fee08073299c5408e1df3dc97dbc7fc,0.008584507606379754
670d783d21b6c519c4859b72f0609a75,0.008343753234711647
d845575a8a24313517673e762e125cf0,0.008100126177688188
3fe03a0b933fff7ac7fe8051d74c41ea,0.007957165190895841
29274668751a816ac532ffe1a9f7edd2,0.007929597923627246
f9de42bd3e96263ede2b1d0dd1d84124,0.007883277193269733
5bf04af9d64a09ecd8e6c6de26a211ac,0.007853912623190218
4ad111524577bae0c0c842e67f3b536c,0.007846775296503189
86a59d69b37252e1219172ca6549b040,0.007651959437301928
a330237feaa37b164be80381d7ed0cbd,0.007102420788044381
48ca14c9b55def1702dbc79176dfcaa1,0.007061806881536739
8091021df4298d52bb2835cdb894b3f1,0.007033623547715914
3eb74f2d10a729269e66b85d1bf4d760,0.006828003820920703
267e5f1e70e7c8bcf3a858bc8775bc09,0.006639886658856609
d6e183416a75d99b498618a5bb786727,0.0066341392301967235
1126495ba0dfa1dce51f913209f14f98,0.006480160681818423
3a1ecd721ec185d456ea584e8c6c9f27,0.006393906653836981
d31a305037e6a30f9be941c7007d6546,0.006261573769140062
61cd8d7c2c2801aee089f0ad8fda43a3,0.006127093706157542
08b190cd00e945e8d59cd2cacfa74203,0.00589481449394916
f5b08656d0ba4989937b77b8785ad202,0.005888072642467124
d47e8ab3535fe29de7c18e41d3a777d3,0.005802074207007385
a9d9a8b9ffff242a1f9088dc2602dd2d,0.005300277223642302
bafdfb461d956783f1bcf99e07c4b00d,0.005290014799542381
132f726cb935abf8474e05cb40557132,0.0052640735404241405
974bfec08caa0d694aed2f4266758a56,0.005187686498347387
d249689b7cc8cdf5989156e6f27c028b,0.005127292123092772
f4cdf6242d1955525940cc48b0c30a5e,0.005087903276325396
b7cc55122a6df331dee5fcb54ae32775,0.004829928263840438
a5170186096fd9ccbebfe771b327cae1,0.004827933984728363
7e3e9a4b84686abaaef8ccb863a7351d,0.0047569970113424875
5a99496557afd501c90037246bac1208,0.004694811772479165
6f6e73c6685f075ed238291f8468d6b9,0.004492255427064659
37387015e933c41210aca9a3a2d19897,0.00434558961774964
e706fbd255b4430b6b9be0b65ce68a75,0.004124394328888302
b7a6396d9d63326dce76bf9c6322642a,0.004089655077220488
57ecf61d0ae3d7f99908f8f9c9e5bce7,0.004084772651056198
7ce44f270fa9b2fd42d4d45a4931428e,0.004077799444650835
05533604789178932552a01ccb048651,0.003911758220873004
2a97634364a61623a31e204331427a6c,0.0038477127762188523
7bf3912e2ea118180b8928ff907142bb,0.0037860803552950354
93df9c9730f6eedef8b6d7c9db71577f,0.003560469695840807
8b8c0c270e3a8abe83ce423adb1807c3,0.0033883554886776717
dd82e943c0283669103dd28676f6a72f,0.0031928066349167787
e18ae47a92d923e25b7274d6aa03cf1e,0.0030891495055912492
c9ada848b9503985cba2fbd15bcabf93,0.00281030750836517
5954946b57e721a69a36f63f79e07585,0.0027282403552290274
f2d4a0d3b9c57ae804f2db5265f0b908,0.0023418817532935877
b50a289842c3e23c4528192baec6fa80,0.002301046340616807
5ebd71e8e9a66fc484152cd34a39000c,0.0022699284208611147
939555d7c3b1a7bb940cb84dfeeed4b8,0.002124836080683742
e69aefbe6167fa4bab0e88e4e479657f,0.0020561416563739253
6daeb4453b29d250e53a2789c55f8178,0.002018471952159489
aeb0c980584455b983891cbed0771e1f,0.0017865000381522493
f0f3c8a1c0578e80aaee3a3a50bffb53,0.0017088849388830838
36d5a7b70c37408bb2468e4361706051,0.0015758079974113725
3dcde29d8df7b581e7f00630741dcca2,0.0014690674568465728
290f5f4f4875323d9791935dc18b192c,0.0013549166184504023
e5e58e876117649f80aa6a0e0524f0bc,0.0012074461182622637
1685c1e994ccb8862686f2ea9ef1eb91,0.0011691487079254703
78aee6417675571f24e1d066df7aec48,0.0011049203718404448
ddc69f0c52b2d05d98523db83c6fb516,0.0009738362056713081
5e0af5d06b4d070ccfa08e1e33e5d95f,0.000769149364690413
a12d67b5444a356bebdd247ac0b5f83f,0.0006659065087967625
a2cfe52e238bcd9aae66e49062312d0b,0.0005089707204471427
201c650fa1c33b861e5adee53ae37d6e,0.0004094653371650723
0eb607f7ee8d40551aa31a09b78a4263,0.00037611211779336177
d7920ae9ca82cbf7cf0339d3c6865aa9,0.00032106589289412224
febd1749873d48ee1c3be359c118022d,0.0002820270185086526
cb2e80970760702cdb27081a91cf0d69,0.00011067947635071251
1c5f9bc46b1ad6e76c26888842a275f1,-2.362433918109884e-05
38a8f4f5789043fffa08f1cbda98007a,-7.052839778582488e-05
8fc5a7bb96d4039e65356d497e0cb355,-0.00033929494692038766
022dfbedc3aeb4e80ce2371f28aa96fa,-0.0004255085896728678
f8549a93f5a9a41e4a646e86f82b1e24,-0.0006398037171372214
b505bd1e47523701b8726402fd91143b,-0.000698182669008598
50a9c5f163ad7ea86a7dae4c85cd2174,-0.0008098759779485413
27fc5f2cc98b5f86511b176000e68289,-0.0009220657363723215
a7ce2609477686b88a28e43cc58d8311,-0.000941909423327143
cf0a3a35b3f5f2211113dd16ab2bb11f,-0.0010050658709675317
4cf8fea5aef9b5418a428ec5a6b44db5,-0.0011778254064877267
14fcbebffecc9d9ec50e00b10c76c1bc,-0.0012395213840409836
e0a383a249cf8e3d71d8f164c95460e9,-0.0012586219716706271
e177848936e69583d2207935638d7d21,-0.00132100204048342
e7dd0d731b75e81a7c1ba849f601d388,-0.0014709574554410245
529cd8ab1ad3926a16598d8ffa5c6339,-0.0017208852678437998
508147260ac3b9b40d2c242365b97882,-0.0017314549978805175
c0c17e145e17dff597da6a4397d4356f,-0.0017573443435496146
4180281533c29fb53b10a6470cdfbd4f,-0.0019268263196369297
8ecdf08d36bd5f47e24ac4bfefae11c5,-0.0019725611609893727
ab4fe99ca91285786b20ba55b1446937,-0.0025287269533647715
8f20fe15dbe0f4556ef1681aa13307f9,-0.002660158776813617
08ed58ee0683103993ef6780e7f5a8d8,-0.002786553051633246
527d4d56052dd1486c36a9402f462702,-0.0028877048798819234
52a5ac00e2ff945924ee586ccbfa2d2e,-0.002933102313914808
81226a20efbbe783cf59d5ffa8477b6f,-0.0029694588613782386
7b90b81f2285f9f9e2be93bf576f8f8b,-0.003016029796296652
b44249971c2e8d02b106e3745305bee9,-0.003079357913721117
b1ea4fc1cdbc1c58aefde0b725414c57,-0.0031572080604651636
4321f71e562a2e99029b673eafd657ff,-0.0032033809334696393
e5416e5a04e38d89f2b01dc8495f2d66,-0.0034269828628623418
44eeea045ec93c7ca6dcb5eb8264b411,-0.003492177937922352
1cd4abeeb9c296c03881891280ecbb28,-0.003666394210411214
66f4354f653573a47764f3c6155f2bd8,-0.0037265744529052037
b1d1ba34c5f759690c54b42f75534e42,-0.0038483275347794615
19071359a402b9b51779d559498d34f6,-0.00392042561546144
7974a63fb4411a27243cdc877e909181,-0.003953372158251748
b1e49b37f56b16404dff79a08860db0b,-0.004164493663626129
624bed7fb4ac2e20109792b933fe6763,-0.004277714551148492
4ba45209aedea81e1ee5cac290852b46,-0.004414632443606816
5d240b232fb4a7b14627f2cad057782c,-0.004466014463978288
811cfc66c71ed5dbcb2bd5f0976ec45c,-0.004539529471356449
84fe109254aaa696a10eee40c198cbe9,-0.004785627751272271
428cc8bffbc4058e33642ec19e8aa00c,-0.004800276292882037
f99469d3dc0821ebdc509a1675b4154b,-0.004824661112551184
3d75dbf55cb6c122fa77a4e7ff3dc8d9,-0.0049239946958679
6c73f9a141f97ec0e94e11636e3709cf,-0.00507636405657964
b02b460be46594ee38f70cb5719d4736,-0.005274200544776488
794325d9150195a547b9a0d5a2785cc6,-0.00528621691044957
90489eac9dd49bfdd4d9f0ae14751aa8,-0.005374443912483178
19ee1d6912faaa74d566ffbfe29d854a,-0.005394606422536686
c8345eaf784c209e30e4a5a96c3af532,-0.0054610271932295
49ed560bb40abadd15457407f74f2684,-0.005484040872028703
317918c2bf8aa11bc3ca19032f2af01f,-0.0055936248367607555
71b9c6f7626d1f2a9dd877d5e6985682,-0.005634538929633809
f34b3418c8c75a41f9fd0097adccc5f5,-0.005694014901156658
b29eeec568a7fa312a6bf24c4cb1c9f8,-0.00577821985516025
b221d7bf7a04d1f9049bd38b2ea5d29b,-0.0057911312272202
a08adde7c0a42ebdc396e5b0bc9942e8,-0.005898549494474275
e3ee538cda910dfd301951e8d03d53f0,-0.005992183202894622
ac73bb13f8722c8bb6a1fbf9f067b206,-0.0060214124231335354
91c911fdb1a0b45401be02d0384a835b,-0.006123908201130199
10bf7d4cda68c31fce4f4dc22dbc5771,-0.006189078295073033
f0ed1da3c948f433b06c2e65b2b1b9e0,-0.006265527881514992
c2fabf0d959e90d36538481797861f22,-0.006396408981904213
c2b6320316bc2557eee93d84de6db73b,-0.006569999507538402
0d93184dc6adc31bd49443af118410dd,-0.006939287313061685
557e71da0838ab11e01a5d36c7e9228f,-0.006993633118079275
f37736cfd2d434346f446b85cec0cbae,-0.007222786002958631
16cc2497833ec315fce020c74c525e2f,-0.007396360141949495
6d9e55fb5502dfdd3ea25f396eb5006c,-0.007426228485557247
fbb9ae876e0dda9e88fbc0b2531c78bc,-0.007465129978529882
a1d86dea0ed3b8969d1a24649b26421e,-0.0076010271828989215
dc8d847b1f46fffc6bfe1ec0fa53d2c6,-0.008208094805881468
878dc0ce16b33922e33947ff5555bed5,-0.008231289450141706
9f09c69b1e75ad235cd2f92357f52e06,-0.008319190617626553
84823dc258a5f8060ec8d3af81a7c65d,-0.008429475302552973
a97b639502775a389298b6299ac65d76,-0.008454472682400654
5b59d7d40643605df9047eb434df5a23,-0.008470428733420377
2627b3d036a2652711cb7e2ebd88d25b,-0.008590243278567384
36f03e4a59486a747073cc9e40af7c3f,-0.008629362281765267
05cd1b9e92fbe86194d891404c3932cb,-0.00866741660895503
c2e2a3fb634ff400a582c0aa20a4d521,-0.008745214884431113
15537619fd8d432345ba2317c9f5ec61,-0.008753425058212094
2aaa1d7e28f59cdbe32d2b9da17280bd,-0.008833151074843809
6d02fddc2bbec2112d7dc0c02e05be4e,-0.008873705843929228
2dd0ca39e6fc1079dc447b3ee9f1f9fd,-0.008949595906076213
67bbda281f031d72aeb437e5fa0e26d0,-0.009278900213514778
197b7783f6ff80620a6c7f08c970d1b7,-0.00937756646330253
2c20a53c34de85c246a49f24e7732850,-0.009402812510802227
1f36ad30b206e69f16d13cfcdc5bda08,-0.009445725555425038
e4e9f756e97f3b14e06fa74dfd6b4b59,-0.009554296394623404
1b68f0034933c2f010861a4b380c5104,-0.009568164247781548
19cb0028ee002f9839ab9b4f2fe5cd66,-0.009580076556020906
10733fdb80cc164315b5c357bc71038b,-0.009602263654146962
72117b96cbc348255b01ae4f82e26167,-0.00962631920724921
3e6334505ea8b6ee58958f4638d4fe4d,-0.009907240060488544
b0b8c626e80cd5c4bc7b3d71dc549e7b,-0.009940976460479369
b73ea9e6aa1f7c7310ac9f5e6816f9d6,-0.00995452631651169
23c7c29ac6810aaca6ebd0e794ee464d,-0.010092875693309335
35fe959567339e118a946c6dce21d834,-0.010148485490259786
fd26386b0185a5772ec0fd3179b36f1e,-0.010166733334298657
ece64f1dc51f61dfed450159505da85b,-0.010219225190360053
749185ea5ebe806a6f9d83f493fcc5b5,-0.010263160548311036
353d38c0cfc0f218e8c868f6745b8660,-0.010268590186074813
93d8cb25d9ef57a404b6303fe8f9a9a7,-0.010332443399800044
033174ae5f1a38f46c94165f1ac69dbd,-0.010428664740650507
72e741f5b552938cafe8217820433c3e,-0.010790183898209037
938e67172a707ef40da63d81c919f5ad,-0.010806096055482379
8c167e3381323ac83e53980fd7a405a4,-0.011026369161784599
a8ff483beecbbd6d3e6bdfa41f1b3947,-0.011057733526423865
5987714af68eadbd1056645b5a9f871c,-0.011149279838836831
698dbf715fc701f768c6db52228092a3,-0.011181526862971015
bfeb7ad36f008851a7684bd3d7ba15ff,-0.011408943646962006
fc6e2c3d530150c20032627b6d55b8c0,-0.011481875640493425
f15553da38ac73afb4adaa6dd5dd098e,-0.01180232247120562
257c0ef99a36abbcfdb749de5e6c668f,-0.011836109743886407
df44a209a28510dbdde4e0c7e8fa10ac,-0.011838518807466008
cd46afaf6991074e4e21d56bc2fc945e,-0.011926522457010156
f7e5db59d1d9317c67a1420e00d3bcb4,-0.011984861568532996
8c5a707bf1c058a2271b7e1db7ad32e7,-0.012608610638714733
acaa07406adad33be90423374481d583,-0.01283699220248722
943d5b2ab0f71bf887f31d6300ce761f,-0.012861833065539872
316787dfc8d6df675d35cc4f47ce0488,-0.01289252638644973
ecc28d19655c68ba9645e627115a1f34,-0.013125246147434495
e9e22abbd40727072be0d652e00e3e32,-0.013172021346924538
1569d401c39d2371e436334b6f1bebe3,-0.013483702544178624
79cf5d5bf4c2a79589c322b1d3c69f7f,-0.01376694558753528
c098450ffadbb6251d808647f8391adf,-0.013950376945032279
fd5078d05bdfdc28d8dc0500a598a986,-0.014382071000490788
a8902fe384572bcab1fcdd844f8adcc0,-0.01446625469516837
ac1eddd2c66ae18d0afdd1d315684c84,-0.014635043012808673
fd935e6d306e7b75349e4838a74018cf,-0.014768122497158144
72158ac5415f8e17badc6ded8a115c16,-0.014877891379290954
d14ac50d570c21c9fb546cfe07ece233,-0.015171265513975652
7281787c030d5330445923b19d1c7a8d,-0.015272810200875142
5752c457eb70cdb1ee46ac594ecc68bb,-0.01538621831951829
26fdc1b4f1d0354b182eb5f490f4b387,-0.015787948726087495
79c1228a897c5ff25a114d7d39fccd15,-0.016177290635036746
e8498acadad42da698b9a1ac825d2270,-0.016258051363363356
dd68d1a35f5c17f3fdcd9b64de95f10e,-0.016689861921523146
bcbe85bd3a36f9d857536657a98dfda1,-0.01671221314253249
80c79cb803f6fc06f3bc4c3417d12cbd,-0.016719014360902274
2d0690cd9acccb6fe620906043c51747,-0.017029975541775884
99022a8e0af7edf7c0934952b0523f79,-0.01707805332490409
c87fffc25d9ef5a205aa70078f47f700,-0.017315753080662032
1c6b243a637b35e6b467da17e1de3343,-0.017483541384647458
1b9a8b9251476eaf38f85f35ed9dce5f,-0.017547463111008983
1760ba1f4826fdd9c34a51ef7bfb1a2b,-0.017713327754933422
2fb7bb720fcc3e102c03a3900b64a11b,-0.01813443757571227
ecdfaf9d04160f44deb3fb241c3c595f,-0.01830855484781936
f203a0634e45ced067dd89ea5b669656,-0.018368601915133728
a239bcd96b79f041effa00c20b97b1ee,-0.018441463549974568
cdf8aa2443d6096d12e411821f54c967,-0.018502385299510277
11f90966ec490b8ca7a190400695598c,-0.018608483366240908
86b911c0c7c65f8d6e372c3d71a21e01,-0.018772488702394955
a980fce596ac8eaeacd5f683c8f1c93a,-0.018808117536521056
00c3e618d97aa9c42a69781d02299635,-0.01890098643275992
3feb8e868feeb980abb4579fccf749c8,-0.01890780280355821
4216924559872038c47f30d241cd3e5e,-0.019024128553939337
eb173922599efce9efab277ac6004e12,-0.01908110676075536
7c0dbebeaff72a81b8c960e4f8ecec67,-0.019213480929530753
635a42ef55ca3126f7c8842ddca3c495,-0.019227079008847126
535a7cd47525b30cd2485a6f45ac2241,-0.019316230325799516
fc183e9d621c58115e2c35f5d60401af,-0.01939593778277897
b27ba88b676bd5dc592a80e220ed2414,-0.01956841011148559
b39578e17b28c0020b424d9d1b909b46,-0.01960352331993461
421e056fc4e19a030c7deb081876618c,-0.01961863563349642
6d2f294508e0b74f272d98d76eb18e1f,-0.019644041430852542
6ce3a66fd8c4416ac8c5ccdda82fbc76,-0.019678141261162883
7201ba7fd56edf7bbc166f52bdf05755,-0.020182863871803586
fa9cfdc56555ee8b514c49a8a2dab204,-0.0202992798156752
de87ba7f3107c3da23de6462fe780ceb,-0.020343765622914716
66e71fcbadf9cbacb869a18b40506152,-0.02038883001690207
88dd48bccf59638a65b93afa96569ef3,-0.020455221074703225
3460737649d9337b6d16736010e0944e,-0.020477781017815024
b4d0ef3f7a666d6276bf5c28db276740,-0.020663368198631238
954962ba5bbf4fa162f7635ad1295740,-0.020683189965277883
0319d191bd80294ef7caebac74b1ace8,-0.021315785596433785
7a0e456a6c95a8e87413581c7890e811,-0.021435043270433555
c82eadf5a425d1c41af867ee91c6b644,-0.021499113710926464
ac19b47007a7003df123d469e11a36f6,-0.02165120231331845
7f1bb24cc1d47fcc29fc8a137052d776,-0.02169284389108428
116d5ebe0d6728ce26b4e437801fff53,-0.021707362495641754
8ddfbd106b37bf9ed1bb08618694f0a9,-0.021753882942974312
7c37178eb2061952cd4947903c100f91,-0.02175500850382571
790b454498fbb88e11eec7c461ea80ac,-0.021812727074128353
be00a7674f9e7c55ea924adf8c93b29b,-0.021817206829454715
c166bd291497f36568cdc9e99d6a2e32,-0.02183527273590926
aebe9045d81b2f04ce6c159a4040a7a4,-0.02189165472197766
2d75eb30aaf371f0eb229df581806358,-0.022000129524460177
dd4c44c1d42dc24b41e546048df40a6a,-0.022000444958069108
528a49bb2c3a96b666962f5067b6c488,-0.02201683396109749
f70c706b46edbac642f4b44b3f338021,-0.022232806967100362
56f9de94e6baa815d51a89d34349a4c6,-0.02225963014205905
fb6817030178b550f538a1e1c8699f16,-0.02230978016785331
088c0a1ed8d1a0734e90b3da6b9c504b,-0.022468481931153444
003ca3563d0b12cc0b493f74f1e8613a,-0.022637743430376688
e01f0dea8d5a587649db5d980a824a43,-0.02263878944657867
2b69d9c9cc39305b8b754254e70c8354,-0.02272166582629745
171e4dc173b57ed0d2675aa21b783393,-0.023081023829738423
4b6bfb1fb11c280086d1eb3dbd45413b,-0.02319654150452106
187f40d4859ea5e8ca8a972d16ad81b2,-0.023301137298467643
5a8e5ebfa675b0dd00924ce59d36b8b0,-0.02346124826988782
19efee14e623c38504e0d85563ffb50f,-0.023510037035144614
2123be9769dc769aee156952e302503f,-0.023588285710990853
0d50e5d20c102af48913ebf69729551e,-0.02361191161514084
c2653e1e7ec1bc38d2c9b0b38b03bb27,-0.02379316634358021
e07f01f58de803511b6802c66b1f3f8f,-0.02409280708808101
e602e3ef0929c4f9e9892f4598b77f61,-0.024121894228501153
bdd9bbcf5a1841205fef09f8ae97afa1,-0.024172540363078306
169ecc5384d0edfcf2c532d4a96a2c02,-0.024276182970555064
4c0470c25355a8369a08501e765ddae9,-0.0244437874976649
4d4fc973df39c4e60d664c2f331cad43,-0.02542599901983874
b1bcfc591897a9dbd2aef5bff145e323,-0.02543192990382416
0c0697ab7edcee116eb05648b19f6444,-0.025469872231630622
4181fce9294c8dbc7b2c749f75f1c105,-0.02551039899496614
85863021f92bdb2d1d1b8b860c0619f9,-0.02552151333974681
48df621bf15bc1780f3aaf355ead0ec1,-0.025570663645626813
ec85f05dfe8056516ddbdaf2eed4f02a,-0.025767599062197097
dc7b4d0a7eb2cc0659664a60a9d196f4,-0.026042499231673562
435f81cee596ebcf1fcbea06a0554f66,-0.026047553070705734
72d4be08d48e29377babbdfbddd7fbde,-0.026085294598773668
4b95938687b60d2bcda2bd41beee1e78,-0.02611569583648365
6a1c3a644d10d7460d2240e571de6f6f,-0.02622588831778044
42850ad86cd3495fb024ac7aeecfbc74,-0.026365756126500606
0fd07c04abcd1c976c66a19ea7966ad7,-0.02674485236643298
6d06b96dfd67bbf97b5fe718e9c3dbf5,-0.02677797990776579
725a7d025696522083ec45318b7c378e,-0.026860559645876064
b46e9fb6298942b824fa56693a0e4b90,-0.026887332319237626
d4268a777a9fa5ea64e07ec15a49e86d,-0.026995214633558584
4b42e43dd6c16be21dd10fc91c159e13,-0.027013758177825635
d682e44be99177bd4074b1243424a410,-0.027053438127860475
6d9c521edaa6cada1c00dd383fdc9f12,-0.027427374597727615
ef53138a6737c4d67439991cecbbafb6,-0.027448037021120482
ffef16471292d32e64f5dea174fc2a93,-0.02747058489456313
6da9519c9cab21cd859e0df7fc66b007,-0.027549711115150553
f03216fd5058c5555bd69722101b4588,-0.02757807695133269
9512ba747dae58afe9aebab0510ba1d0,-0.02771387273286858
fb206293c74f47816d2f6211b09dda0e,-0.02772120645424549
ad954d3a251af34fc4cfc1fe73e49563,-0.027722377379960698
abc996aa31d57d97e412aab7c549ccd8,-0.02773340861955417
e73e7cfe915638bef73459a029050827,-0.027812177209691587
9c54d1bd6f5b09a9dad69fa74940a128,-0.02795290951934344
aee508868def7e9d042f15306a38e4fe,-0.0279865309874446
011166037127d8afdd94de49b8f8f9fa,-0.028034310127605107
88d9d2abb7682a19caea2f85b0c83952,-0.028175251832702104
040fea50e994574459a4a3073629bf78,-0.028210993053710883
dcaad611ec7851e821bc326cf0725c1d,-0.02837573248599173
d1c9846d532b211427be33779a47d58c,-0.028711858848344467
f92bd27973c3d7173906871c2f052dd6,-0.02879891456649651
5bb4f2f67d7d65f82c46985c5e2cf8a7,-0.028970911081022913
1a505b5eb855dabdd31e8b475f9f726c,-0.029141356488229162
809aaebb8f3dd3c94a300ed9da413787,-0.029263608038979174
bfd0927961b92b7b54fc60a965e8c2c0,-0.029364276925147634
aa87c38fd981ade59311ae928477bbe1,-0.029468652547270623
d53a28041348e0d3595f3e5bf9dcabf0,-0.029477707933292498
b1021a3a6e227a85e9ad836e86c0476c,-0.029596302628906425
12c63a8fb7e7d76aa2a415e3e68aefc8,-0.029928615886202783
5b457624ba4f2a5a1c468eb95752d91b,-0.030111807526312227
144e7da04fba1d0a87851a4dd8f8fdee,-0.03016211038069143
062456781d8cf476236e9b0d443390fa,-0.030205534273891024
7819500cb36f8c2529def5bfaa4d67aa,-0.03045175535438345
f10bfc9846430812cf7380d8f1f27576,-0.03050194234450178
df3704c582719486381beae320878647,-0.03058181247972688
e7ef096e905b6539bf96aa690fca907a,-0.030659464169688073
ed7d47f79f47dc6d56194f4b24acf14c,-0.030911911084744673
119bfda96f57613245615d0a3fd19d74,-0.031006931043981376
3bfba2947bbc4e82d0280b836c42919e,-0.031034892495000067
bb60f1eb3cd71dbc34dec16012076277,-0.03107121109604725
9c1b06b79a56e37eab862d7e7a27c868,-0.031124102043658685
7577f30377afc9a5db4444aaac083971,-0.0313755529929947
c290bed651388777c263caf39f8749c0,-0.031413499566994546
2651b4213bc3989d9f2b3554aafe7d0a,-0.031901239934750344
95d9eea8c73fed426497cce0a03fcb6f,-0.03200702619449099
be44370b70a178b37b250c0baf71289d,-0.03200871459587844
8bf168422ff38f727fe4cef9037d1690,-0.03231921005336134
f689b5e34e9ad2907bf1ee15056356d6,-0.032445438604983
e76e9835005158b53dac4ae3af6a441a,-0.032449943019791386
8b26e69fe01c9fedf9e386ffd42ad0aa,-0.03264998451880952
21e9d61284d724df920628fb27e2fd9e,-0.0329124587283612
9eef66a3ceb6e61e8fce4f8d1e4edd2d,-0.03294496923120088
ac28d0b8b7bcdacbe13751ab8d85c1dd,-0.03302910133671982
61cb6ba47f823bc3378c16ca8c898151,-0.033264116810012345
d7a1eaaecabb1b754c6fb90677ce1333,-0.03344845320844872
c8451da2f600cd3ccf1afe24c90a3d1d,-0.0334968641237143
84663128f2603f6c83c16668baded95c,-0.033752441782874766
97d53627c91ecfed1430feafb0d27b45,-0.03380366208237268
39cd99da7028cab316b6df3d8cc0a3e0,-0.03384288830227621
103218a26a304faa59641a3187094f78,-0.03386083837912599
e14d15eaca0b7381814d3e4d2e412431,-0.03392510806488083
18b89a04b77fef5d50ca0c69414dfbcd,-0.03401336775459744
477134c21581fcce8fa07a63a679b4c4,-0.03410565883118939
32db9d93662c42aedba733c4dffbe260,-0.03420256016778376
a3cc0d0576f2b6ed1d52a880b8a79069,-0.03429500473401549
cbae05140d5325a3fca3f6c43dbd331d,-0.03444157278874363
a12cf5b20ccc7bd945f5836e7b392eef,-0.03453258111849621
5a080f65e1dbfc7b5427568bb220edb3,-0.03454125334809516
85ca79ae671a3ac8b28d3cb0d2be6055,-0.03464312334782404
b8b98d63cc1549c0809940f16529bd6d,-0.034680131024585184
c7bae8af5bc971eefea1544177ce5a9c,-0.03484717959124963
f2c9bc27b23aa3b3871b9debb4decf6b,-0.034895818076180495
3f74b2df82e477f6c58ca619df23cc79,-0.035355363092526994
374e29b27c5dcab6bcabeaa22757782b,-0.035517354381497765
22c4c623d824a5b12dad1517ef60a8c3,-0.03558890831323476
07fecc2814c0a3613d59914fb111a135,-0.03575598386660543
fcb3401cf19d5178ea8629d2e80db0b6,-0.035783634752832916
5c33edb9acaec7c44d135e20968cf834,-0.0358193182367537
0d213782def4a7b3a21534cf5ab367c4,-0.035859311135049816
22f2632ab59b2c06b257ba2d4d8a3317,-0.03594482210418746
3f66fefdb1770929d8c147a9fe9c9a25,-0.036157400202205515
a952d22bf8cb448a219db36e960ea4b5,-0.03621993040704379
56b05ba3089f4a49bfce4a590dca8467,-0.03642362321769432
2d54fa3e6377c20672871627127d21ce,-0.03664619898136064
3d605aaa728d4b3ee9c8c08a0da3843f,-0.03693868059131036
d19a46be48b9e601eff161f3b8ee9048,-0.037036445487120796
7dec6f18c325ab19721b76f3752a79b4,-0.03761674990464759
345739ec77bc7b91fb0c8a797f079478,-0.03763791550836361
2e44df2dcb55824649b6ff49f449cdd9,-0.037689802581714164
4c9524e77ef0c742d8992f872a7d4803,-0.037804892691140714
e2261cc61b35deb620e00a29b7d9cb66,-0.037886383174737054
e4c36f19849ef71305998c9e2a9cc293,-0.038388636451503345
bcd246d97283c1de80612224f6291ac0,-0.03847034916707834
c0a668539aed8d4686c4bff3f9290816,-0.03854009056969681
9154257e38f3ace4e103b417878501a3,-0.038811102089097334
d01df8f0f4ca4f61f042b694920558d5,-0.03901569572453417
0b05484fdd9452f1f6fb0445bda512f0,-0.03913106638963854
6fe12199aea2c8954946b4f24d25727a,-0.03915563887953863
aa066b2dd44c786389ba510f11ca796e,-0.03915881226175636
c65a49193647d5b6d96c8d4630344576,-0.03919814194428488
f73196d6db33aaa9febbe05a0e104a6e,-0.03920994235531759
6f84a6b129a82c9d3382af5a160c8f90,-0.03963098451306723
ffdb76def6789a0745f6a04d006c2550,-0.03976822933514629
7a8e889fdd9d9ea0330a06db90799c52,-0.039774788792398194
9c7fa3c3a29eb05efde3955ed72bc8eb,-0.039822325916104226
ac8487c2be495001dfac749a66e5fac2,-0.03998171876057152
d235e575d8ec320e6de26c93d8236a30,-0.040147772302121625
03b1e6305293759512583526daeed56d,-0.04024189846020742
d7e3ff2c35c8581d9ba7a35b5c101820,-0.040649974183769755
c8fa50c505638219451ff837cad02696,-0.04069465330516946
371bf8fd89a78cd0702e9177d1fb06ca,-0.04082762018064559
d6cdd0cfef0fd81a355c464d49e591b4,-0.04104914284053495
c4a08923ed46ce68558b6c22fb695d39,-0.041130904966234366
42f08587be6ebbfb7521ab108f741d97,-0.04115129059874194
7384682cad4c7130ac66acb168bf0caa,-0.04121780168887895
54c078529211e33670e28519b82c3fce,-0.04138646417842885
d50f999a402d5aef8d4f8985782659f7,-0.04152492815478255
a45fbbc09cc7542777626bdf2aae5dae,-0.04152617498024901
9b523a1b49e46ab3c28d805835f308da,-0.041556959281094895
c325918d7ddaead74297c350521b1da5,-0.041657110894340106
f86116fe6573061ff7d609ef824b018f,-0.041734230041002504
aa0a2c798d1d7d857004df2e584cc285,-0.04176772522497663
6f11bbc1de6063d89e9a32da413b39fd,-0.041859013339786165
3e17ad974656a0bafecaf8319daf7236,-0.041920106960524076
8a7b3eda046b47a886e341532c82e895,-0.04193310539895572
7b1b8ee531960d93fe779e6f99f9c06e,-0.04206131104254598
dc9da787413fa8b054e6396ad1b0f65d,-0.042158568613756164
e9f4e4867908a63f32af9022c9016bc2,-0.04217117702787428
b99ed6da3412877f6f288d1d8cd3add8,-0.04265609470120989
ad24f728fed474e593e2f204974c581d,-0.042722471398570355
1ac8157543e4e9f45d37ae0baef0a13d,-0.04281783719396369
8fdbbf5942aa5b54dd0420252fb7e4f6,-0.04305652722655169
73d3e6f87b697c8cbe5a11ea3fd949f9,-0.043090061551200654
cf0ebd13a4b0638372adf8b481509b3c,-0.04342169802899606
38bc526d4bb7413c975d589e3ea61aed,-0.04484599208051858
8121e654207faecec0f7dd4005d05a3f,-0.0448609031253336
98072bc099489e6e57d365e72ad8f444,-0.04514401930381295
8aa95d373cc7f4f25c9510ba30855d6c,-0.04530561279796659
415b1204dfd4e9edfe28fcf68d6e0029,-0.045324799720504474
c93635a125a50b3823a35c90d3ba4705,-0.04543186080956903
f677d6a9efeafff87a7c71e3c3145071,-0.04557763847846982
4bef6052ace2e10e5e60d58b8dfb98f9,-0.04560333128033902
8f3e1233dc1853daa0dd60f1c88e0c83,-0.04562013715152714
b0735b943e1d77830d902820368b6bad,-0.045629712176028424
2833ee3f7c229d785b4e1c6875664d85,-0.045832744744662576
9bd32e89f013432c39b8b36ea80a38b1,-0.04591174165750995
e511f721b9f8641197d9094ba06d14df,-0.04597705789923827
afd7c232decddc2ce6d14d8c325c9b93,-0.046185769939515245
990e6a27022463cdefd3f7ff6b42428f,-0.04668347234175739
6520b009069d80d2fcdf5d5f2b73d628,-0.046827144789552265
363e2bf423bb843b50471aa40be7277e,-0.04704106403419041
229aa767506bbb723e72a5d524de0e14,-0.0470658622925542
2fbc912501875133dae565a714e3a5b6,-0.047121937338176594
471394599b9c4454d80799da247d61a6,-0.047178920540733686
679967d8a0dbd4a30eaceca53542363a,-0.047708335485386326
42ab52a4004e0fef423bd6a66158fb14,-0.0478518526294061
bd5236fb011b527cc9a16b35d9c2728c,-0.0478929385295912
f281769d7c2865546d72b7c2a319a603,-0.04801758153023736
faefcb352bee68ebf4a255f7339c0e6a,-0.0481324626593368
3451b21369bd777d17051194b8503b83,-0.048503903236947
e6ab35c480eebc43122a2114ca21539f,-0.04879287638805434
7de20b27a452647f99424e2a5b0c2d1e,-0.048874685999147606
5634fb005cd8b6ac771851f3756c89d2,-0.049003022914572474
859559d3889984ec38fd723a7c634b02,-0.04907419596917837
b0b902dacbc962794543f37c4328d33a,-0.04921014055040091
69b787bb75170152c099b2b637ac0222,-0.049447402956580594
55d7c3c02fefdff703a68368fdbd7966,-0.049453713280046226
a025538e74cbc8b814eeca704c50421a,-0.0494969999741339
9a38cd9373dd52f9d51de59b32a02163,-0.05005190298888152
814d2880932263f7915edda82ed29b46,-0.050119667574912354
1efdbc9d938dfd23e8b3152bb1565eeb,-0.050817577503661504
b6626461498a4b9dc3453a9e81750ffa,-0.051219359739464655
584d219dcbf4b86ec2835ef1c508aa50,-0.05127111531932241
94a610e9902723e9a270a8ca28e2dfaf,-0.05130701677233338
b70e9226028abf865d43ec732e2092e7,-0.05134646993841845
f87dcb5c8a9e7b63bc0e592158c9a192,-0.051552520330496183
d1d9787025b2a1b5c7e3f22e26418ed8,-0.052310328920464416
661cd42a23b485e6a335d297a7c70918,-0.052607507131486125
3690eb84f06b616eb2c82e700ebfa0b8,-0.05283847100260928
c527a7c058320e23e7b5a32032f6b4da,-0.053338663262467764
635f9b62dc86e14b4b69ec0d28e0a2eb,-0.05348571361825347
3833cc64db8c89bf99613b2813e9d426,-0.05369899952618607
f606d9236a533dbd84ab141c251a72a2,-0.05425731278383591
8d23a1fd23f5994f42b6aff21949a6d6,-0.0545141093484514
4790c8293421e5ee63b8f291db48eadc,-0.05465550311668974
21371aa080a537c881a245390695b22d,-0.05512493296781244
66a6a9cc385e0db55abdc3ad42715ab1,-0.05512891125340446
dd7f5b773d0b44d5a98cf3bef59afd39,-0.05532897570978378
8e1cfbe6cdabc0ed96abea6d55a2c844,-0.05534522076588606
9fef9b76dc2bff231becab3f97ba6456,-0.05574775824117931
441859a27994c1b2669aa843a470e388,-0.05575727709426168
ba4f417016401a199da7a193d1da8986,-0.05618959901120777
43084a0deaab940bac2aed77ea089af2,-0.05633490358770856
bd5247d061ca00ab025168628e0567b0,-0.0563484307299825
236b454df963ed4feb152bb8a18bae92,-0.05657784341286393
796b1ccc7ff11899040bf1d8daba0831,-0.05676748046105053
1696046fb89018a9937fbf2511b63d54,-0.056935837642392954
cb9d3ab34b06d202f3ea4ef133419841,-0.0570345777024263
5abbcd3037757599da06941bdc1cece4,-0.05721712300064854
6858f9af794548d5375b7283e96bb5f7,-0.05735500596419679
0088df9eaa07bca79e27f8e273c1b4d9,-0.057430059622704234
345f7ef43c8358baabd6a9795a13373c,-0.058298268909923234
263034ff38b758e30e7738df7400c00a,-0.058777664876271105
fa5bace8f6c7b16179d769d95af64235,-0.05924602616232422
ec4fab2423e1326321a3e64f0d0eb1f3,-0.059658638908341485
b87844261d44c7f3e060a6990355247c,-0.05976284532629753
312e17401efb6aaaba551d12146de8d3,-0.05979729693144668
b238e93335d18a4b27411fee40dd0c87,-0.05982753276703571
aa32978164d7a200706f37515c2aa3b2,-0.0598376999488861
f447be92bf501da8e63dbef314e6deae,-0.059853897181877495
f4efbba8c4c27ba25ae92b382fe2ad2b,-0.05990908646433402
4ff17e5d8a54f820e4806522f3f8c5fa,-0.0601288063503161
96bf5de4720937ed8195c21b1311a747,-0.060309084704701546
3854bc4513cdd2fb539ab334c39074e4,-0.0604730429442931
cfefd727820245bd3088faf0c7e2b210,-0.061142549908483695
d750885a8fb729068e59d6bc1a530ef8,-0.06118236365881649
972d5d8c2a8e980ce468536e3d2a465e,-0.061215921046538696
06a729018eab116b08e5acd9356f3b40,-0.061308645483567625
50e585f44bd373014e6f3d281fe21e14,-0.06132739714018027
90f63d1489d23090b29eaef6c2b75771,-0.06151639318555242
1df1d52282ee60438b2bb060d77eafaf,-0.06175328377934661
df64e4bcd8cb8ea9e9847fad581780b7,-0.06217783805682437
40e50ce2296417beff1bb1a4e0e6985e,-0.06236721784339424
b1d9bc4608c995ec36ae02e002f8c454,-0.06263062408127072
5682eab378aa7e8e83ebab5b64dbdf66,-0.06264205698919911
9ed97296939547cc809e847ac7890122,-0.0629849906367314
ff78dfdd58387896c4797ed4041d6fc3,-0.0630460604399966
6061b3ce0b7f5f865ea5949b4c9bcffd,-0.06307169832857489
64e5d21f5a20bb25948b51483e651bee,-0.06311435301718514
1da913624f4c29a7e9d42a5884668ddf,-0.0632132646481194
f88b942e69b15959414c70f8e817dab8,-0.06334509980366303
f35bd84c06a39daa1f9736380ee774cc,-0.06336611109113183
84f0f190153499d7db9a161ebc88e7af,-0.06338598979123596
7b1c2558d2977e5ad6873e75a455f638,-0.06345064401459174
d5f5f033aff833ca30f150ecb734aa8b,-0.06358200146959275
ee532371216104c51ef7b28048b8e28f,-0.06365264814041574
9fb1e0f70e3dd0697a031fc61b00d323,-0.06381885636925996
e5bcb8ebafc95d233d03b3c35bbb5c55,-0.06385335543119017
682db040fd81d03974638f67301148b2,-0.06418522800081129
c783957c4aa6531a30ace961e1cdb878,-0.0652727831491901
d2f2618fc9ff75607dacf37dee79a6d1,-0.06551938444126833
154cff0e482df829b06bbbba423dc4ef,-0.0658445782714181
12285fd870bf49bc01565678b790a8e1,-0.06639476920694831
2858f12b011dae3ccf194743adf95cb5,-0.06641112649265765
0c3418c10c57eaccc10a54b8e471e49b,-0.06652069523324394
4825846de7aeda882b01807e136944d4,-0.0666509819872066
d1bffdeed09b6f954a180974f32a90fc,-0.06704955018673261
a5657494e1e843e88c01d53431e98744,-0.0670792650288621
f0bd56cf60ccf3d2d075f0986ae183d9,-0.0674059734508636
8ff97d7a01a67f05521615edd7009905,-0.06749138256375221
e4a95647150808c4d8fa344013236bf9,-0.0676738248555458
b6ce37bc8349e4002ed5e4baddbc299d,-0.06773654379038951
c0f9d2a858c6b85dec9f4a79b3c76b96,-0.06776799119288525
a24f53ac7f9511af4229a581ca04cd20,-0.06785783578946616
03058572367c94fa73ab9519e5ae38c2,-0.06803114490425449
e1df816325d129b235eaddda3964c52e,-0.06846667798427114
f87d9cef71b2feaea0e060f87cba5a79,-0.06874368295149583
1072fd29d68c1e0e0d056ae6ea85a50c,-0.0688573352705012
f12d1454d00c86a153971da819f88a18,-0.06910049235127587
1f6abac97345f86055bb69c4bf88d37b,-0.07052492134840462
bcf0c61108bee6c97bb83a0f8505a456,-0.07061281266564527
2f873cdf0d3e0d3a5bf27b0971eba37f,-0.0706836862767705
7a615c68569339e6572dbd441a0ecca6,-0.07077358779843099
98eadc632ae70c1d934f3809b81e7d12,-0.07098811501272419
f78184aea81dacdaeea32194839c2bb5,-0.07107583371464647
2bc0d7d1e7d963d9af7c1f4c7a2718ad,-0.0715287982817542
ad18c7a73842069dded9ba9f83509fd4,-0.07197083355816353
d4391e34787fc5d09e34b79d4ba6ac0b,-0.07204100320978396
afd51fb5b1d6e62b5ab020e6264506b5,-0.07219312071263091
72768e467651bfc2b5b0f80d43a5985f,-0.07239368732294725
863c87de46c22e949463dd6ba6b4f7c9,-0.07273922610081754
c2cb4bd0a6ce9e23aedf27637e447c3b,-0.07276266271439015
d4846091fd8bb66928958eeca344fa40,-0.07285203180791894
e96b31952957b66f03a2fe0aedfd8885,-0.07302501767779992
83b7e02fe7890d106b04e0850cb98ad3,-0.0737560041262108
05a3c57886f6cf9943ab1e9c030a3bbc,-0.07379086022683362
c5dcadc00a47fc1416a0518f205c0e4c,-0.07416770140279288
b21c738819c03903de63a454f9e98660,-0.07432627618622144
d0625c1481c1e1d1515bb4b0d728b7e2,-0.0751139630509856
e0eedacd6a31010e996f08e04da462d8,-0.07523977167723539
1f88b91a667257b52cbc8e13d7d68d17,-0.07535654527821978
ca2d45ba64828437a9619221dd8eaaaf,-0.07600220866806352
0917059e182ab2eae7859c8f92184a1b,-0.07601708631656642
9e1ba11c5aaa2aa5348f2ccaba0be039,-0.07607475483101439
e7fb84e96128b1d288b0b9f551abbd21,-0.07612895764020122
951c3a74446b173a7913c84d5a654216,-0.07641569330276964
5ce059c562580f2a650ef68c27193041,-0.07646854186267132
b61a86e03dcae91f596bc63bd111ee19,-0.0765566724084524
ee332646bd216cd084b5516f6ef1d270,-0.07699119603472047
30366d043495bf3e03d2326b38efd27d,-0.07753613458986593
2b5b414e5f719259e08fcd2dcb846520,-0.07923417082326344
88879402d3edaed06ccfb7ac40236145,-0.07993784956482272
472ff9d65b1266deedbec877f2e6d55b,-0.08098513640041909
3a7945aadb70d44e4a7fcd71b9513f21,-0.08167128681294461
5f1fd906c948d708184e9c76616d8e9a,-0.08171880131246495
5b9506d96c1716c0c213672ec4154b84,-0.08176964689827095
320750609b39ef779a80ee617ffbe4b2,-0.08203983749490482
3ec39f208d1c07e1d54c698d97d452f1,-0.08232513595687241
8a1695c10fd00edc5fe3683e59a89171,-0.08236984171914177
537d54546d6f0a7dc33ea3d8d71c9655,-0.08238694192562741
d0d80c3c82d345c03d3f894a1dcc35a9,-0.08316531058456426
9f4de9eb6700d873d8999b2fb10054b3,-0.08420179246818918
0984229592b0dcf7f5325cb7f9ac0aa8,-0.08461538004816777
7ef5107971cb2c76f5e05c649a4d1a23,-0.08481596186981458
8fca5b3ad7b4fcfa37eeaaf26a3d9b6a,-0.08535558409414494
3cb8fc9316ec8b79d1e47035f9786fba,-0.08601298161327697
bb9098a0b580196ba6710e8658a9c8a9,-0.08604256392566947
39754f197a433d7729bda6c10113f6af,-0.08621966332787513
47d74ecc4086fc5a0f87b14647d0266f,-0.0876886567457476
e67f632f49c2774940725f1f938d2659,-0.08856758478744606
dfabe3be1e30211f8b41781ac766074f,-0.08933331720349423
7fab9c4daf1e165a81be0975eb21c6c5,-0.08940653688932353
0e60ab809a1ef51dd19a8b184a979c1e,-0.08962103267748357
420924e490c471e3023efb73aff4f0cc,-0.09009114082046675
0b16e8be4633f014eca2aabf949ad5e9,-0.09031788875910803
f04e043fa09e537b6af27dd5c21637b7,-0.092806997285313
eeb2a0cd22f39456dda8892b2addd143,-0.09301446722504504
25a31d4db7353d73ecc855d5b4a720d8,-0.09302775807746162
1d085562f96bb866168100d2d06f507b,-0.09322851171199792
17f0006e275ea7d930f014555ab0e8a7,-0.09338059126680456
126deefbc4671d7004a3a36294033abd,-0.09684297692241373
2ec5f6349fdc0fbbd482e5cfe81929fb,-0.09759501286254935
558c8cca432023639dacb408863204b4,-0.09776141053871115
2cb1fbc329d2adce0972b159a80dd101,-0.09901450819737458
df7396b9a5bba35221eb06f548214c54,-0.09971364118062975
1afde3fadf3d11a78092a1d2d19d5d97,-0.10084486595463794
9efd8524bc95cabffa7f6f94f98b0d23,-0.10087061640087745
8e9ca1ccf3f5b0e34182808b00802ce3,-0.10248332081709811
734cabb9bbc78402a3374c06556d9da9,-0.10280202053373674
57dea4141af5cd771abf411c119d55e9,-0.10303020523232952
b5c55c43f1915c7775e95efc6cda8460,-0.10357851051953677
e17e9db652816fa7977d89f8ac8cd9aa,-0.1038690385004748
c3110f8098924faabb12ea2dbfe2b893,-0.10421364393979589
ebfdb51a1133aeb8c6ecebd4460b59f5,-0.10492395931226962
bc718d1bb857b116148a8285de07a079,-0.10517080365480828
3a3d0233543bb4a5d8c5d8660909532a,-0.10656369376552811
b9fa836b8373dee0d53fcd05b3a93074,-0.10724964373138231
43ba89eb9bd003fee537b2f2ccc3a1c3,-0.1075175924224654
0c56f597181e06159060d994df3641b0,-0.1077827602986651
0df4bcbd0215cf2905d6a56c62162006,-0.10801741089736107
4f70d3980f9b6268579d7effa29124c3,-0.10826145239594126
2f0fe2b15733625c90f52154a3020eb2,-0.10954826880187722
85fee8d53b709482f4ca4e9c3bb99822,-0.1095920389186867
277f64947f92fcd6f01e66ee01514c02,-0.11040673498707525
57b227978aef93eae09f2909dfa7838e,-0.11082788160971865
a42f990ea665685cce589fae973ceeae,-0.11120415383066737
ab05a7391132567647ba67f70872ccf1,-0.11175377912594935
f70809d943424c7336c2d6966db4909c,-0.11649273608114287
994b2897f0ac11d9e5a5e931cf9c7213,-0.11954532510222128
bb7c2e50bb2e3dfdc7e907c1060ec8fb,-0.1203820362990827
8ebb3dcdaec090a0e2e1828082f4efa5,-0.12114784538966487
d0003fcac2fc24b6972231e29e885bf8,-0.12226817872727005
6e867c93ad4876cfc161ba726b1d42f8,-0.12416491441276298
e021a70a4ce31e128e0f601aa2e9774a,-0.1255067828887437
8e5e4fb2734d398abe3e680c8c0eb210,-0.12715737372126937
03cbf0af7ffe718ca23f68a2c776c88c,-0.12786938076674495
cebb11a14c996384d6fe4c6518d78696,-0.16744374772530837
f2c613ef4a233386e25816e0c73a0d0b,-0.16963926555441572
8b61bffa51cd73cb928fb555509c121a,-0.17255172988085093
8fea417c5e652f874b3e5211ae85ac15,-0.17614331888242993
37cf52feeda15c64e0d68a9dfd02a8dd,-0.17876541337203478
