0d93184dc6adc31bd49443af118410dd,0.03676481
466a80896396194d521a387f15168afe,0.03441559
d541f8c0649dc8b02234b50a51d76d64,0.03129507
3833cc64db8c89bf99613b2813e9d426,0.025647229
b1bcfc591897a9dbd2aef5bff145e323,0.023805583
e32e12385bf0f6b4010e60c96c09bf75,0.017851688
47b139c23fd36dd477ca5b89bcc86f7b,0.017618436
fca6356099ca8442b1c694047bcf620b,0.017415369
c7523728b5be89162ffc96b1fe7d7d83,0.017345244
bfeb7ad36f008851a7684bd3d7ba15ff,0.014836372
2f8edb18b75c2d9f90ed60eb64eef460,0.014524067
8b61bffa51cd73cb928fb555509c121a,0.012526317
e549fef9ceeebb54c291fda675c09115,0.012121988
142c06cd2d68629cff1c34fa206305f3,0.011961227
61cb6ba47f823bc3378c16ca8c898151,0.0116772
bc8d3b45a2789319014f662e9e91cf03,0.011651238
8d23a1fd23f5994f42b6aff21949a6d6,0.011027193
bc718d1bb857b116148a8285de07a079,0.01063612
b1e49b37f56b16404dff79a08860db0b,0.008785505
e9abc8841c9a796172cd297e5395df62,0.008754707
f70809d943424c7336c2d6966db4909c,0.008581381
36d5a7b70c37408bb2468e4361706051,0.008245214
c9ada848b9503985cba2fbd15bcabf93,0.008217238
fb751d029ad7031e8fcf3bde5cd65d04,0.008187644
52626755d88942c67afb7ae0ee70c96a,0.007851161
421e056fc4e19a030c7deb081876618c,0.0077860574
06a729018eab116b08e5acd9356f3b40,0.0076910392
558c8cca432023639dacb408863204b4,0.0076791956
5634fb005cd8b6ac771851f3756c89d2,0.0076767914
a330379c22d28273fc77195604faa216,0.0076171984
8ddfbd106b37bf9ed1bb08618694f0a9,0.0072595654
ef15528c19faee6dd5daab77e1ce2e74,0.0069261803
b7cc55122a6df331dee5fcb54ae32775,0.0068691485
4825846de7aeda882b01807e136944d4,0.0068524126
4c9524e77ef0c742d8992f872a7d4803,0.0068208682
72d4be08d48e29377babbdfbddd7fbde,0.0065526115
79cf5d5bf4c2a79589c322b1d3c69f7f,0.006259782
847151096664f9f6d2966f5a920aa4aa,0.006232422
4c0470c25355a8369a08501e765ddae9,0.006177045
fe5d0c663ebcaf12e4053589521664c9,0.005977894
749185ea5ebe806a6f9d83f493fcc5b5,0.0059160762
64337b4c455396aa8fc6c0838b4f50e7,0.005912157
d6cdd0cfef0fd81a355c464d49e591b4,0.0057580364
eeb2a0cd22f39456dda8892b2addd143,0.005655921
0731f7eb0511f9c0443bb32686476b79,0.0056101205
5bb4f2f67d7d65f82c46985c5e2cf8a7,0.0055012703
ffef16471292d32e64f5dea174fc2a93,0.005491787
acaa07406adad33be90423374481d583,0.0054308595
a859b446714e5a52c347c87bd081b9bd,0.005317654
22c4c623d824a5b12dad1517ef60a8c3,0.005317075
bafdfb461d956783f1bcf99e07c4b00d,0.005273136
c3574ef7a3455b639e41b6e790c31041,0.0052575856
062456781d8cf476236e9b0d443390fa,0.0051524136
b0b8c626e80cd5c4bc7b3d71dc549e7b,0.005129224
ece1df0e2a96606028c786b83ced4d8e,0.005013023
2d1ede7454a360239f2e67ede63563d5,0.0048490255
5a3f8f8c8556408900b78c42b91093a7,0.0048166486
6520b009069d80d2fcdf5d5f2b73d628,0.004814636
8c5a707bf1c058a2271b7e1db7ad32e7,0.0048063584
ad24f728fed474e593e2f204974c581d,0.0046876483
2a97634364a61623a31e204331427a6c,0.004595191
ebfdb51a1133aeb8c6ecebd4460b59f5,0.0045338543
8e5e4fb2734d398abe3e680c8c0eb210,0.004513033
7e01f2566cceef2e60e9ce81bdb69f23,0.004421672
dfabe3be1e30211f8b41781ac766074f,0.0044208528
25a31d4db7353d73ecc855d5b4a720d8,0.004408264
aeb17e417b8076ce7412be4584ba8eb5,0.0043929433
bcd246d97283c1de80612224f6291ac0,0.004371746
11e564a7d8b53452b6b5b51a96dce80f,0.004228684
e3ee538cda910dfd301951e8d03d53f0,0.0041782884
495c08a2ef0264ccc9f4dbf805dae7a2,0.0041742492
cbae05140d5325a3fca3f6c43dbd331d,0.004157036
fd51a66138209be5928e9eb7d84c93e7,0.0041284035
e03967f327dd94ecdeae61bf32ac5d96,0.0041097547
46d44d5a3aa0cc0af0995a8a499380be,0.004044146
eff18730e34b6ebf2a3b14c1ec011d39,0.0039607114
a12d67b5444a356bebdd247ac0b5f83f,0.0039042952
535a7cd47525b30cd2485a6f45ac2241,0.0037109733
0df43d7af9827be1d9e73905b2e050b5,0.0036359965
03cbf0af7ffe718ca23f68a2c776c88c,0.0035959992
dc16f580a2a20b676485e90d9edbbbd9,0.0035760698
6d02fddc2bbec2112d7dc0c02e05be4e,0.0035672851
ba4f417016401a199da7a193d1da8986,0.003482789
e98f52c8cedc3636ad000c8c44e5f5f6,0.003464138
d2f2618fc9ff75607dacf37dee79a6d1,0.0034261346
ecb1cbf00805062d0dcf5a83f3ab278e,0.0032779598
c3554cae927fee81b1fc673746be6916,0.0032714773
939555d7c3b1a7bb940cb84dfeeed4b8,0.0032307582
581af94a89ebb1ecbabed66ff08d3ddd,0.003225545
088c0a1ed8d1a0734e90b3da6b9c504b,0.0031806035
65910b701ca115647eabe2693365690a,0.0031647661
481d5977111213e60c1f7952fe363bfd,0.0031558636
c93635a125a50b3823a35c90d3ba4705,0.0031515295
18b7b82da9c8a48eab2d6cc02a0ea61a,0.0031246585
2cb3e4ce42cd936572d9ef7a4050be22,0.003105925
1c949cdda394b0fabad433132742cd61,0.0030290184
7088979dee31d4e935390d8ed6e36e35,0.0030190537
4ba45209aedea81e1ee5cac290852b46,0.0030167452
6d9e55fb5502dfdd3ea25f396eb5006c,0.0029982002
0026c04788883bb6a69f54c50fd91c24,0.0029940254
e4c36f19849ef71305998c9e2a9cc293,0.0029462967
c166bd291497f36568cdc9e99d6a2e32,0.0028695653
6858f9af794548d5375b7283e96bb5f7,0.0028628875
f09fdc38602cea0ede37ee6f782d82a0,0.00274748
f70c706b46edbac642f4b44b3f338021,0.0027352185
60585ad0efb69ccdb8e7f79ea4493a57,0.002705902
acef2cace17f5f8910b2279894d8aa3c,0.0027037105
63e99fdb3a91d9a9122a025094a68007,0.0027022369
369656f87b704a04d20f25c5e715bd9d,0.002690331
ac1eddd2c66ae18d0afdd1d315684c84,0.0026568202
5a99496557afd501c90037246bac1208,0.0026398816
86a59d69b37252e1219172ca6549b040,0.002619212
6fe12199aea2c8954946b4f24d25727a,0.0024981187
cb55da4f828a3606108e7af217947245,0.0024207653
7a6ff16e8121b5cd5966afa4524b8385,0.0023924415
719dd8fcd3c4186fb44128ccada1b1a5,0.0023712204
75be0d2fa10631fae54a618b358f95e1,0.0023616173
69cb2d8047f178daa983ebd940b28f8a,0.0023555753
3679bcc974d8fbd902c3298ce110ac69,0.0023329435
c8451da2f600cd3ccf1afe24c90a3d1d,0.0023283307
35647c643524b47f5e9ed5562315b741,0.0023061745
e8542261866ca3c1cb7319c16c877d37,0.0022414355
374e29b27c5dcab6bcabeaa22757782b,0.0021882758
ac05bc5bf95f0e67d62f21a635914faa,0.0021853049
0b05484fdd9452f1f6fb0445bda512f0,0.0021422475
6a1c3a644d10d7460d2240e571de6f6f,0.0021272101
5ce059c562580f2a650ef68c27193041,0.00211629
b39578e17b28c0020b424d9d1b909b46,0.0020879398
84663128f2603f6c83c16668baded95c,0.0020808836
8f3e1233dc1853daa0dd60f1c88e0c83,0.0020384057
187f40d4859ea5e8ca8a972d16ad81b2,0.0020266003
44a6060cc811e9be30cabfc4f0c66184,0.0020213204
0c56f597181e06159060d994df3641b0,0.001978996
41b692c0ca0b318ba5cd542fbb631abe,0.0019449992
b02b460be46594ee38f70cb5719d4736,0.0018767548
2d75eb30aaf371f0eb229df581806358,0.0018566244
c2cb4bd0a6ce9e23aedf27637e447c3b,0.0017875932
3e17ad974656a0bafecaf8319daf7236,0.0017755994
4216924559872038c47f30d241cd3e5e,0.0016917865
5736cb3bbd27434fb73299ba6f668cae,0.0016835268
ed7d47f79f47dc6d56194f4b24acf14c,0.0016802548
3dcde29d8df7b581e7f00630741dcca2,0.0016644937
437189b3b6207b8eb3d92706a35d4830,0.001663413
bdd9bbcf5a1841205fef09f8ae97afa1,0.0016590974
7a0e456a6c95a8e87413581c7890e811,0.0016091029
b5759de11c48ed66fdd35a56274032a0,0.0015827853
b70e9226028abf865d43ec732e2092e7,0.0015696973
43ba89eb9bd003fee537b2f2ccc3a1c3,0.0015614611
508147260ac3b9b40d2c242365b97882,0.0015215077
e5de3c63d27575c55b2e9b85823a4c14,0.0014936817
2dd0ca39e6fc1079dc447b3ee9f1f9fd,0.0014838271
18b89a04b77fef5d50ca0c69414dfbcd,0.001463599
4a8d5ce187f33d6eed1844c40fb59217,0.0014572979
e40fb79545f8bf0e346c5688b0ee7a49,0.001444589
267e5f1e70e7c8bcf3a858bc8775bc09,0.0014296819
ee332646bd216cd084b5516f6ef1d270,0.0014075822
35fe959567339e118a946c6dce21d834,0.0014054207
7201ba7fd56edf7bbc166f52bdf05755,0.0013508976
3a3d0233543bb4a5d8c5d8660909532a,0.0013158643
725a7d025696522083ec45318b7c378e,0.0013037863
4832da3783b4f39e456244f36bd931ba,0.0012946
0b16e8be4633f014eca2aabf949ad5e9,0.0012855808
f2c613ef4a233386e25816e0c73a0d0b,0.0012839496
bd5236fb011b527cc9a16b35d9c2728c,0.0012823512
ec4fab2423e1326321a3e64f0d0eb1f3,0.0012705777
f89d016b0a8d974eeb252f66399de86b,0.0012647252
320750609b39ef779a80ee617ffbe4b2,0.0012429672
b6ce37bc8349e4002ed5e4baddbc299d,0.0012404661
e0a383a249cf8e3d71d8f164c95460e9,0.0012260288
9c1b06b79a56e37eab862d7e7a27c868,0.0012249476
eb173922599efce9efab277ac6004e12,0.0011861031
12285fd870bf49bc01565678b790a8e1,0.0011763459
7ce75ab96fb3c8958859f64cc0659523,0.0011607134
116d5ebe0d6728ce26b4e437801fff53,0.0011360195
c5dcadc00a47fc1416a0518f205c0e4c,0.0011342842
5abbcd3037757599da06941bdc1cece4,0.001095322
cebb11a14c996384d6fe4c6518d78696,0.0010919647
f0853bf14e74a636cfefd9eb416818b8,0.0010849962
e11baf6c8160d069aa903ff802d52d50,0.0010551731
7466a47a3558e985993f75018aeb527c,0.0010032255
ee83b9684a775b051140f52463c36d20,0.00097593444
0a9ffc9be8f1de2c8119576e0e736a97,0.0009672131
d5a9a97371c8deff568f60f2354dbf56,0.00094946066
19efee14e623c38504e0d85563ffb50f,0.0009382561
d7a1eaaecabb1b754c6fb90677ce1333,0.00093010196
5f7e9cd09bac4c9d75f82d68bdb65137,0.0009296677
997efc437e2da8c0529137a20153179c,0.0009220727
dc0a69c943ae3fc142da33f3b81ababf,0.00091019546
e7189d4c1594c307a05797a728a5753c,0.00090948946
537d54546d6f0a7dc33ea3d8d71c9655,0.0009080722
8ff97d7a01a67f05521615edd7009905,0.0009068
ee14fb8c599dfeb1a078836da0c5b822,0.0009063903
49ffc977eb82f7ff11668a25fd64915b,0.0008956495
6da9519c9cab21cd859e0df7fc66b007,0.0008951377
c8345eaf784c209e30e4a5a96c3af532,0.00084435125
80a06bab8bcb19bae240fb918e3f03e3,0.00084357336
2d54fa3e6377c20672871627127d21ce,0.00082105055
00c3e618d97aa9c42a69781d02299635,0.0008160046
5e0af5d06b4d070ccfa08e1e33e5d95f,0.0008073434
4321f71e562a2e99029b673eafd657ff,0.0008028416
05533604789178932552a01ccb048651,0.00080249325
19cb0028ee002f9839ab9b4f2fe5cd66,0.0007823727
43a002d09207576823da5f1dfec222ab,0.0007759329
6d06b96dfd67bbf97b5fe718e9c3dbf5,0.00077306206
e5bcb8ebafc95d233d03b3c35bbb5c55,0.00076765666
08ed58ee0683103993ef6780e7f5a8d8,0.000762935
a6aaa187dbabcca6d62b0dbdb99d480c,0.0007550034
48263f7dd02d59cf666ec696f8a89212,0.0007520791
5eee7be6bd820f93cbcdd7382bcbe85e,0.0007351634
f15553da38ac73afb4adaa6dd5dd098e,0.0007274702
0984229592b0dcf7f5325cb7f9ac0aa8,0.0007270804
c320e33440c56f22cd079403e682f98f,0.00070847437
664771c2362ebff99ea1ab285d81b7ce,0.0007072857
635a42ef55ca3126f7c8842ddca3c495,0.0006938928
fc6e2c3d530150c20032627b6d55b8c0,0.000691495
00bad698838286be7a737afeb28d7601,0.00069107243
50e585f44bd373014e6f3d281fe21e14,0.00067449873
16cc2497833ec315fce020c74c525e2f,0.0006675981
88d9d2abb7682a19caea2f85b0c83952,0.0006638989
8d98c0e38b1b6ea1ceb1843a37d4c39e,0.0006568112
32e35c54d9b7c324fed38902234eda87,0.0006543049
415b1204dfd4e9edfe28fcf68d6e0029,0.00065108354
8b8c0c270e3a8abe83ce423adb1807c3,0.0006490808
2b69d9c9cc39305b8b754254e70c8354,0.00064682425
7fe0e2adda3c1593db38d613486f5243,0.00064662215
994aab990497c9fc59b38af6538fd50a,0.0006448112
5752c457eb70cdb1ee46ac594ecc68bb,0.0006443474
af97d4e86e933396d9f17321956c2588,0.00062934076
ad2ee51673380cb46c0e667bb337acae,0.0006285903
b1ea4fc1cdbc1c58aefde0b725414c57,0.0006229676
8a58c9a11937b81934b7070af2d8bdcb,0.00061703206
98eadc632ae70c1d934f3809b81e7d12,0.0006118648
168cee43409a46c358fe903207a88892,0.0006095875
f6bab51d0d108fd90f06e7a0ebe04cf0,0.00060209504
05cd1b9e92fbe86194d891404c3932cb,0.00059702375
65974cc5623c9482529ad5a33912bb9e,0.0005948304
56216b6bffdcce1bdc123af44617dc43,0.0005892919
5a080f65e1dbfc7b5427568bb220edb3,0.00058558345
28fce591e1ff862836e2e68095f087ad,0.0005841265
570bd2044b46bc840cb25b38e74a88c9,0.00056580623
57dea4141af5cd771abf411c119d55e9,0.0005648701
e021a70a4ce31e128e0f601aa2e9774a,0.00056445063
7b1b8ee531960d93fe779e6f99f9c06e,0.0005631701
8b67e2df1a5dd04f3166fa0c076c3e35,0.0005493552
d5f5f033aff833ca30f150ecb734aa8b,0.0005488411
f4cdf6242d1955525940cc48b0c30a5e,0.0005459588
8cb4ee677f9218834d31a171d863eada,0.0005417172
33ee3862152758a87884cc18467f20b3,0.00053939223
7f1bb24cc1d47fcc29fc8a137052d776,0.0005362178
312e17401efb6aaaba551d12146de8d3,0.0005359355
3ecb83e913f52c5f413bf082da117928,0.0005341749
52c44cbda25815ffd9b135fc55ac08e6,0.0005327906
3460737649d9337b6d16736010e0944e,0.0005301377
0033ba07ed86619d6a52b96ed493996f,0.00051088043
f9de42bd3e96263ede2b1d0dd1d84124,0.0005091006
1d7d0e45601c8c2ce2ac7f17692013a6,0.0005024156
b0b902dacbc962794543f37c4328d33a,0.0004976482
83b7e02fe7890d106b04e0850cb98ad3,0.0004925769
527d4d56052dd1486c36a9402f462702,0.00048712973
a952d22bf8cb448a219db36e960ea4b5,0.00048255734
e4a95647150808c4d8fa344013236bf9,0.00046527616
6061b3ce0b7f5f865ea5949b4c9bcffd,0.0004634305
9fcac5a9f9d1b88f0b907157154d8dbf,0.00045876685
38bc526d4bb7413c975d589e3ea61aed,0.00045514505
e73e7cfe915638bef73459a029050827,0.00045351067
954962ba5bbf4fa162f7635ad1295740,0.00045159162
cd46afaf6991074e4e21d56bc2fc945e,0.000435924
f62d0d8c5f5c1ea79be2a8a1bca1a0f3,0.00043507322
8f710524ad778dc378dd99158c9283e7,0.00043200277
eda6e1c9645b49eb8bff61194624d56e,0.00042441633
a5657494e1e843e88c01d53431e98744,0.00041890077
6e8acafde7dc0424d3b2c30bb9e048e5,0.0004178914
673f120752c1e75a36f65364b1e53cbb,0.0004083611
a082cd2994174527be026aa56003952b,0.00040747266
ae89eaa22849f85c0f20c2f8f937ad51,0.00040588024
4356047dd6a4c8948e945fb406396012,0.00040494523
9a579bd4a10b95d2f135e0228b7433ec,0.00040224788
400077c13129b6af452121fec4ef1da5,0.00040022001
a08adde7c0a42ebdc396e5b0bc9942e8,0.00039862178
86afa31116a628b7305acca79e555438,0.00039696638
d14ac50d570c21c9fb546cfe07ece233,0.00038458637
3d75dbf55cb6c122fa77a4e7ff3dc8d9,0.00038180032
3fe03a0b933fff7ac7fe8051d74c41ea,0.0003815235
0319d191bd80294ef7caebac74b1ace8,0.0003791357
2cb1fbc329d2adce0972b159a80dd101,0.0003758723
aca8212c6a5b187e6d5162b12815af65,0.00037533205
a239bcd96b79f041effa00c20b97b1ee,0.00037486647
7e3e9a4b84686abaaef8ccb863a7351d,0.0003747651
2b5b414e5f719259e08fcd2dcb846520,0.0003717004
dde914b470de75a5f84ef8903e1db9e8,0.00036956745
f8549a93f5a9a41e4a646e86f82b1e24,0.00036255873
2468a71089e645f9bb9f7fdb3906054f,0.0003514194
61cd8d7c2c2801aee089f0ad8fda43a3,0.00035069816
f0bd56cf60ccf3d2d075f0986ae183d9,0.00035009257
d19a46be48b9e601eff161f3b8ee9048,0.00034855664
a411700a3afea5e2f492ecfdc1ee4b78,0.00033415982
9a38cd9373dd52f9d51de59b32a02163,0.00033152965
00d477c72ee2a352857c540350c6abc2,0.00032971683
5b59d7d40643605df9047eb434df5a23,0.00032590804
1c5f9bc46b1ad6e76c26888842a275f1,0.00032290572
72e741f5b552938cafe8217820433c3e,0.00032086435
0ae6cedbecfddc3a879a5f880ff80519,0.00030674523
201c650fa1c33b861e5adee53ae37d6e,0.00030272725
d50f999a402d5aef8d4f8985782659f7,0.0003003691
345739ec77bc7b91fb0c8a797f079478,0.00029984192
2627b3d036a2652711cb7e2ebd88d25b,0.0002966813
63558e48381975dee0dfd74563a81ce8,0.00029667048
41661af3cf13e70919ea66f34b1fc693,0.00029623442
428cc8bffbc4058e33642ec19e8aa00c,0.00029398088
684dc5ea06076953582af1ddc2f1536a,0.0002931503
e4e9f756e97f3b14e06fa74dfd6b4b59,0.00029222248
2594d4c99ff7cdcf21836e888bf9b85c,0.0002909726
f1d7763a76c9a8a2761095e3cf49d7d3,0.00028445196
72117b96cbc348255b01ae4f82e26167,0.00027797156
c098450ffadbb6251d808647f8391adf,0.0002728742
1da913624f4c29a7e9d42a5884668ddf,0.00027182244
2cfa7365d05cdd481908bcbd128d9a7f,0.0002704358
a9d9a8b9ffff242a1f9088dc2602dd2d,0.00026992237
9f4de9eb6700d873d8999b2fb10054b3,0.00026959594
e18ae47a92d923e25b7274d6aa03cf1e,0.00026951835
f64fae89d9d25f3e988a435ce833cea2,0.00026949414
0917059e182ab2eae7859c8f92184a1b,0.0002694036
e706fbd255b4430b6b9be0b65ce68a75,0.00026477317
f31a143fbf83a14a420834e8a3032535,0.00026476558
103218a26a304faa59641a3187094f78,0.00026440955
becf5390e74a90a4730b01690f780959,0.00026381685
b3f737c04173b0a3d38602fade6114fd,0.00026227825
b5a2973497b4115d4c7c0e2c96384337,0.00024282932
9cfb0e79f2f860f0c6d0f7eb73573502,0.00024239186
e63a83857ff62c106f99adbdb89e6ddb,0.00024232254
7dec6f18c325ab19721b76f3752a79b4,0.00024107593
849df82d1d47d5cf160c15e11ba815f5,0.00024055621
52a5ac00e2ff945924ee586ccbfa2d2e,0.00024047383
6ce3a66fd8c4416ac8c5ccdda82fbc76,0.000238618
b8263e63bccdbb5a5b39c08ff25aefcf,0.00023679127
fbb9ae876e0dda9e88fbc0b2531c78bc,0.00023547294
e14d15eaca0b7381814d3e4d2e412431,0.00023447232
d249689b7cc8cdf5989156e6f27c028b,0.00022779599
98a575d4b312334adf59b625a8783dbc,0.00022314237
460da16f10049ada31abf808cea7f18c,0.00022138667
2936f4b8ddecb50ef9d452423d925664,0.00021910906
ecdfaf9d04160f44deb3fb241c3c595f,0.00021840667
d235e575d8ec320e6de26c93d8236a30,0.0002178202
10104beb05b27c0cf904721dc719f7bd,0.00021679484
dd7f5b773d0b44d5a98cf3bef59afd39,0.0002163235
57b227978aef93eae09f2909dfa7838e,0.00021497924
e1df816325d129b235eaddda3964c52e,0.00021470961
47baceef433bec0b7cf22946c471f1b6,0.00021201339
26fdc1b4f1d0354b182eb5f490f4b387,0.00021091421
12f6af89e834f11084b60001192acb59,0.00021014299
375c1e195ca7ce8e67d29428cc6318da,0.0002062794
04793ba17da447194604935e58e06d2a,0.00019542784
42a3722eee3fd4b24bc2e893349d7aed,0.00019083466
2833ee3f7c229d785b4e1c6875664d85,0.00018984919
d61b3319567ad4d270e075bb66bca7ee,0.00018733261
6cb33468a58da93cf46484462e06f200,0.00018567427
d750885a8fb729068e59d6bc1a530ef8,0.00018525106
a68e62699caff4ce8b9066d271819151,0.0001845806
c6285bf015d344411435de76f2d6c433,0.00018409843
1df1d52282ee60438b2bb060d77eafaf,0.0001827875
b5d1329292a6a39b163e2a3973102819,0.00018240124
e511f721b9f8641197d9094ba06d14df,0.00018180936
363e2bf423bb843b50471aa40be7277e,0.00017311545
8fdbbf5942aa5b54dd0420252fb7e4f6,0.0001716441
03b1e6305293759512583526daeed56d,0.0001709548
6ee51f343139790ca51557740abec503,0.00017029351
236b454df963ed4feb152bb8a18bae92,0.00016561862
9198045c338eae1ac4dc0731a9d36689,0.00016253878
a025538e74cbc8b814eeca704c50421a,0.00016245784
cf2d607527b391dc29eaf11f607cd089,0.00016191375
ece64f1dc51f61dfed450159505da85b,0.00016188962
08b190cd00e945e8d59cd2cacfa74203,0.00016160197
7974a63fb4411a27243cdc877e909181,0.00016098685
27fc5f2cc98b5f86511b176000e68289,0.00016097078
1696046fb89018a9937fbf2511b63d54,0.00016083861
fd26386b0185a5772ec0fd3179b36f1e,0.0001606352
9bd32e89f013432c39b8b36ea80a38b1,0.00016005282
b9fa836b8373dee0d53fcd05b3a93074,0.00015990395
64f5b16d46e9202f43e8108ac3f7bbb9,0.00015989959
d4391e34787fc5d09e34b79d4ba6ac0b,0.00015953688
6d5aca49bd9a0e73b1f64e3325de1e67,0.00015934836
f35bd84c06a39daa1f9736380ee774cc,0.00015932301
d6e183416a75d99b498618a5bb786727,0.00015919152
78aee6417675571f24e1d066df7aec48,0.00015917986
93d8cb25d9ef57a404b6303fe8f9a9a7,0.0001589663
f7fab20c0a8c69ae9f42614d665bea14,0.0001580258
cdf8aa2443d6096d12e411821f54c967,0.0001569693
6e867c93ad4876cfc161ba726b1d42f8,0.00015624083
5b457624ba4f2a5a1c468eb95752d91b,0.00014997512
b87844261d44c7f3e060a6990355247c,0.00014251104
8e1cfbe6cdabc0ed96abea6d55a2c844,0.00014067703
e69aefbe6167fa4bab0e88e4e479657f,0.00014051185
d3383a0f90ecab330b4c3b2e95d14a38,0.00013907715
baac4a4a41e6cc7b07d092470951ee70,0.00013873822
a580461751503c1ccbf3a52e57fbe8a0,0.00013807903
1cd4abeeb9c296c03881891280ecbb28,0.0001372053
97aa2a780b0ba5448aeb314ef5ec6d31,0.00013711798
92e61a13d80333d06eefe8ce72acb1d8,0.00013705344
217fb419f9b2681f9f6ac7804c98ccb3,0.00013660434
e7132ba6e44362b8e20673b4009a87ab,0.00013657092
10bf7d4cda68c31fce4f4dc22dbc5771,0.0001364095
2fbc912501875133dae565a714e3a5b6,0.00013606582
b21c738819c03903de63a454f9e98660,0.00013564632
e7fb84e96128b1d288b0b9f551abbd21,0.00013368035
f73196d6db33aaa9febbe05a0e104a6e,0.00013295758
56f9de94e6baa815d51a89d34349a4c6,0.00013281162
9512ba747dae58afe9aebab0510ba1d0,0.00013278719
73d3e6f87b697c8cbe5a11ea3fd949f9,0.00013082782
39dc3b3f65311afd334f9e3c096acde9,0.00013063026
4d4fc973df39c4e60d664c2f331cad43,0.00012982338
bd5247d061ca00ab025168628e0567b0,0.00011573078
c290bed651388777c263caf39f8749c0,0.00011512369
afd7c232decddc2ce6d14d8c325c9b93,0.00011396881
ad0a0271bb08c9cd43d5f21453c21ad9,0.000112056776
4cf8fea5aef9b5418a428ec5a6b44db5,0.00011131498
c325918d7ddaead74297c350521b1da5,0.00011052989
734cabb9bbc78402a3374c06556d9da9,0.00011045279
ceb9cf9072959d07948e0ac17e12095f,0.00010959451
a2cfe52e238bcd9aae66e49062312d0b,0.000109468674
f04e043fa09e537b6af27dd5c21637b7,0.00010899784
c0c17e145e17dff597da6a4397d4356f,0.000108135886
d7e3ff2c35c8581d9ba7a35b5c101820,0.00010777502
05dc553778e88602e7c984efd9c48afa,0.000107713844
8f20fe15dbe0f4556ef1681aa13307f9,0.00010770198
66e71fcbadf9cbacb869a18b40506152,0.00010754139
c0f9d2a858c6b85dec9f4a79b3c76b96,0.00010717574
abbbdb152ea8b9a00f4ffb99227b9c4c,0.0001071574
b7f95e6409a434e6349d1b6d07ca133a,0.00010706587
6cbe3c177ac90b84660ae99da25ed46b,0.00010608599
a1de5e157d0a9edead8c3cfc8ebec4a1,0.000105982785
e9f4e4867908a63f32af9022c9016bc2,0.000105981286
39754f197a433d7729bda6c10113f6af,0.00010569434
2f0fe2b15733625c90f52154a3020eb2,0.00010564832
faefcb352bee68ebf4a255f7339c0e6a,0.00010537062
ec546b42baac4b506072c90f7c135201,0.00010517771
3cbaf7d9aebc8fdc7073c3010b61d4b1,0.00010500038
c87fffc25d9ef5a205aa70078f47f700,0.00010447719
aee508868def7e9d042f15306a38e4fe,0.000103522885
9336d4024ff808eb78aeea727209d3bb,0.000102594735
b44249971c2e8d02b106e3745305bee9,8.686106e-05
90107f09080b822e544e5cbdec68001e,8.478352e-05
5ebd71e8e9a66fc484152cd34a39000c,8.4585e-05
c6cfbffdce4ef8d32db4399d6aaa464a,8.39093e-05
584d219dcbf4b86ec2835ef1c508aa50,8.35504e-05
be44370b70a178b37b250c0baf71289d,8.291432e-05
e7dd0d731b75e81a7c1ba849f601d388,8.2911894e-05
afd51fb5b1d6e62b5ab020e6264506b5,8.235147e-05
53194a5b0b8ce68eda66cab99fd6c83d,8.21513e-05
cbf92af5273a551a490176a6cc5f67e4,8.1919075e-05
7da3354959796dfde8cb9b8b9751875e,8.1745835e-05
8ebb3dcdaec090a0e2e1828082f4efa5,8.109555e-05
011166037127d8afdd94de49b8f8f9fa,8.094497e-05
ab05a7391132567647ba67f70872ccf1,8.0732105e-05
19ee1d6912faaa74d566ffbfe29d854a,8.072664e-05
ca2d45ba64828437a9619221dd8eaaaf,8.06498e-05
f018e053a7c5cd233f2103ada9b1ed11,8.0573096e-05
3eb74f2d10a729269e66b85d1bf4d760,8.050449e-05
a57ab5b1a7f0629091357c0ea519042b,8.0447666e-05
8e534ca402f2438163a940c582cd9748,8.008543e-05
fb1913a8492e86f4630843a0e0828474,7.989543e-05
003ca3563d0b12cc0b493f74f1e8613a,7.967018e-05
dd4c44c1d42dc24b41e546048df40a6a,7.967018e-05
21371aa080a537c881a245390695b22d,7.947098e-05
a5170186096fd9ccbebfe771b327cae1,7.944269e-05
5bf04af9d64a09ecd8e6c6de26a211ac,7.927365e-05
755a84803f4962242a82b0c618a4334b,7.922705e-05
e9392f9ec187dc3b1189bc32d29dbb53,7.910317e-05
7577f30377afc9a5db4444aaac083971,7.8969344e-05
f41fccdb3d069de70dfd880fc47cc501,7.879392e-05
b5ffd4baed52d0a0dd6ea171a90fede9,7.8338664e-05
80c79cb803f6fc06f3bc4c3417d12cbd,7.7931996e-05
8b26e69fe01c9fedf9e386ffd42ad0aa,7.7881145e-05
809aaebb8f3dd3c94a300ed9da413787,7.73738e-05
0088df9eaa07bca79e27f8e273c1b4d9,7.4999996e-05
08bb9eb70ce9b02e600ed725a95686e0,6.303333e-05
9c277c39f6005a837f5c4355cac1d6da,6.0551512e-05
316787dfc8d6df675d35cc4f47ce0488,5.8566286e-05
0d50e5d20c102af48913ebf69729551e,5.626424e-05
f0ed1da3c948f433b06c2e65b2b1b9e0,5.6094268e-05
f9e5fbe8cb57581e795f8b3c51ee879c,5.586636e-05
b29eeec568a7fa312a6bf24c4cb1c9f8,5.5710305e-05
cf0a3a35b3f5f2211113dd16ab2bb11f,5.5700162e-05
88dd48bccf59638a65b93afa96569ef3,5.557657e-05
17f0006e275ea7d930f014555ab0e8a7,5.5479464e-05
9d2e209ddc2d073b51021dbe9ad61cf8,5.540847e-05
bf620df207bc7d24e1e9bbd3f1021a37,5.524862e-05
ee9069cef75ded0f9b37983524d86dbd,5.4892924e-05
040fea50e994574459a4a3073629bf78,5.4575237e-05
fb6817030178b550f538a1e1c8699f16,5.4575237e-05
bfd88a15182843be8f7f7c6bfc0c965f,5.4571174e-05
9efd8524bc95cabffa7f6f94f98b0d23,5.442429e-05
dd82e943c0283669103dd28676f6a72f,5.427898e-05
1f193894fe2b0adf197fc18d52d738bc,5.4200944e-05
d3ba1f03cb651d7bb4a67abd0c497f0c,5.413523e-05
b9cd6810d2cfb16058df4fd7b1b1e2b2,5.404262e-05
0d36183194049799a6aefbf710fc52fa,5.3983564e-05
fce1ac0411e4fda273e3ebbce9e6f7e7,5.3983564e-05
17e8d3ec49e701e0df71e3bbf1153c3b,5.3914624e-05
48ca14c9b55def1702dbc79176dfcaa1,5.376344e-05
c65a49193647d5b6d96c8d4630344576,5.376344e-05
85863021f92bdb2d1d1b8b860c0619f9,5.376344e-05
6d9c521edaa6cada1c00dd383fdc9f12,5.371305e-05
3cb8fc9316ec8b79d1e47035f9786fba,5.3562093e-05
96bf5de4720937ed8195c21b1311a747,5.3482057e-05
1fa02091c12d3a58d31923333ae2ddc7,5.3482057e-05
71b9c6f7626d1f2a9dd877d5e6985682,5.3425967e-05
6daeb4453b29d250e53a2789c55f8178,5.320504e-05
8091021df4298d52bb2835cdb894b3f1,5.319149e-05
e01f0dea8d5a587649db5d980a824a43,5.319149e-05
9b7f6d35861e133951fd7c21df526dbf,5.2919313e-05
37cf52feeda15c64e0d68a9dfd02a8dd,5.279397e-05
3e6334505ea8b6ee58958f4638d4fe4d,5.2631945e-05
1159446b320ad03aa16ec2661103d9eb,5.2564414e-05
e48ffdff6b2b8b99ac1b5edf4207f146,5.242905e-05
080eeae255df4686e2654d9101f3abd7,5.2373605e-05
6f11bbc1de6063d89e9a32da413b39fd,5.2248175e-05
eb83e799427a1f21f12d95783886ec39,5.2126106e-05
7b1c2558d2977e5ad6873e75a455f638,5.1819374e-05
ee532371216104c51ef7b28048b8e28f,5.175734e-05
14fcbebffecc9d9ec50e00b10c76c1bc,5.1604322e-05
cac7db48edcae7894a001946c6837d94,5.1494466e-05
763650adb6c3331cd66b84cbdd42867a,5.137235e-05
441859a27994c1b2669aa843a470e388,5.1285086e-05
be5b6b3c76a4566c54f5c6b504554208,5.1020408e-05
21e9d61284d724df920628fb27e2fd9e,5.084439e-05
ab99ee5df5064bccff6962e597990c9d,5.084439e-05
3c5240bc0610a6ed8411591594c3ea67,5.038583e-05
32db9d93662c42aedba733c4dffbe260,3.30033e-05
7de20b27a452647f99424e2a5b0c2d1e,3.021148e-05
794325d9150195a547b9a0d5a2785cc6,3.003003e-05
1f36ad30b206e69f16d13cfcdc5bda08,3.003003e-05
929041d869d3837dfc9dca9806e71938,3.003003e-05
938e67172a707ef40da63d81c919f5ad,2.9498526e-05
fd935e6d306e7b75349e4838a74018cf,2.9498526e-05
31c5f5660f14b08105123e8c43485e1d,2.9498526e-05
ddc69f0c52b2d05d98523db83c6fb516,2.9411765e-05
2bc0d7d1e7d963d9af7c1f4c7a2718ad,2.8818444e-05
a980fce596ac8eaeacd5f683c8f1c93a,2.8490029e-05
144e7da04fba1d0a87851a4dd8f8fdee,2.8490029e-05
8ecdf08d36bd5f47e24ac4bfefae11c5,2.8409091e-05
b73ea9e6aa1f7c7310ac9f5e6816f9d6,2.8328612e-05
3fab43078b22d332f04af6e0c939f8ba,2.8011205e-05
88d00861690a34be09f2e08378139ca5,2.793296e-05
7384682cad4c7130ac66acb168bf0caa,2.793296e-05
132f726cb935abf8474e05cb40557132,2.7855152e-05
cf5030e4751ba98b7543780160016239,2.7855152e-05
5954946b57e721a69a36f63f79e07585,2.7855152e-05
601bbd97bb10ec4629695d7fd37c7629,2.7777778e-05
ac19b47007a7003df123d469e11a36f6,2.7548209e-05
8e9ca1ccf3f5b0e34182808b00802ce3,2.7548209e-05
477134c21581fcce8fa07a63a679b4c4,2.7472528e-05
ec85f05dfe8056516ddbdaf2eed4f02a,2.7397262e-05
b189e92b5f8678750a8c10d2f2250aab,2.7397262e-05
7624c88e5e647c284a2f365c775e7e65,2.7322403e-05
10ac378c26bad7313d5f0386c3345167,2.7173914e-05
9e1ba11c5aaa2aa5348f2ccaba0be039,2.7027028e-05
a42f990ea665685cce589fae973ceeae,2.7027028e-05
d138686208f15573d46a368286e4cc0e,2.7027028e-05
d1d9787025b2a1b5c7e3f22e26418ed8,2.7027028e-05
49459dc060ce9049d529917e5103dd3d,2.7027028e-05
a8902fe384572bcab1fcdd844f8adcc0,2.7027028e-05
f203a0634e45ced067dd89ea5b669656,2.6954178e-05
d7920ae9ca82cbf7cf0339d3c6865aa9,2.6954178e-05
1afde3fadf3d11a78092a1d2d19d5d97,2.688172e-05
990e6a27022463cdefd3f7ff6b42428f,2.688172e-05
943d5b2ab0f71bf887f31d6300ce761f,2.6809652e-05
4ae44fdf2a8a3e306eb8acaccfe28513,2.6809652e-05
c7c6847504dafc8ed1bb1c661608cea6,2.6809652e-05
197b7783f6ff80620a6c7f08c970d1b7,2.6809652e-05
1760ba1f4826fdd9c34a51ef7bfb1a2b,2.6809652e-05
05663e7413b88420784f9e5b4df2008b,2.6666667e-05
5c33edb9acaec7c44d135e20968cf834,2.6666667e-05
9ed97296939547cc809e847ac7890122,2.6666667e-05
670d783d21b6c519c4859b72f0609a75,2.6666667e-05
38a8f4f5789043fffa08f1cbda98007a,2.6666667e-05
4ff17e5d8a54f820e4806522f3f8c5fa,2.6595744e-05
b4d0ef3f7a666d6276bf5c28db276740,2.6595744e-05
0d5d5b04a0093144840cb4074508feb3,2.6595744e-05
4ae0996c6f3bbcd2093ddf798a5c67ab,2.6595744e-05
0df4bcbd0215cf2905d6a56c62162006,2.6525198e-05
20b893b61035d40a3cdea3d6c47652c2,2.6525198e-05
d4268a777a9fa5ea64e07ec15a49e86d,2.6455025e-05
518b7f6309ff81a410367d6128250e0c,2.6455025e-05
bfd0927961b92b7b54fc60a965e8c2c0,2.6385225e-05
d6cb27c7664e90d49ddb8cd718d1b4d8,2.6246718e-05
8bf168422ff38f727fe4cef9037d1690,2.6246718e-05
cfefd727820245bd3088faf0c7e2b210,2.6246718e-05
10d088349d9596559807fceca519306d,2.6178011e-05
972d5d8c2a8e980ce468536e3d2a465e,2.6178011e-05
b8c9598bac4d57de3065b5730bffa795,2.6178011e-05
2fc67ca46198b92f7fa9c57819ac480e,2.6178011e-05
b505bd1e47523701b8726402fd91143b,2.6178011e-05
528a49bb2c3a96b666962f5067b6c488,2.5974026e-05
67bbda281f031d72aeb437e5fa0e26d0,2.5906735e-05
aa570966a2a1da765a4f593804cb8d77,2.570694e-05
792b772ee7fa478cf82c53256e14742c,2.5510204e-05
df44a209a28510dbdde4e0c7e8fa10ac,2.5510204e-05
b1d1ba34c5f759690c54b42f75534e42,2.5510204e-05
f10bfc9846430812cf7380d8f1f27576,2.5510204e-05
2ca90358a5155a1ac378d6577c5a2327,2.5445293e-05
ec0cabfe1dab669016a99f27dbba4b25,2.5316456e-05
8a1695c10fd00edc5fe3683e59a89171,2.5316456e-05
e5416e5a04e38d89f2b01dc8495f2d66,2.4937657e-05
42850ad86cd3495fb024ac7aeecfbc74,2.4937657e-05
3d605aaa728d4b3ee9c8c08a0da3843f,2.487562e-05
c3110f8098924faabb12ea2dbfe2b893,0.0
54c078529211e33670e28519b82c3fce,0.0
679967d8a0dbd4a30eaceca53542363a,0.0
8fea417c5e652f874b3e5211ae85ac15,0.0
677e223d1296448f73992ef7fcc17c09,0.0
c2e2a3fb634ff400a582c0aa20a4d521,0.0
a97b639502775a389298b6299ac65d76,0.0
8121e654207faecec0f7dd4005d05a3f,0.0
abc996aa31d57d97e412aab7c549ccd8,0.0
94a610e9902723e9a270a8ca28e2dfaf,0.0
614ca04eb0cfb532da75e19f226ddc30,0.0
df7396b9a5bba35221eb06f548214c54,0.0
b8bb44cc3227d729949c2ede6936cae3,0.0
d0003fcac2fc24b6972231e29e885bf8,0.0
50a9c5f163ad7ea86a7dae4c85cd2174,0.0
55d7c3c02fefdff703a68368fdbd7966,0.0
e5e58e876117649f80aa6a0e0524f0bc,0.0
7281787c030d5330445923b19d1c7a8d,0.0
22ff36616a9173a50da867cf7259e0fa,0.0
2e44df2dcb55824649b6ff49f449cdd9,0.0
682db040fd81d03974638f67301148b2,0.0
836a023b5492c3ddc0d5e28bab8981db,0.0
00e57fcf232f1e7279d7cc2c87fda27d,0.0
66dd9f59266c1374bf911d7d366ed1f8,0.0
8a8d876e247e4769e34222f4293a2cd5,0.0
7819500cb36f8c2529def5bfaa4d67aa,0.0
05a3c57886f6cf9943ab1e9c030a3bbc,0.0
d0d80c3c82d345c03d3f894a1dcc35a9,0.0
e177848936e69583d2207935638d7d21,0.0
277f64947f92fcd6f01e66ee01514c02,0.0
0d213782def4a7b3a21534cf5ab367c4,0.0
8a7b3eda046b47a886e341532c82e895,0.0
36428dcf28c9fe5f3a9536b9097102d7,0.0
92eb88d885a0d44133dd9b52ee251b0e,0.0
5ca1c8938a6bcbf98fcaf839c66f038b,0.0
f281769d7c2865546d72b7c2a319a603,0.0
cbe76422a888df2651d3f22796ace513,0.0
5f1fd906c948d708184e9c76616d8e9a,0.0
817b7fc30f0e336e8f8f15543073a8c8,0.0
cbbbba88943e578706dff53a2ae8ee78,0.0
1b9a8b9251476eaf38f85f35ed9dce5f,0.0
d682e44be99177bd4074b1243424a410,0.0
dde837578e2e204dd1375766dc3e2d87,0.0
757687ab8a5cc42b7093ed70712ce661,0.0
de87ba7f3107c3da23de6462fe780ceb,0.0
b5c55c43f1915c7775e95efc6cda8460,0.0
a3cc0d0576f2b6ed1d52a880b8a79069,0.0
d5ec4a1c06e07792e6e08f883b41e773,0.0
b8b98d63cc1549c0809940f16529bd6d,0.0
e763a2bc6bb17b90fce2ceee1f981d74,0.0
3bfdc1bb2b79e5c357b306cf86db7553,0.0
ad954d3a251af34fc4cfc1fe73e49563,0.0
be6bf456136eafdb7cc7509ae6f1ac63,0.0
c5ceb32f286c8e05faed3ddfe98a5dad,0.0
4ba1a51c50920164a55e9467c88c0af6,0.0
aebe9045d81b2f04ce6c159a4040a7a4,0.0
6f61c2e87637aad7ded93d3cd424aa75,0.0
f2c9bc27b23aa3b3871b9debb4decf6b,0.0
a8ff483beecbbd6d3e6bdfa41f1b3947,0.0
4f70d3980f9b6268579d7effa29124c3,0.0
0e8a893a537d1794a5f543747f39a9fa,0.0
11925330afc981f811eb2ed869e01965,0.0
dd05955f135f1aebeed57a454443f2ed,0.0
40c72206bf746e86404dce1216693191,0.0
2858f12b011dae3ccf194743adf95cb5,0.0
ffdb76def6789a0745f6a04d006c2550,0.0
694fbcf11f0662f763490aedd9b80660,0.0
c82eadf5a425d1c41af867ee91c6b644,0.0
c9c104ce0948cd5ef8abe64625f68bd1,0.0
08aadad84c527b953b4de1e513aeaf8f,0.0
2c20a53c34de85c246a49f24e7732850,0.0
c606861e3343a6882f899cda29f6b7f0,0.0
8c722f416c6c1308a398a080a1331764,0.0
f37736cfd2d434346f446b85cec0cbae,0.0
878dc0ce16b33922e33947ff5555bed5,0.0
dd72b31a4766bc4891e93c25479d1206,0.0
2aaa1d7e28f59cdbe32d2b9da17280bd,0.0
beda512d919127d7e95ec5bd9ddd1dfa,0.0
1685c1e994ccb8862686f2ea9ef1eb91,0.0
7ef5107971cb2c76f5e05c649a4d1a23,0.0
e80bc79d98c094665d3f60a175702935,0.0
6f6e73c6685f075ed238291f8468d6b9,0.0
97d53627c91ecfed1430feafb0d27b45,0.0
d1967f3ef18c67afe009ab3a17268795,0.0
e9d85425b458d75f029e231f73c3912b,0.0
0c0697ab7edcee116eb05648b19f6444,0.0
8411eb762a667b25de85c709b149a69e,0.0
471394599b9c4454d80799da247d61a6,0.0
a45fbbc09cc7542777626bdf2aae5dae,0.0
881f5014d9b1fab5882fa5f0771d1700,0.0
169ecc5384d0edfcf2c532d4a96a2c02,0.0
e07bdd2f13e9d2c35ef13d139a862dc2,0.0
7c0dbebeaff72a81b8c960e4f8ecec67,0.0
e9e22abbd40727072be0d652e00e3e32,0.0
e6cf76a079b13d7fb8d3a12385920bc0,0.0
4f375a01c9f39b3f2ad416a12b8ec577,0.0
30366d043495bf3e03d2326b38efd27d,0.0
974bfec08caa0d694aed2f4266758a56,0.0
e9d73db89cb524289ae32ae0c97dc04a,0.0
72158ac5415f8e17badc6ded8a115c16,0.0
60701f81b388adaa2b0fe7bef3acfcbf,0.0
fef9323e680e5dc4ad13b81a75488a4b,0.0
f3ce1bf263cf09032cf8862a23466d29,0.0
bcbe85bd3a36f9d857536657a98dfda1,0.0
472ea95e11bbff997ced2e49c2b73ce2,0.0
d1bffdeed09b6f954a180974f32a90fc,0.0
93df9c9730f6eedef8b6d7c9db71577f,0.0
57ecf61d0ae3d7f99908f8f9c9e5bce7,0.0
739111345371971acd05661839bcfd9e,0.0
01275fdd62797759e0257d54f1898965,0.0
f86116fe6573061ff7d609ef824b018f,0.0
50a5b06d1f98280c851239aa6de501bb,0.0
345f7ef43c8358baabd6a9795a13373c,0.0
5b9506d96c1716c0c213672ec4154b84,0.0
171e4dc173b57ed0d2675aa21b783393,0.0
7417bb610eb81f6997c0701910eeb97a,0.0
e07eca474d146a33e0e4dcd42b22e230,0.0
371bf8fd89a78cd0702e9177d1fb06ca,0.0
ac8487c2be495001dfac749a66e5fac2,0.0
859559d3889984ec38fd723a7c634b02,0.0
51a58168e326aeb5e4983571e2ab281a,0.0
687f6d1d889275fb81e3ec74884275b2,0.0
f99469d3dc0821ebdc509a1675b4154b,0.0
1c6b243a637b35e6b467da17e1de3343,0.0
f629b07b53cb9a081f85cf454e40641e,0.0
949eccca703be4e34ea35032acbce8df,0.0
f606d9236a533dbd84ab141c251a72a2,0.0
3d89c0f551cc1d54c9f4a4e94b5e2cee,0.0
f92bd27973c3d7173906871c2f052dd6,0.0
dc9da787413fa8b054e6396ad1b0f65d,0.0
4b42e43dd6c16be21dd10fc91c159e13,0.0
9a8ee9077634909c3f2a7aba809a219a,0.0
a24f53ac7f9511af4229a581ca04cd20,0.0
a2ae4b833315323acbf6943f317b810c,0.0
c64cb27451f8db3d8e36ecab8304f811,0.0
dcaad611ec7851e821bc326cf0725c1d,0.0
5682eab378aa7e8e83ebab5b64dbdf66,0.0
66a6a9cc385e0db55abdc3ad42715ab1,0.0
44eeea045ec93c7ca6dcb5eb8264b411,0.0
07fecc2814c0a3613d59914fb111a135,0.0
e07f01f58de803511b6802c66b1f3f8f,0.0
48df621bf15bc1780f3aaf355ead0ec1,0.0
3854bc4513cdd2fb539ab334c39074e4,0.0
7b1b74bef500d747863c3174bf47465b,0.0
9fb1e0f70e3dd0697a031fc61b00d323,0.0
462d9511d325ecaaca10a1c7d59f3cdf,0.0
8aa95d373cc7f4f25c9510ba30855d6c,0.0
435f81cee596ebcf1fcbea06a0554f66,0.0
24bcbfaca281697029d5506bb5c14a8d,0.0
aa32978164d7a200706f37515c2aa3b2,0.0
320519add3f5621ac75bdea02e009d6b,0.0
31ff8824dfda84a7ad649cee7c03326b,0.0
9f09c69b1e75ad235cd2f92357f52e06,0.0
3f66fefdb1770929d8c147a9fe9c9a25,0.0
15ea6496d07919d87b961cc893d08efb,0.0
7c37178eb2061952cd4947903c100f91,0.0
064370a3b54d41a9fab42ed708fb1ef4,0.0
aa0a2c798d1d7d857004df2e584cc285,0.0
229aa767506bbb723e72a5d524de0e14,0.0
3f74b2df82e477f6c58ca619df23cc79,0.0
1dae2b7ddac2244ed621959bf1115fd1,0.0
d7da0c800795c6add79faaa71c9eff13,0.0
b61a86e03dcae91f596bc63bd111ee19,0.0
b0735b943e1d77830d902820368b6bad,0.0
95d9eea8c73fed426497cce0a03fcb6f,0.0
c0a668539aed8d4686c4bff3f9290816,0.0
8a07aca7b53c60007a49c8258524365c,0.0
635f9b62dc86e14b4b69ec0d28e0a2eb,0.0
3451b21369bd777d17051194b8503b83,0.0
7bf3912e2ea118180b8928ff907142bb,0.0
f677d6a9efeafff87a7c71e3c3145071,0.0
1efdbc9d938dfd23e8b3152bb1565eeb,0.0
10733fdb80cc164315b5c357bc71038b,0.0
e67f632f49c2774940725f1f938d2659,0.0
c7bae8af5bc971eefea1544177ce5a9c,0.0
87ca293559339b8aba3d0f0b93cd1c10,0.0
9884297f3fa72064306eb897bc23bd9c,0.0
7cd17b7540283ebad1fbbaca8a4ca0df,0.0
b7a6396d9d63326dce76bf9c6322642a,0.0
661cd42a23b485e6a335d297a7c70918,0.0
951c3a74446b173a7913c84d5a654216,0.0
7bc892109a1e4aea515cd5cd594b30e0,0.0
170571512e0abb014f5f1eccf0e2b99d,0.0
e70c893715a22fd00c3427a61c4d3e78,0.0
7db74010ee666b70ed015fc31ad54aba,0.0
c2fabf0d959e90d36538481797861f22,0.0
ef53138a6737c4d67439991cecbbafb6,0.0
50187be4848a0b25c55286fd4bf74a17,0.0
f34b3418c8c75a41f9fd0097adccc5f5,0.0
b27ba88b676bd5dc592a80e220ed2414,0.0
7e864eafeee04f1c47c01ace1f6580cf,0.0
651e7e6df100a6a4be0bb9170b1e1d5a,0.0
8c167e3381323ac83e53980fd7a405a4,0.0
bffd2f9b40c6fadfe34baf82484e4580,0.0
91262aadb0200f0555dcdf979f76cd31,0.0
fe489f228fab2e4aa07ec00970b35cf4,0.0
69b787bb75170152c099b2b637ac0222,0.0
d31a305037e6a30f9be941c7007d6546,0.0
74f1645bd9acd90e037100556c6bb01f,0.0
fa9cfdc56555ee8b514c49a8a2dab204,0.0
b43bc6fbb963a065c26499b007801fab,0.0
17cda1bfb1e31d388cc3de85502001cc,0.0
e17e9db652816fa7977d89f8ac8cd9aa,0.0
fa71bf0a3e7de0a7dfbeea3f1e2f0750,0.0
19071359a402b9b51779d559498d34f6,0.0
07626638de8e42ecbafcaf2567616321,0.0
3704c8eb7f304be9e51463c9b40038fc,0.0
2ec5f6349fdc0fbbd482e5cfe81929fb,0.0
5987714af68eadbd1056645b5a9f871c,0.0
e6ab35c480eebc43122a2114ca21539f,0.0
824ec86b019208987e14dc4d6ea7fcfd,0.0
257c0ef99a36abbcfdb749de5e6c668f,0.0
7fab9c4daf1e165a81be0975eb21c6c5,0.0
b1021a3a6e227a85e9ad836e86c0476c,0.0
1f88b91a667257b52cbc8e13d7d68d17,0.0
fa64838041c1c74eba66c46fd2b07c3a,0.0
42f08587be6ebbfb7521ab108f741d97,0.0
0eb607f7ee8d40551aa31a09b78a4263,0.0
84823dc258a5f8060ec8d3af81a7c65d,0.0
2651b4213bc3989d9f2b3554aafe7d0a,0.0
f0f3c8a1c0578e80aaee3a3a50bffb53,0.0
9d1c1d9e2eb24d898cd92c05637d66d9,0.0
3aa14e6bd4dce01f12c7356e43e4eef2,0.0
8848cc7bb061b6695a4ce379cf018253,0.0
dc8d847b1f46fffc6bfe1ec0fa53d2c6,0.0
b2aa2d076096d8dd9980112191a3d0f2,0.0
a1d86dea0ed3b8969d1a24649b26421e,0.0
d26f42e5cf2b8d23991534f9eb727e6b,0.0
aa87c38fd981ade59311ae928477bbe1,0.0
d0625c1481c1e1d1515bb4b0d728b7e2,0.0
97e1a6d69c26096301166f3132554645,0.0
e9125fa1b4b62ed142d08c4987568910,0.0
1aefee398be64d4985154b928b88803f,0.0
617c54a5754eae269d4849b4f526e427,0.0
fae863e2b4333ecf038515a4d35f979b,0.0
71e87e8af2d4b4da45d7a37d8cfd0490,0.0
ff78dfdd58387896c4797ed4041d6fc3,0.0
b1d9bc4608c995ec36ae02e002f8c454,0.0
956cc1de6071c9dcea31d20920f46a61,0.0
fab9e17c9f9703cb556d36d09a421a0a,0.0
5fc5768e12d00be9e2fc63c1b641f3a0,0.0
22f2632ab59b2c06b257ba2d4d8a3317,0.0
1824870330b4969520ba810133212ebb,0.0
0fd07c04abcd1c976c66a19ea7966ad7,0.0
1ac8157543e4e9f45d37ae0baef0a13d,0.0
29335c791ca349abf4d0235eead243b0,0.0
033174ae5f1a38f46c94165f1ac69dbd,0.0
29274668751a816ac532ffe1a9f7edd2,0.0
91e61e21df848ce71833ce17fbaeb364,0.0
5f79777463a1ecb1d9395024f9c763d6,0.0
3025702a4a7ffacf04688fac69052be0,0.0
9154257e38f3ace4e103b417878501a3,0.0
15537619fd8d432345ba2317c9f5ec61,0.0
d46f10c19c51fbbc0d41a4a944bc2fec,0.0
4745cd7a04a827788c51d2b5e9fdbfeb,0.0
f87dcb5c8a9e7b63bc0e592158c9a192,0.0
1072fd29d68c1e0e0d056ae6ea85a50c,0.0
88879402d3edaed06ccfb7ac40236145,0.0
698dbf715fc701f768c6db52228092a3,0.0
ba018bfdb5c7db197fea13425d099dec,0.0
679a27ab185decd40d7521197f887bbf,0.0
7a615c68569339e6572dbd441a0ecca6,0.0
b17de648f23ec6ef1f27e9b6640b1069,0.0
3690eb84f06b616eb2c82e700ebfa0b8,0.0
f03216fd5058c5555bd69722101b4588,0.0
3de61640627fcc5d82daca63c891dbcc,0.0
ac28d0b8b7bcdacbe13751ab8d85c1dd,0.0
ac73bb13f8722c8bb6a1fbf9f067b206,0.0
a31c17f4c0776ab1ea366766cd2ef846,0.0
dd68d1a35f5c17f3fdcd9b64de95f10e,0.0
3ec39f208d1c07e1d54c698d97d452f1,0.0
3a7945aadb70d44e4a7fcd71b9513f21,0.0
4469b0977a3694369ce5899bbe0c1932,0.0
994b2897f0ac11d9e5a5e931cf9c7213,0.0
8d9960641a3df74ff0d22bd45646db6f,0.0
b99ed6da3412877f6f288d1d8cd3add8,0.0
796b1ccc7ff11899040bf1d8daba0831,0.0
be00a7674f9e7c55ea924adf8c93b29b,0.0
dfaae5536a4e9422d8e850899a5f94ff,0.0
9b523a1b49e46ab3c28d805835f308da,0.0
df3704c582719486381beae320878647,0.0
a12cf5b20ccc7bd945f5836e7b392eef,0.0
8b8f5833ae5c896cbcfe38475b184135,0.0
cb2e80970760702cdb27081a91cf0d69,0.0
c527a7c058320e23e7b5a32032f6b4da,0.0
43084a0deaab940bac2aed77ea089af2,0.0
14e8d40b8def0d051b1337f90a453998,0.0
c2b6320316bc2557eee93d84de6db73b,0.0
5bfbe245a5ffca8140793acfddffa09e,0.0
28247a594191bd9a2055fec320b08c2d,0.0
b238e93335d18a4b27411fee40dd0c87,0.0
56b05ba3089f4a49bfce4a590dca8467,0.0
0c3418c10c57eaccc10a54b8e471e49b,0.0
4bef6052ace2e10e5e60d58b8dfb98f9,0.0
814d2880932263f7915edda82ed29b46,0.0
cb9d3ab34b06d202f3ea4ef133419841,0.0
46cbdc46beb32c5fb9260ff5f21a722b,0.0
8fc5a7bb96d4039e65356d497e0cb355,0.0
1d085562f96bb866168100d2d06f507b,0.0
b221d7bf7a04d1f9049bd38b2ea5d29b,0.0
2e10a4fd02b649d28f8e449d0bc10aa0,0.0
b6626461498a4b9dc3453a9e81750ffa,0.0
f78184aea81dacdaeea32194839c2bb5,0.0
e76e9835005158b53dac4ae3af6a441a,0.0
72768e467651bfc2b5b0f80d43a5985f,0.0
353d38c0cfc0f218e8c868f6745b8660,0.0
7b90b81f2285f9f9e2be93bf576f8f8b,0.0
c49b2d46782263d409a5ed69e9b6ffdb,0.0
aa066b2dd44c786389ba510f11ca796e,0.0
dca3a9ede7b886a6eb2e43fd74375e36,0.0
4c424d794a6ccd73065f71d2b9fba6c3,0.0
79c1228a897c5ff25a114d7d39fccd15,0.0
6a6ef96314f90d434e4d1ae3d4b69719,0.0
263034ff38b758e30e7738df7400c00a,0.0
64e5d21f5a20bb25948b51483e651bee,0.0
e602e3ef0929c4f9e9892f4598b77f61,0.0
fd5078d05bdfdc28d8dc0500a598a986,0.0
5a8e5ebfa675b0dd00924ce59d36b8b0,0.0
1f6abac97345f86055bb69c4bf88d37b,0.0
7f42f38d34cbc6c19c8e983ea7865788,0.0
bcf0c61108bee6c97bb83a0f8505a456,0.0
c2653e1e7ec1bc38d2c9b0b38b03bb27,0.0
fd2e01268ae0767e91ae858a7fb66984,0.0
d031021c8c893abeac37828e5b6542f7,0.0
7b0aaf632f226cd9c39bd85d5368bef9,0.0
2cd04fe6df88c0d676bbfd95817561fd,0.0
cf0ebd13a4b0638372adf8b481509b3c,0.0
1126495ba0dfa1dce51f913209f14f98,0.0
f2d4a0d3b9c57ae804f2db5265f0b908,0.0
9eef66a3ceb6e61e8fce4f8d1e4edd2d,0.0
a330237feaa37b164be80381d7ed0cbd,0.0
c4a08923ed46ce68558b6c22fb695d39,0.0
6a6bc94abe469b92798a74c08ef89118,0.0
03058572367c94fa73ab9519e5ae38c2,0.0
023b7c6600ae0c842db6277892ae588d,0.0
91a59f8533709ac07a7d16859879cb7f,0.0
f88b942e69b15959414c70f8e817dab8,0.0
070c89dd6f188ffcecd9230f97668c0b,0.0
022dfbedc3aeb4e80ce2371f28aa96fa,0.0
ad18c7a73842069dded9ba9f83509fd4,0.0
e0eedacd6a31010e996f08e04da462d8,0.0
7ce44f270fa9b2fd42d4d45a4931428e,0.0
e2261cc61b35deb620e00a29b7d9cb66,0.0
1528c0315db78f1213892da6f8edf1cc,0.0
1b68f0034933c2f010861a4b380c5104,0.0
ecc28d19655c68ba9645e627115a1f34,0.0
c783957c4aa6531a30ace961e1cdb878,0.0
39cd99da7028cab316b6df3d8cc0a3e0,0.0
85ca79ae671a3ac8b28d3cb0d2be6055,0.0
98072bc099489e6e57d365e72ad8f444,0.0
3bfba2947bbc4e82d0280b836c42919e,0.0
5a7397db7830ad460c93c03d7cdcbde4,0.0
076359396f91b178804cfbb999ee2d2d,0.0
dc7b4d0a7eb2cc0659664a60a9d196f4,0.0
0e60ab809a1ef51dd19a8b184a979c1e,0.0
8dd9ba6194b1cdf44fef8f3185c52198,0.0
9c7fa3c3a29eb05efde3955ed72bc8eb,0.0
4b95938687b60d2bcda2bd41beee1e78,0.0
2f873cdf0d3e0d3a5bf27b0971eba37f,0.0
7cdd07ac3d554b00ad55d9556d04dece,0.0
eda3f9727d763c51872c9f76521ff270,0.0
a0c0f6cde5b381a7420339ae5920f78c,0.0
557e71da0838ab11e01a5d36c7e9228f,0.0
fb206293c74f47816d2f6211b09dda0e,0.0
b46e9fb6298942b824fa56693a0e4b90,0.0
08a63a7eb2864f65d493b3e67e9d771d,0.0
d1c9846d532b211427be33779a47d58c,0.0
40e50ce2296417beff1bb1a4e0e6985e,0.0
f87d9cef71b2feaea0e060f87cba5a79,0.0
38ac3d37531e47c41652f7dbf596998b,0.0
2123be9769dc769aee156952e302503f,0.0
23c7c29ac6810aaca6ebd0e794ee464d,0.0
a7ce2609477686b88a28e43cc58d8311,0.0
c5d494d433332464d4c3e9e899c00d5a,0.0
e5d24224ba4afb68d59eb66f283bd8da,0.0
d53a28041348e0d3595f3e5bf9dcabf0,0.0
e02e14311740afcaa8d4ed999132ea32,0.0
6c73f9a141f97ec0e94e11636e3709cf,0.0
c6b151eae04ce5dadaf385b24204c9cc,0.0
582f286aeb22b207c3f5a24aa8fdaaa1,0.0
a9a2b0797c5692ddaf396c6446ca3d55,0.0
e8498acadad42da698b9a1ac825d2270,0.0
85fee8d53b709482f4ca4e9c3bb99822,0.0
12a60697bd35e4372ff89df5b5765bfe,0.0
3a1ecd721ec185d456ea584e8c6c9f27,0.0
d47e8ab3535fe29de7c18e41d3a777d3,0.0
6f84a6b129a82c9d3382af5a160c8f90,0.0
fbf0937ecac5a5376b0a39d0a13a4b0d,0.0
91c911fdb1a0b45401be02d0384a835b,0.0
624bed7fb4ac2e20109792b933fe6763,0.0
daff6cec49f4a066284f9a1ca6190609,0.0
3f1559de513c937205fc628ca703b798,0.0
f7e5db59d1d9317c67a1420e00d3bcb4,0.0
4180281533c29fb53b10a6470cdfbd4f,0.0
938df9a838e681d045fd9c23eee7d2a9,0.0
6d2f294508e0b74f272d98d76eb18e1f,0.0
529cd8ab1ad3926a16598d8ffa5c6339,0.0
77736b2b2c7878fbf19ea0b4d44d913a,0.0
f5b08656d0ba4989937b77b8785ad202,0.0
0add17f7b08e895a80a8a761786a0f7d,0.0
a07360887f4a96466c187b275a384f0f,0.0
5cc3a74316dbff873507cd8c53c1974e,0.0
267d103f24a7106f6907113a44209a91,0.0
f00c939e687ec05a616f4a0e59795a80,0.0
085700678ef51353c4b2197cda2b605d,0.0
bb60f1eb3cd71dbc34dec16012076277,0.0
9fee08073299c5408e1df3dc97dbc7fc,0.0
c8fa50c505638219451ff837cad02696,0.0
4ad111524577bae0c0c842e67f3b536c,0.0
66530156860cc8adc0673f262f7d7103,0.0
695e43a10a252c1011c4d94d6ef6e4bc,0.0
84fe109254aaa696a10eee40c198cbe9,0.0
811cfc66c71ed5dbcb2bd5f0976ec45c,0.0
d01df8f0f4ca4f61f042b694920558d5,0.0
4c829741420b59f10aacdd6fb623c4cf,0.0
9fef9b76dc2bff231becab3f97ba6456,0.0
804f2e17251ddb458cbb216bb29c5e32,0.0
e758b6f9b5bd6853570bb742b5efdbc4,0.0
42ab52a4004e0fef423bd6a66158fb14,0.0
7a8e889fdd9d9ea0330a06db90799c52,0.0
ffd4810a21a8d3ed2b14bb452edb3a48,0.0
4790c8293421e5ee63b8f291db48eadc,0.0
530d4302f3d0034208264d536cb0f4b0,0.0
b50a289842c3e23c4528192baec6fa80,0.0
fc183e9d621c58115e2c35f5d60401af,0.0
d3bcee02e9984a54f4e0bef2bfddc49f,0.0
28ab311485fb71435c5830f9b6bca766,0.0
9ba213b54d2d49147ec81f838acdb7f7,0.0
7948fdcd039fa1ddc7027295d737cc1c,0.0
febd1749873d48ee1c3be359c118022d,0.0
576d02533a5169868e7de21549c42c3c,0.0
d1816e795b7d6f4763365264921a63af,0.0
11f90966ec490b8ca7a190400695598c,0.0
154cff0e482df829b06bbbba423dc4ef,0.0
fa5bace8f6c7b16179d769d95af64235,0.0
863c87de46c22e949463dd6ba6b4f7c9,0.0
b1e6f34e4240a275f3f35c7cb6fce68e,0.0
37387015e933c41210aca9a3a2d19897,0.0
75f7edc6df7b51f7ef8a43f24a1edd2a,0.0
119bfda96f57613245615d0a3fd19d74,0.0
b4dd9deff57d2c5e751da2daa218b77a,0.0
fa35b40357b4962c163502649e149ddc,0.0
ba9e145a7cce87eb9de76acf589a6e58,0.0
6c0eb6df1f38f024afc1034a7993a5a3,0.0
317918c2bf8aa11bc3ca19032f2af01f,0.0
f2ecaea3397ec648afdb48b9d4095067,0.0
49ed560bb40abadd15457407f74f2684,0.0
2eeabb9878d1c2b969767df7e6ab90ce,0.0
e96b31952957b66f03a2fe0aedfd8885,0.0
126deefbc4671d7004a3a36294033abd,0.0
63daeccbd65dc7406945da4c48ed9df1,0.0
84f0f190153499d7db9a161ebc88e7af,0.0
e7ef096e905b6539bf96aa690fca907a,0.0
81226a20efbbe783cf59d5ffa8477b6f,0.0
df64e4bcd8cb8ea9e9847fad581780b7,0.0
5bd108e197d9f83142a7e35ff858053e,0.0
47d74ecc4086fc5a0f87b14647d0266f,0.0
d0603508c0f5b8ef3823efab6e02dddf,0.0
66f4354f653573a47764f3c6155f2bd8,0.0
f447be92bf501da8e63dbef314e6deae,0.0
4464ce88dc352b7c36a01fffd055ea44,0.0
fcb3401cf19d5178ea8629d2e80db0b6,0.0
bdfe57957ceb9dffa67fee0aab626738,0.0
12c63a8fb7e7d76aa2a415e3e68aefc8,0.0
8b0cc5691ea2dfe633df5b9629f6394e,0.0
f689b5e34e9ad2907bf1ee15056356d6,0.0
1a505b5eb855dabdd31e8b475f9f726c,0.0
bb9098a0b580196ba6710e8658a9c8a9,0.0
93718601d116cd0e15ddbeeb4c214343,0.0
2fb7bb720fcc3e102c03a3900b64a11b,0.0
3feb8e868feeb980abb4579fccf749c8,0.0
790b454498fbb88e11eec7c461ea80ac,0.0
4181fce9294c8dbc7b2c749f75f1c105,0.0
f4efbba8c4c27ba25ae92b382fe2ad2b,0.0
99022a8e0af7edf7c0934952b0523f79,0.0
ab4fe99ca91285786b20ba55b1446937,0.0
b1dc6652a25cd080705a9214a0e06963,0.0
4115983ff8bda5820d8a2c87a5e3942a,0.0
57e8ae1e1c63626b58778aae72691729,0.0
2d0690cd9acccb6fe620906043c51747,0.0
e13fca8ac3e20c666b8bcdfc2065879a,0.0
fd06b9546c40536f4be34c4d4558a858,0.0
4b6bfb1fb11c280086d1eb3dbd45413b,0.0
d845575a8a24313517673e762e125cf0,0.0
d4846091fd8bb66928958eeca344fa40,0.0
aeb0c980584455b983891cbed0771e1f,0.0
40d1c3b3e0386917a203ef22502af1ae,0.0
f12d1454d00c86a153971da819f88a18,0.0
472ff9d65b1266deedbec877f2e6d55b,0.0
290f5f4f4875323d9791935dc18b192c,0.0
90f63d1489d23090b29eaef6c2b75771,0.0
90489eac9dd49bfdd4d9f0ae14751aa8,0.0
af8b9072f9ac2c38e73ae1358a44104f,0.0
bb7c2e50bb2e3dfdc7e907c1060ec8fb,0.0
e5801a90955ef13f2047a85534f5d152,0.0
06682ca3433b5229b692986d22e160b3,0.0
5d240b232fb4a7b14627f2cad057782c,0.0
49bff0edec7011534be1a7d14cc32caf,0.0
8fca5b3ad7b4fcfa37eeaaf26a3d9b6a,0.0
36f03e4a59486a747073cc9e40af7c3f,0.0
86b911c0c7c65f8d6e372c3d71a21e01,0.0
480d1b697f3a1e2c7198526e5067cdba,0.0
420924e490c471e3023efb73aff4f0cc,0.0
1569d401c39d2371e436334b6f1bebe3,0.0
9c54d1bd6f5b09a9dad69fa74940a128,0.0
