684dc5ea06076953582af1ddc2f1536a,0.09851138925994823
cbf92af5273a551a490176a6cc5f67e4,0.08635851122648878
168cee43409a46c358fe903207a88892,0.0687216412193851
7088979dee31d4e935390d8ed6e36e35,0.06318372325253695
6cbe3c177ac90b84660ae99da25ed46b,0.06167887116131755
63e99fdb3a91d9a9122a025094a68007,0.060943596414268525
bc8d3b45a2789319014f662e9e91cf03,0.06084380579131226
15ea6496d07919d87b961cc893d08efb,0.059186375760884695
33ee3862152758a87884cc18467f20b3,0.05744252515087786
64f5b16d46e9202f43e8108ac3f7bbb9,0.056998661243062666
8848cc7bb061b6695a4ce379cf018253,0.05626278358726886
2fc67ca46198b92f7fa9c57819ac480e,0.055992043451735016
a411700a3afea5e2f492ecfdc1ee4b78,0.055615642208376184
fe5d0c663ebcaf12e4053589521664c9,0.055278077102123256
c5ceb32f286c8e05faed3ddfe98a5dad,0.05514536445223398
2468a71089e645f9bb9f7fdb3906054f,0.05440251150268282
12f6af89e834f11084b60001192acb59,0.05274147961563618
3679bcc974d8fbd902c3298ce110ac69,0.05222220272900792
5a8e5ebfa675b0dd00924ce59d36b8b0,0.05072479186765905
4115983ff8bda5820d8a2c87a5e3942a,0.050388069317060774
ba9e145a7cce87eb9de76acf589a6e58,0.050091725614064476
c6cfbffdce4ef8d32db4399d6aaa464a,0.0484063920399817
b50a289842c3e23c4528192baec6fa80,0.04802068941452376
1f36ad30b206e69f16d13cfcdc5bda08,0.04802068941452367
d5ec4a1c06e07792e6e08f883b41e773,0.04802068941452367
739111345371971acd05661839bcfd9e,0.04775654922381694
7db74010ee666b70ed015fc31ad54aba,0.047077332561492734
77736b2b2c7878fbf19ea0b4d44d913a,0.045981152152283704
2e10a4fd02b649d28f8e449d0bc10aa0,0.045816698596906985
518b7f6309ff81a410367d6128250e0c,0.04528924028562848
f62d0d8c5f5c1ea79be2a8a1bca1a0f3,0.045209365934591406
080eeae255df4686e2654d9101f3abd7,0.04512806298000534
a2ae4b833315323acbf6943f317b810c,0.04443517801696339
4c829741420b59f10aacdd6fb623c4cf,0.04435469148271706
98a575d4b312334adf59b625a8783dbc,0.04432766398611201
e763a2bc6bb17b90fce2ceee1f981d74,0.04426808541984133
61cd8d7c2c2801aee089f0ad8fda43a3,0.044211114793384736
e9125fa1b4b62ed142d08c4987568910,0.044162237319281795
614ca04eb0cfb532da75e19f226ddc30,0.04412089499546191
5f1fd906c948d708184e9c76616d8e9a,0.04296452307076077
4ae44fdf2a8a3e306eb8acaccfe28513,0.04262503240064742
29274668751a816ac532ffe1a9f7edd2,0.04259428656330764
f3ce1bf263cf09032cf8862a23466d29,0.04247339453116927
320519add3f5621ac75bdea02e009d6b,0.042456532539417884
a9a2b0797c5692ddaf396c6446ca3d55,0.04239277857863102
673f120752c1e75a36f65364b1e53cbb,0.042232163132127416
b7f95e6409a434e6349d1b6d07ca133a,0.04167139985687654
9fcac5a9f9d1b88f0b907157154d8dbf,0.04077092802308918
08bb9eb70ce9b02e600ed725a95686e0,0.040524006687979425
28fce591e1ff862836e2e68095f087ad,0.04051312752740815
132f726cb935abf8474e05cb40557132,0.04045615122753273
18b7b82da9c8a48eab2d6cc02a0ea61a,0.040019506177752344
38a8f4f5789043fffa08f1cbda98007a,0.040007023415775854
00d477c72ee2a352857c540350c6abc2,0.03993440774202072
466a80896396194d521a387f15168afe,0.03981844567966009
e02e14311740afcaa8d4ed999132ea32,0.03966352745796042
28ab311485fb71435c5830f9b6bca766,0.039663527457960354
576d02533a5169868e7de21549c42c3c,0.03966352745796033
b3f737c04173b0a3d38602fade6114fd,0.03966352745796033
cf5030e4751ba98b7543780160016239,0.039601632422495765
c3574ef7a3455b639e41b6e790c31041,0.03954117137866363
4ae0996c6f3bbcd2093ddf798a5c67ab,0.03949026075166588
80a06bab8bcb19bae240fb918e3f03e3,0.03948247445740764
f4cdf6242d1955525940cc48b0c30a5e,0.03944010690297646
836a023b5492c3ddc0d5e28bab8981db,0.03926672882046708
52a5ac00e2ff945924ee586ccbfa2d2e,0.03915835403930392
7e3e9a4b84686abaaef8ccb863a7351d,0.03891552083380113
2a97634364a61623a31e204331427a6c,0.038820018963464965
dc8d847b1f46fffc6bfe1ec0fa53d2c6,0.03847570723484382
ecb1cbf00805062d0dcf5a83f3ab278e,0.03847031071552616
e0a383a249cf8e3d71d8f164c95460e9,0.03842848806665093
dd05955f135f1aebeed57a454443f2ed,0.03837742744495193
119bfda96f57613245615d0a3fd19d74,0.037923744138070405
dc0a69c943ae3fc142da33f3b81ababf,0.03757017342770703
40d1c3b3e0386917a203ef22502af1ae,0.03746674080195682
3bfdc1bb2b79e5c357b306cf86db7553,0.03733700610164508
dde837578e2e204dd1375766dc3e2d87,0.037278991410272404
fd06b9546c40536f4be34c4d4558a858,0.037256963125390376
1b68f0034933c2f010861a4b380c5104,0.03643277741532282
31c5f5660f14b08105123e8c43485e1d,0.03629220723128766
b505bd1e47523701b8726402fd91143b,0.03621727328215458
3d89c0f551cc1d54c9f4a4e94b5e2cee,0.03621727328215454
8b8f5833ae5c896cbcfe38475b184135,0.03621727328215452
687f6d1d889275fb81e3ec74884275b2,0.03559630270556885
e7189d4c1594c307a05797a728a5753c,0.035538614440655716
0731f7eb0511f9c0443bb32686476b79,0.03551007301140113
201c650fa1c33b861e5adee53ae37d6e,0.03542378789110687
dd4c44c1d42dc24b41e546048df40a6a,0.035398141297609174
19cb0028ee002f9839ab9b4f2fe5cd66,0.03537484937621224
abbbdb152ea8b9a00f4ffb99227b9c4c,0.03485082049001184
47b139c23fd36dd477ca5b89bcc86f7b,0.0344901849454897
a42f990ea665685cce589fae973ceeae,0.03448293055235921
e549fef9ceeebb54c291fda675c09115,0.03429363434102388
d61b3319567ad4d270e075bb66bca7ee,0.03386015298417216
d4268a777a9fa5ea64e07ec15a49e86d,0.03329402444128776
21371aa080a537c881a245390695b22d,0.03320680083895175
734cabb9bbc78402a3374c06556d9da9,0.03308150417644185
535a7cd47525b30cd2485a6f45ac2241,0.033038544387651275
817b7fc30f0e336e8f8f15543073a8c8,0.03300600742642163
10ac378c26bad7313d5f0386c3345167,0.032731577861276784
e5e58e876117649f80aa6a0e0524f0bc,0.032731320739283434
3fab43078b22d332f04af6e0c939f8ba,0.03255381799317339
312e17401efb6aaaba551d12146de8d3,0.032393252789686834
17e8d3ec49e701e0df71e3bbf1153c3b,0.03216809317045536
2cfa7365d05cdd481908bcbd128d9a7f,0.032156230645858395
ec85f05dfe8056516ddbdaf2eed4f02a,0.032047136203638284
c320e33440c56f22cd079403e682f98f,0.03203542217831246
763650adb6c3331cd66b84cbdd42867a,0.03185587368980108
9fee08073299c5408e1df3dc97dbc7fc,0.03177843693012126
83b7e02fe7890d106b04e0850cb98ad3,0.03172023107210229
44a6060cc811e9be30cabfc4f0c66184,0.031550362804852516
0add17f7b08e895a80a8a761786a0f7d,0.03145166626689197
c7c6847504dafc8ed1bb1c661608cea6,0.03136407407581885
6a1c3a644d10d7460d2240e571de6f6f,0.03134053561811361
257c0ef99a36abbcfdb749de5e6c668f,0.030881483832253854
bcf0c61108bee6c97bb83a0f8505a456,0.030881483832253854
8dd9ba6194b1cdf44fef8f3185c52198,0.030881483832253843
824ec86b019208987e14dc4d6ea7fcfd,0.03088148383225383
c3554cae927fee81b1fc673746be6916,0.030881483832253823
755a84803f4962242a82b0c618a4334b,0.030881483832253823
8e1cfbe6cdabc0ed96abea6d55a2c844,0.030868825038311346
16cc2497833ec315fce020c74c525e2f,0.0304044405896529
e18ae47a92d923e25b7274d6aa03cf1e,0.03021135685715307
e6cf76a079b13d7fb8d3a12385920bc0,0.030201130932861493
1159446b320ad03aa16ec2661103d9eb,0.030161474234513694
6d9e55fb5502dfdd3ea25f396eb5006c,0.02977131170719808
2f8edb18b75c2d9f90ed60eb64eef460,0.029735488972019098
66dd9f59266c1374bf911d7d366ed1f8,0.02927237687719645
990e6a27022463cdefd3f7ff6b42428f,0.029272376877196447
e2261cc61b35deb620e00a29b7d9cb66,0.029272376877196447
86b911c0c7c65f8d6e372c3d71a21e01,0.029272376877196447
462d9511d325ecaaca10a1c7d59f3cdf,0.029272376877196447
24bcbfaca281697029d5506bb5c14a8d,0.029272376877196447
949eccca703be4e34ea35032acbce8df,0.029272376877196436
42a3722eee3fd4b24bc2e893349d7aed,0.02927237687719643
ffd4810a21a8d3ed2b14bb452edb3a48,0.02927237687719642
91a59f8533709ac07a7d16859879cb7f,0.0292723768771964
ece1df0e2a96606028c786b83ced4d8e,0.0292723768771964
a1d86dea0ed3b8969d1a24649b26421e,0.0292723768771964
b1d9bc4608c995ec36ae02e002f8c454,0.029272376877196398
1aefee398be64d4985154b928b88803f,0.029272376877196384
60585ad0efb69ccdb8e7f79ea4493a57,0.028965772746917123
9d1c1d9e2eb24d898cd92c05637d66d9,0.028950057509859607
b1e6f34e4240a275f3f35c7cb6fce68e,0.028862448926264852
88d00861690a34be09f2e08378139ca5,0.028701228788579676
10104beb05b27c0cf904721dc719f7bd,0.028668642524544638
9c54d1bd6f5b09a9dad69fa74940a128,0.02836705929739193
a8902fe384572bcab1fcdd844f8adcc0,0.028367059297391927
91e61e21df848ce71833ce17fbaeb364,0.028367059297391927
1072fd29d68c1e0e0d056ae6ea85a50c,0.028367059297391896
267e5f1e70e7c8bcf3a858bc8775bc09,0.028352641275888893
ee9069cef75ded0f9b37983524d86dbd,0.028144647238914983
eda6e1c9645b49eb8bff61194624d56e,0.028111532099686004
dfaae5536a4e9422d8e850899a5f94ff,0.028090455988645596
a07360887f4a96466c187b275a384f0f,0.02793171662917655
91262aadb0200f0555dcdf979f76cd31,0.02791392759597409
b44249971c2e8d02b106e3745305bee9,0.027662954012218556
9bd32e89f013432c39b8b36ea80a38b1,0.027513840581946676
41b692c0ca0b318ba5cd542fbb631abe,0.027305676636723827
75be0d2fa10631fae54a618b358f95e1,0.026797452843741708
f00c939e687ec05a616f4a0e59795a80,0.026788963688023245
17cda1bfb1e31d388cc3de85502001cc,0.02670304648369278
dde914b470de75a5f84ef8903e1db9e8,0.026702449034326867
72117b96cbc348255b01ae4f82e26167,0.02669845481825409
7624c88e5e647c284a2f365c775e7e65,0.02611000873836827
92e61a13d80333d06eefe8ce72acb1d8,0.026016791929071265
aa570966a2a1da765a4f593804cb8d77,0.02567854958815769
1cd4abeeb9c296c03881891280ecbb28,0.025613250431657048
4ba1a51c50920164a55e9467c88c0af6,0.025554058711666307
b1dc6652a25cd080705a9214a0e06963,0.025034931948505156
6e8acafde7dc0424d3b2c30bb9e048e5,0.025021721041636406
d3bcee02e9984a54f4e0bef2bfddc49f,0.02492449897086492
fb1913a8492e86f4630843a0e0828474,0.02482302375917563
5954946b57e721a69a36f63f79e07585,0.024546105138502177
1824870330b4969520ba810133212ebb,0.02445018976785835
0c3418c10c57eaccc10a54b8e471e49b,0.024450189767858337
8d9960641a3df74ff0d22bd45646db6f,0.02445018976785833
f5b08656d0ba4989937b77b8785ad202,0.024450189767858323
63daeccbd65dc7406945da4c48ed9df1,0.024169903566245723
acaa07406adad33be90423374481d583,0.023944474241028496
e5de3c63d27575c55b2e9b85823a4c14,0.023384756656356257
849df82d1d47d5cf160c15e11ba815f5,0.02320121165946705
66e71fcbadf9cbacb869a18b40506152,0.023069421716910364
b5d1329292a6a39b163e2a3973102819,0.02260713238234844
ae89eaa22849f85c0f20c2f8f937ad51,0.02260051596179009
5bf04af9d64a09ecd8e6c6de26a211ac,0.022551623303056458
05a3c57886f6cf9943ab1e9c030a3bbc,0.02254519423167392
93df9c9730f6eedef8b6d7c9db71577f,0.02254519423167391
32e35c54d9b7c324fed38902234eda87,0.022545194231673876
3025702a4a7ffacf04688fac69052be0,0.0224568300156339
7ce75ab96fb3c8958859f64cc0659523,0.022313674076709762
52626755d88942c67afb7ae0ee70c96a,0.0222446781967993
9336d4024ff808eb78aeea727209d3bb,0.022035868796079647
2e44df2dcb55824649b6ff49f449cdd9,0.021936480515721453
91c911fdb1a0b45401be02d0384a835b,0.021936480515721453
ba018bfdb5c7db197fea13425d099dec,0.02193648051572144
a5657494e1e843e88c01d53431e98744,0.0218266477959573
72d4be08d48e29377babbdfbddd7fbde,0.02163600808473297
eb83e799427a1f21f12d95783886ec39,0.02151245386951488
20b893b61035d40a3cdea3d6c47652c2,0.02137828876398879
5736cb3bbd27434fb73299ba6f668cae,0.021142000328254237
a580461751503c1ccbf3a52e57fbe8a0,0.020964317216302767
ec0cabfe1dab669016a99f27dbba4b25,0.02095730255245468
07fecc2814c0a3613d59914fb111a135,0.02060444002138611
e602e3ef0929c4f9e9892f4598b77f61,0.02057647139486282
cac7db48edcae7894a001946c6837d94,0.020026526182797037
b221d7bf7a04d1f9049bd38b2ea5d29b,0.01977059351844508
9eef66a3ceb6e61e8fce4f8d1e4edd2d,0.019703789918280347
435f81cee596ebcf1fcbea06a0554f66,0.019703789918280347
57ecf61d0ae3d7f99908f8f9c9e5bce7,0.01970378991828034
87ca293559339b8aba3d0f0b93cd1c10,0.01970378991828034
994aab990497c9fc59b38af6538fd50a,0.019703789918280326
4bef6052ace2e10e5e60d58b8dfb98f9,0.019703789918280323
e07eca474d146a33e0e4dcd42b22e230,0.019703789918280323
c606861e3343a6882f899cda29f6b7f0,0.01964822944607928
bd5247d061ca00ab025168628e0567b0,0.019629920992430657
dc16f580a2a20b676485e90d9edbbbd9,0.019571871692695888
acef2cace17f5f8910b2279894d8aa3c,0.01934385253311861
5cc3a74316dbff873507cd8c53c1974e,0.019123146709648414
f03216fd5058c5555bd69722101b4588,0.019106413493439618
6f61c2e87637aad7ded93d3cd424aa75,0.018853243996321642
a57ab5b1a7f0629091357c0ea519042b,0.01881088944420962
a97b639502775a389298b6299ac65d76,0.018764963162996955
3fe03a0b933fff7ac7fe8051d74c41ea,0.018602746550007213
bafdfb461d956783f1bcf99e07c4b00d,0.018421274124889454
7b1b74bef500d747863c3174bf47465b,0.01815228619878452
f09fdc38602cea0ede37ee6f782d82a0,0.018130238715905293
e5bcb8ebafc95d233d03b3c35bbb5c55,0.018104397985344398
d50f999a402d5aef8d4f8985782659f7,0.018052204340551107
ec546b42baac4b506072c90f7c135201,0.018019116963490976
9b7f6d35861e133951fd7c21df526dbf,0.01792997183218683
e07bdd2f13e9d2c35ef13d139a862dc2,0.017759715095102328
fa71bf0a3e7de0a7dfbeea3f1e2f0750,0.017615785891257865
aca8212c6a5b187e6d5162b12815af65,0.017581982115873095
570bd2044b46bc840cb25b38e74a88c9,0.01735943307817498
63558e48381975dee0dfd74563a81ce8,0.01693586920541362
f9e5fbe8cb57581e795f8b3c51ee879c,0.016757805779309982
1b9a8b9251476eaf38f85f35ed9dce5f,0.01641393251220941
aeb17e417b8076ce7412be4584ba8eb5,0.016394284730836907
5d240b232fb4a7b14627f2cad057782c,0.016391203002785782
7e864eafeee04f1c47c01ace1f6580cf,0.016262952994029026
11f90966ec490b8ca7a190400695598c,0.016202435105227765
7417bb610eb81f6997c0701910eeb97a,0.01602019121917951
0d36183194049799a6aefbf710fc52fa,0.015984918865084324
6cb33468a58da93cf46484462e06f200,0.015904185884491443
8a7b3eda046b47a886e341532c82e895,0.015784962632868015
5bfbe245a5ffca8140793acfddffa09e,0.015628878332078475
1760ba1f4826fdd9c34a51ef7bfb1a2b,0.01562887833207847
f8549a93f5a9a41e4a646e86f82b1e24,0.015628878332078457
e63a83857ff62c106f99adbdb89e6ddb,0.015539087827172773
05cd1b9e92fbe86194d891404c3932cb,0.015517503350417086
481d5977111213e60c1f7952fe363bfd,0.015514413629578151
a330379c22d28273fc77195604faa216,0.01537490728401567
56b05ba3089f4a49bfce4a590dca8467,0.015315203433577444
71b9c6f7626d1f2a9dd877d5e6985682,0.015186073263193553
e9392f9ec187dc3b1189bc32d29dbb53,0.015109401066893034
bf620df207bc7d24e1e9bbd3f1021a37,0.014884871149691437
f31a143fbf83a14a420834e8a3032535,0.014724237565965588
c6285bf015d344411435de76f2d6c433,0.014595410529096877
b5759de11c48ed66fdd35a56274032a0,0.014512588372664894
4469b0977a3694369ce5899bbe0c1932,0.014288866582204778
3a1ecd721ec185d456ea584e8c6c9f27,0.014256968203081923
52c44cbda25815ffd9b135fc55ac08e6,0.013943605111020795
f0bd56cf60ccf3d2d075f0986ae183d9,0.013586461177476633
b1d1ba34c5f759690c54b42f75534e42,0.013535214051913918
d5a9a97371c8deff568f60f2354dbf56,0.013480045458784068
f0853bf14e74a636cfefd9eb416818b8,0.01333386979515789
070c89dd6f188ffcecd9230f97668c0b,0.01328947797446508
b02b460be46594ee38f70cb5719d4736,0.013232339704311747
26fdc1b4f1d0354b182eb5f490f4b387,0.012773739640926303
65910b701ca115647eabe2693365690a,0.012563227993379776
437189b3b6207b8eb3d92706a35d4830,0.01249660084115088
51a58168e326aeb5e4983571e2ab281a,0.01224654557854639
b73ea9e6aa1f7c7310ac9f5e6816f9d6,0.012149616639697346
142c06cd2d68629cff1c34fa206305f3,0.011958973211624884
2fb7bb720fcc3e102c03a3900b64a11b,0.011602690686425648
37387015e933c41210aca9a3a2d19897,0.011383586707432084
00bad698838286be7a737afeb28d7601,0.011366896043217074
c5d494d433332464d4c3e9e899c00d5a,0.01131308853038643
40c72206bf746e86404dce1216693191,0.011297151705357167
3cbaf7d9aebc8fdc7073c3010b61d4b1,0.011134780961965818
e5d24224ba4afb68d59eb66f283bd8da,0.011114852656929861
e758b6f9b5bd6853570bb742b5efdbc4,0.011083050851375278
d541f8c0649dc8b02234b50a51d76d64,0.010913157377913625
4b95938687b60d2bcda2bd41beee1e78,0.010760397735969924
50187be4848a0b25c55286fd4bf74a17,0.010698414448280902
8b26e69fe01c9fedf9e386ffd42ad0aa,0.010665586988221254
4356047dd6a4c8948e945fb406396012,0.010642532019098466
97e1a6d69c26096301166f3132554645,0.010636882734880783
e3ee538cda910dfd301951e8d03d53f0,0.01020282112596356
7c0dbebeaff72a81b8c960e4f8ecec67,0.010063285231978776
fd2e01268ae0767e91ae858a7fb66984,0.009783820475823834
e48ffdff6b2b8b99ac1b5edf4207f146,0.009693885602374804
41661af3cf13e70919ea66f34b1fc693,0.009685549305821595
477134c21581fcce8fa07a63a679b4c4,0.009651286941614119
becf5390e74a90a4730b01690f780959,0.00958130501076177
d3383a0f90ecab330b4c3b2e95d14a38,0.009401615846274476
d235e575d8ec320e6de26c93d8236a30,0.00939847868966086
7466a47a3558e985993f75018aeb527c,0.00939140547831076
9198045c338eae1ac4dc0731a9d36689,0.009187771912986614
ad954d3a251af34fc4cfc1fe73e49563,0.009104490641289629
5752c457eb70cdb1ee46ac594ecc68bb,0.008963837851787294
be44370b70a178b37b250c0baf71289d,0.00891149208722986
e9d73db89cb524289ae32ae0c97dc04a,0.008712495684919554
e40fb79545f8bf0e346c5688b0ee7a49,0.008651328854959735
07626638de8e42ecbafcaf2567616321,0.008344597041220616
cbbbba88943e578706dff53a2ae8ee78,0.008078231206628204
ca2d45ba64828437a9619221dd8eaaaf,0.0080281822517563
4a8d5ce187f33d6eed1844c40fb59217,0.007964950114972722
4ff17e5d8a54f820e4806522f3f8c5fa,0.007949525371323082
5f7e9cd09bac4c9d75f82d68bdb65137,0.007948976040900784
8ff97d7a01a67f05521615edd7009905,0.007847098177751977
3f1559de513c937205fc628ca703b798,0.007778247873281965
47baceef433bec0b7cf22946c471f1b6,0.007775596549313429
22ff36616a9173a50da867cf7259e0fa,0.007722126148908152
f34b3418c8c75a41f9fd0097adccc5f5,0.007713469375572779
527d4d56052dd1486c36a9402f462702,0.00767705539553349
353d38c0cfc0f218e8c868f6745b8660,0.007635957025500434
d31a305037e6a30f9be941c7007d6546,0.007604506599689165
de87ba7f3107c3da23de6462fe780ceb,0.007485883441950387
317918c2bf8aa11bc3ca19032f2af01f,0.007358710628244946
b4d0ef3f7a666d6276bf5c28db276740,0.007206580090338393
0df43d7af9827be1d9e73905b2e050b5,0.007033538442587273
1fa02091c12d3a58d31923333ae2ddc7,0.006968477576678325
b1021a3a6e227a85e9ad836e86c0476c,0.006931179643896183
5ebd71e8e9a66fc484152cd34a39000c,0.00683243134572163
0033ba07ed86619d6a52b96ed493996f,0.00670460090963971
bcbe85bd3a36f9d857536657a98dfda1,0.006399323072227828
a6aaa187dbabcca6d62b0dbdb99d480c,0.006376545725903382
7948fdcd039fa1ddc7027295d737cc1c,0.006189746382300708
956cc1de6071c9dcea31d20920f46a61,0.0060833000133107065
9c277c39f6005a837f5c4355cac1d6da,0.00596571904808966
08b190cd00e945e8d59cd2cacfa74203,0.005874338019295352
c166bd291497f36568cdc9e99d6a2e32,0.005773469844187695
b43bc6fbb963a065c26499b007801fab,0.005627381221829118
57e8ae1e1c63626b58778aae72691729,0.005545639820957059
a330237feaa37b164be80381d7ed0cbd,0.005493309315912394
93d8cb25d9ef57a404b6303fe8f9a9a7,0.005471438095359478
9c1b06b79a56e37eab862d7e7a27c868,0.005362702876791854
11e564a7d8b53452b6b5b51a96dce80f,0.0053539555485346765
dd68d1a35f5c17f3fdcd9b64de95f10e,0.005306409433184507
f92bd27973c3d7173906871c2f052dd6,0.005036998771506207
05dc553778e88602e7c984efd9c48afa,0.00499432520019392
c8fa50c505638219451ff837cad02696,0.004966413969513511
847151096664f9f6d2966f5a920aa4aa,0.004840217347870675
36428dcf28c9fe5f3a9536b9097102d7,0.004819348006636174
1afde3fadf3d11a78092a1d2d19d5d97,0.004789419450303767
2cb3e4ce42cd936572d9ef7a4050be22,0.004538592773242906
f6bab51d0d108fd90f06e7a0ebe04cf0,0.004519764647625721
b7cc55122a6df331dee5fcb54ae32775,0.004251856757300573
56216b6bffdcce1bdc123af44617dc43,0.004188501142537785
49ffc977eb82f7ff11668a25fd64915b,0.004069759996649887
3dcde29d8df7b581e7f00630741dcca2,0.0040625247692188775
b8263e63bccdbb5a5b39c08ff25aefcf,0.003726482653681338
eda3f9727d763c51872c9f76521ff270,0.0037212878997348793
a08adde7c0a42ebdc396e5b0bc9942e8,0.003716632048478975
cf2d607527b391dc29eaf11f607cd089,0.0035164099800141474
7f42f38d34cbc6c19c8e983ea7865788,0.0032103503759915723
369656f87b704a04d20f25c5e715bd9d,0.003193257507911624
2b5b414e5f719259e08fcd2dcb846520,0.0029522614601156334
e01f0dea8d5a587649db5d980a824a43,0.0029172475674913573
2dd0ca39e6fc1079dc447b3ee9f1f9fd,0.0027832021803516705
c49b2d46782263d409a5ed69e9b6ffdb,0.002362225224629109
f10bfc9846430812cf7380d8f1f27576,0.002295286919271207
ee532371216104c51ef7b28048b8e28f,0.002153883767055384
93718601d116cd0e15ddbeeb4c214343,0.0020500061125386417
d6e183416a75d99b498618a5bb786727,0.0020438801313519776
3ecb83e913f52c5f413bf082da117928,0.001950998740747626
f37736cfd2d434346f446b85cec0cbae,0.0018263660779384986
b27ba88b676bd5dc592a80e220ed2414,0.0017712942904317673
55d7c3c02fefdff703a68368fdbd7966,0.0016535569496616046
d682e44be99177bd4074b1243424a410,0.0015843831728116525
6061b3ce0b7f5f865ea5949b4c9bcffd,0.0014861482466909104
e73e7cfe915638bef73459a029050827,0.0013459680908563603
bd5236fb011b527cc9a16b35d9c2728c,0.0013154016345069608
4f70d3980f9b6268579d7effa29124c3,0.0012733663111918483
2936f4b8ddecb50ef9d452423d925664,0.0011033400931936333
267d103f24a7106f6907113a44209a91,0.0011011905483453942
b46e9fb6298942b824fa56693a0e4b90,0.0010977274351669079
baac4a4a41e6cc7b07d092470951ee70,0.0010025922606081005
495c08a2ef0264ccc9f4dbf805dae7a2,0.0009567935598849897
664771c2362ebff99ea1ab285d81b7ce,0.0008833991060339818
a5170186096fd9ccbebfe771b327cae1,0.0008429276822741785
a980fce596ac8eaeacd5f683c8f1c93a,0.0008424051214264095
5bd108e197d9f83142a7e35ff858053e,0.0007629300186376966
217fb419f9b2681f9f6ac7804c98ccb3,0.0006782529758176966
aee508868def7e9d042f15306a38e4fe,0.0005993981864997127
29335c791ca349abf4d0235eead243b0,0.0005358716546309785
d7da0c800795c6add79faaa71c9eff13,0.00015770191478419243
5a7397db7830ad460c93c03d7cdcbde4,0.0
5b9506d96c1716c0c213672ec4154b84,0.0
e76e9835005158b53dac4ae3af6a441a,0.0
679967d8a0dbd4a30eaceca53542363a,0.0
15537619fd8d432345ba2317c9f5ec61,0.0
8a8d876e247e4769e34222f4293a2cd5,0.0
3854bc4513cdd2fb539ab334c39074e4,0.0
1528c0315db78f1213892da6f8edf1cc,0.0
48df621bf15bc1780f3aaf355ead0ec1,0.0
ecc28d19655c68ba9645e627115a1f34,0.0
972d5d8c2a8e980ce468536e3d2a465e,0.0
74f1645bd9acd90e037100556c6bb01f,0.0
d1d9787025b2a1b5c7e3f22e26418ed8,0.0
39dc3b3f65311afd334f9e3c096acde9,0.0
14fcbebffecc9d9ec50e00b10c76c1bc,0.0
90489eac9dd49bfdd4d9f0ae14751aa8,0.0
36f03e4a59486a747073cc9e40af7c3f,0.0
8aa95d373cc7f4f25c9510ba30855d6c,0.0
b5a2973497b4115d4c7c0e2c96384337,0.0
06682ca3433b5229b692986d22e160b3,0.0
39cd99da7028cab316b6df3d8cc0a3e0,0.0
4745cd7a04a827788c51d2b5e9fdbfeb,0.0
7e01f2566cceef2e60e9ce81bdb69f23,0.0
21e9d61284d724df920628fb27e2fd9e,0.0
f87dcb5c8a9e7b63bc0e592158c9a192,0.0
f35bd84c06a39daa1f9736380ee774cc,0.0
50a5b06d1f98280c851239aa6de501bb,0.0
fb206293c74f47816d2f6211b09dda0e,0.0
dc7b4d0a7eb2cc0659664a60a9d196f4,0.0
66a6a9cc385e0db55abdc3ad42715ab1,0.0
aa066b2dd44c786389ba510f11ca796e,0.0
064370a3b54d41a9fab42ed708fb1ef4,0.0
79c1228a897c5ff25a114d7d39fccd15,0.0
2cd04fe6df88c0d676bbfd95817561fd,0.0
6f6e73c6685f075ed238291f8468d6b9,0.0
cf0ebd13a4b0638372adf8b481509b3c,0.0
9fb1e0f70e3dd0697a031fc61b00d323,0.0
229aa767506bbb723e72a5d524de0e14,0.0
1dae2b7ddac2244ed621959bf1115fd1,0.0
12c63a8fb7e7d76aa2a415e3e68aefc8,0.0
bfd0927961b92b7b54fc60a965e8c2c0,0.0
fe489f228fab2e4aa07ec00970b35cf4,0.0
8b0cc5691ea2dfe633df5b9629f6394e,0.0
b61a86e03dcae91f596bc63bd111ee19,0.0
023b7c6600ae0c842db6277892ae588d,0.0
f88b942e69b15959414c70f8e817dab8,0.0
c65a49193647d5b6d96c8d4630344576,0.0
1f6abac97345f86055bb69c4bf88d37b,0.0
e0eedacd6a31010e996f08e04da462d8,0.0
01275fdd62797759e0257d54f1898965,0.0
40e50ce2296417beff1bb1a4e0e6985e,0.0
9c7fa3c3a29eb05efde3955ed72bc8eb,0.0
2f873cdf0d3e0d3a5bf27b0971eba37f,0.0
a0c0f6cde5b381a7420339ae5920f78c,0.0
8fc5a7bb96d4039e65356d497e0cb355,0.0
08a63a7eb2864f65d493b3e67e9d771d,0.0
557e71da0838ab11e01a5d36c7e9228f,0.0
e021a70a4ce31e128e0f601aa2e9774a,0.0
f87d9cef71b2feaea0e060f87cba5a79,0.0
3f66fefdb1770929d8c147a9fe9c9a25,0.0
7ce44f270fa9b2fd42d4d45a4931428e,0.0
38ac3d37531e47c41652f7dbf596998b,0.0
81226a20efbbe783cf59d5ffa8477b6f,0.0
31ff8824dfda84a7ad649cee7c03326b,0.0
4c424d794a6ccd73065f71d2b9fba6c3,0.0
9f09c69b1e75ad235cd2f92357f52e06,0.0
6a6ef96314f90d434e4d1ae3d4b69719,0.0
f7e5db59d1d9317c67a1420e00d3bcb4,0.0
99022a8e0af7edf7c0934952b0523f79,0.0
fef9323e680e5dc4ad13b81a75488a4b,0.0
84fe109254aaa696a10eee40c198cbe9,0.0
d845575a8a24313517673e762e125cf0,0.0
9a8ee9077634909c3f2a7aba809a219a,0.0
f0f3c8a1c0578e80aaee3a3a50bffb53,0.0
d4846091fd8bb66928958eeca344fa40,0.0
3704c8eb7f304be9e51463c9b40038fc,0.0
f12d1454d00c86a153971da819f88a18,0.0
804f2e17251ddb458cbb216bb29c5e32,0.0
e03967f327dd94ecdeae61bf32ac5d96,0.0
af8b9072f9ac2c38e73ae1358a44104f,0.0
d26f42e5cf2b8d23991534f9eb727e6b,0.0
aa87c38fd981ade59311ae928477bbe1,0.0
bb7c2e50bb2e3dfdc7e907c1060ec8fb,0.0
d01df8f0f4ca4f61f042b694920558d5,0.0
e5416e5a04e38d89f2b01dc8495f2d66,0.0
d0d80c3c82d345c03d3f894a1dcc35a9,0.0
420924e490c471e3023efb73aff4f0cc,0.0
66530156860cc8adc0673f262f7d7103,0.0
f677d6a9efeafff87a7c71e3c3145071,0.0
a2cfe52e238bcd9aae66e49062312d0b,0.0
2d0690cd9acccb6fe620906043c51747,0.0
84823dc258a5f8060ec8d3af81a7c65d,0.0
04793ba17da447194604935e58e06d2a,0.0
938e67172a707ef40da63d81c919f5ad,0.0
661cd42a23b485e6a335d297a7c70918,0.0
5ca1c8938a6bcbf98fcaf839c66f038b,0.0
6ce3a66fd8c4416ac8c5ccdda82fbc76,0.0
938df9a838e681d045fd9c23eee7d2a9,0.0
0e8a893a537d1794a5f543747f39a9fa,0.0
e6ab35c480eebc43122a2114ca21539f,0.0
b8bb44cc3227d729949c2ede6936cae3,0.0
c6b151eae04ce5dadaf385b24204c9cc,0.0
7bf3912e2ea118180b8928ff907142bb,0.0
d53a28041348e0d3595f3e5bf9dcabf0,0.0
4ad111524577bae0c0c842e67f3b536c,0.0
6ee51f343139790ca51557740abec503,0.0
f89d016b0a8d974eeb252f66399de86b,0.0
fa64838041c1c74eba66c46fd2b07c3a,0.0
0d5d5b04a0093144840cb4074508feb3,0.0
00e57fcf232f1e7279d7cc2c87fda27d,0.0
8c167e3381323ac83e53980fd7a405a4,0.0
0eb607f7ee8d40551aa31a09b78a4263,0.0
fab9e17c9f9703cb556d36d09a421a0a,0.0
11925330afc981f811eb2ed869e01965,0.0
e9d85425b458d75f029e231f73c3912b,0.0
fa35b40357b4962c163502649e149ddc,0.0
170571512e0abb014f5f1eccf0e2b99d,0.0
d1bffdeed09b6f954a180974f32a90fc,0.0
ffdb76def6789a0745f6a04d006c2550,0.0
694fbcf11f0662f763490aedd9b80660,0.0
c9c104ce0948cd5ef8abe64625f68bd1,0.0
28247a594191bd9a2055fec320b08c2d,0.0
beda512d919127d7e95ec5bd9ddd1dfa,0.0
b238e93335d18a4b27411fee40dd0c87,0.0
75f7edc6df7b51f7ef8a43f24a1edd2a,0.0
46cbdc46beb32c5fb9260ff5f21a722b,0.0
951c3a74446b173a7913c84d5a654216,0.0
e9e22abbd40727072be0d652e00e3e32,0.0
651e7e6df100a6a4be0bb9170b1e1d5a,0.0
22f2632ab59b2c06b257ba2d4d8a3317,0.0
e13fca8ac3e20c666b8bcdfc2065879a,0.0
5f79777463a1ecb1d9395024f9c763d6,0.0
7cd17b7540283ebad1fbbaca8a4ca0df,0.0
d1967f3ef18c67afe009ab3a17268795,0.0
878dc0ce16b33922e33947ff5555bed5,0.0
df3704c582719486381beae320878647,0.0
fbf0937ecac5a5376b0a39d0a13a4b0d,0.0
792b772ee7fa478cf82c53256e14742c,0.0
1c6b243a637b35e6b467da17e1de3343,0.0
859559d3889984ec38fd723a7c634b02,0.0
a68e62699caff4ce8b9066d271819151,0.0
8bf168422ff38f727fe4cef9037d1690,0.0
a239bcd96b79f041effa00c20b97b1ee,0.0
154cff0e482df829b06bbbba423dc4ef,0.0
97aa2a780b0ba5448aeb314ef5ec6d31,0.0
aebe9045d81b2f04ce6c159a4040a7a4,0.0
be6bf456136eafdb7cc7509ae6f1ac63,0.0
12a60697bd35e4372ff89df5b5765bfe,0.0
d0603508c0f5b8ef3823efab6e02dddf,0.0
ac8487c2be495001dfac749a66e5fac2,0.0
e70c893715a22fd00c3427a61c4d3e78,0.0
757687ab8a5cc42b7093ed70712ce661,0.0
b5c55c43f1915c7775e95efc6cda8460,0.0
cb55da4f828a3606108e7af217947245,-3.149110956316174e-05
08ed58ee0683103993ef6780e7f5a8d8,-0.00023481774779193667
69cb2d8047f178daa983ebd940b28f8a,-0.0003461602067895511
bffd2f9b40c6fadfe34baf82484e4580,-0.0004546220375017285
0917059e182ab2eae7859c8f92184a1b,-0.0005076440672347729
670d783d21b6c519c4859b72f0609a75,-0.0005256410454716997
fce1ac0411e4fda273e3ebbce9e6f7e7,-0.0005271868086927649
febd1749873d48ee1c3be359c118022d,-0.0006294858004816472
e5801a90955ef13f2047a85534f5d152,-0.0007111495016974218
4d4fc973df39c4e60d664c2f331cad43,-0.000856800283798593
35647c643524b47f5e9ed5562315b741,-0.0010306510903569299
f203a0634e45ced067dd89ea5b669656,-0.0013261962830969922
64337b4c455396aa8fc6c0838b4f50e7,-0.001362684436260513
df44a209a28510dbdde4e0c7e8fa10ac,-0.0015102150091892386
8fdbbf5942aa5b54dd0420252fb7e4f6,-0.001532612882286169
e9abc8841c9a796172cd297e5395df62,-0.0015517895124040814
4c0470c25355a8369a08501e765ddae9,-0.0016643737331249906
7fe0e2adda3c1593db38d613486f5243,-0.0017100087598667041
e4a95647150808c4d8fa344013236bf9,-0.0018407538441816305
881f5014d9b1fab5882fa5f0771d1700,-0.0018981056811648825
61cb6ba47f823bc3378c16ca8c898151,-0.0020159459704962098
9a579bd4a10b95d2f135e0228b7433ec,-0.0022155358290965655
b8c9598bac4d57de3065b5730bffa795,-0.0023298403929384952
116d5ebe0d6728ce26b4e437801fff53,-0.0025465423358283588
9154257e38f3ace4e103b417878501a3,-0.002605365780621668
929041d869d3837dfc9dca9806e71938,-0.002639241217368278
9ed97296939547cc809e847ac7890122,-0.002683301772125986
f018e053a7c5cd233f2103ada9b1ed11,-0.0028735661542388393
b9cd6810d2cfb16058df4fd7b1b1e2b2,-0.003027458725088433
2651b4213bc3989d9f2b3554aafe7d0a,-0.003126709522370158
96bf5de4720937ed8195c21b1311a747,-0.003364521346491995
6d02fddc2bbec2112d7dc0c02e05be4e,-0.003401573083543895
d19a46be48b9e601eff161f3b8ee9048,-0.0034534197308197
10bf7d4cda68c31fce4f4dc22dbc5771,-0.0036828581387280145
f70c706b46edbac642f4b44b3f338021,-0.0039441366036757014
aeb0c980584455b983891cbed0771e1f,-0.004132664283228297
421e056fc4e19a030c7deb081876618c,-0.004299621556235781
537d54546d6f0a7dc33ea3d8d71c9655,-0.004348102157286663
2833ee3f7c229d785b4e1c6875664d85,-0.004400546626073306
ef15528c19faee6dd5daab77e1ce2e74,-0.004537529606557599
30366d043495bf3e03d2326b38efd27d,-0.004550172908281107
d249689b7cc8cdf5989156e6f27c028b,-0.004556628817776045
9512ba747dae58afe9aebab0510ba1d0,-0.0045735812979906315
749185ea5ebe806a6f9d83f493fcc5b5,-0.0046041871254902
5a99496557afd501c90037246bac1208,-0.00460662691911309
8ecdf08d36bd5f47e24ac4bfefae11c5,-0.004648094142672913
7b1b8ee531960d93fe779e6f99f9c06e,-0.004676956471975039
415b1204dfd4e9edfe28fcf68d6e0029,-0.004822565376302755
cbae05140d5325a3fca3f6c43dbd331d,-0.004982120975380218
4832da3783b4f39e456244f36bd931ba,-0.00526618702836389
bfeb7ad36f008851a7684bd3d7ba15ff,-0.00537189629197018
022dfbedc3aeb4e80ce2371f28aa96fa,-0.005479419498884638
3f74b2df82e477f6c58ca619df23cc79,-0.005832674055150029
c87fffc25d9ef5a205aa70078f47f700,-0.005995043172619351
92eb88d885a0d44133dd9b52ee251b0e,-0.006053170220439668
ecdfaf9d04160f44deb3fb241c3c595f,-0.006147173546843799
5b59d7d40643605df9047eb434df5a23,-0.006218103127645963
997efc437e2da8c0529137a20153179c,-0.006250005059606285
5eee7be6bd820f93cbcdd7382bcbe85e,-0.006270565041471401
cdf8aa2443d6096d12e411821f54c967,-0.0062831912435566935
1d085562f96bb866168100d2d06f507b,-0.006342929494285664
43084a0deaab940bac2aed77ea089af2,-0.00641004254683433
6e867c93ad4876cfc161ba726b1d42f8,-0.0066167985792424675
e511f721b9f8641197d9094ba06d14df,-0.00702401181616
e7132ba6e44362b8e20673b4009a87ab,-0.007133507798504665
695e43a10a252c1011c4d94d6ef6e4bc,-0.0072154442391996945
46d44d5a3aa0cc0af0995a8a499380be,-0.007253202440042234
d14ac50d570c21c9fb546cfe07ece233,-0.00726661084011557
fb751d029ad7031e8fcf3bde5cd65d04,-0.007321256118799865
7384682cad4c7130ac66acb168bf0caa,-0.007419487503403306
6f11bbc1de6063d89e9a32da413b39fd,-0.00758105808973576
794325d9150195a547b9a0d5a2785cc6,-0.007666511424547551
c0f9d2a858c6b85dec9f4a79b3c76b96,-0.007692643662970903
4321f71e562a2e99029b673eafd657ff,-0.0077673727253621695
7577f30377afc9a5db4444aaac083971,-0.007807331954802147
528a49bb2c3a96b666962f5067b6c488,-0.007889099837147315
3a7945aadb70d44e4a7fcd71b9513f21,-0.007916960039471866
197b7783f6ff80620a6c7f08c970d1b7,-0.008009850104877836
8e534ca402f2438163a940c582cd9748,-0.008108222208324235
0ae6cedbecfddc3a879a5f880ff80519,-0.00811620417240709
7da3354959796dfde8cb9b8b9751875e,-0.008241076564888858
c8345eaf784c209e30e4a5a96c3af532,-0.00824772424877045
b2aa2d076096d8dd9980112191a3d0f2,-0.008249536763678362
796b1ccc7ff11899040bf1d8daba0831,-0.00835280526507138
72e741f5b552938cafe8217820433c3e,-0.008376876146167453
7b90b81f2285f9f9e2be93bf576f8f8b,-0.008617944749528044
06a729018eab116b08e5acd9356f3b40,-0.008770799159516542
43a002d09207576823da5f1dfec222ab,-0.00908495454774027
2c20a53c34de85c246a49f24e7732850,-0.009148527733759532
4cf8fea5aef9b5418a428ec5a6b44db5,-0.009190416421684642
7de20b27a452647f99424e2a5b0c2d1e,-0.009228464938684346
c82eadf5a425d1c41af867ee91c6b644,-0.00966981371797097
fd51a66138209be5928e9eb7d84c93e7,-0.009686798421912016
0d50e5d20c102af48913ebf69729551e,-0.009715375453677032
062456781d8cf476236e9b0d443390fa,-0.009778474183252485
8c5a707bf1c058a2271b7e1db7ad32e7,-0.00990782089849567
86afa31116a628b7305acca79e555438,-0.009941319895422652
5e0af5d06b4d070ccfa08e1e33e5d95f,-0.00995118553247004
863c87de46c22e949463dd6ba6b4f7c9,-0.010065215763612452
b39578e17b28c0020b424d9d1b909b46,-0.010104439707833163
8b8c0c270e3a8abe83ce423adb1807c3,-0.010166462383551908
a45fbbc09cc7542777626bdf2aae5dae,-0.010194184816927935
85863021f92bdb2d1d1b8b860c0619f9,-0.010213541514872955
b0b8c626e80cd5c4bc7b3d71dc549e7b,-0.010564011738711384
d47e8ab3535fe29de7c18e41d3a777d3,-0.010832109800784147
49ed560bb40abadd15457407f74f2684,-0.010859512520739117
811cfc66c71ed5dbcb2bd5f0976ec45c,-0.010952935824098032
25a31d4db7353d73ecc855d5b4a720d8,-0.010996166671866975
8ddfbd106b37bf9ed1bb08618694f0a9,-0.011095395005490212
582f286aeb22b207c3f5a24aa8fdaaa1,-0.01116725864397475
05663e7413b88420784f9e5b4df2008b,-0.011320898627131473
698dbf715fc701f768c6db52228092a3,-0.01135721075868222
d6cb27c7664e90d49ddb8cd718d1b4d8,-0.011395581046636363
f1d7763a76c9a8a2761095e3cf49d7d3,-0.011518600722665633
f73196d6db33aaa9febbe05a0e104a6e,-0.011523186749893605
c2653e1e7ec1bc38d2c9b0b38b03bb27,-0.011530437723253049
1685c1e994ccb8862686f2ea9ef1eb91,-0.011542315724731545
8b67e2df1a5dd04f3166fa0c076c3e35,-0.011593929899425147
e8542261866ca3c1cb7319c16c877d37,-0.011614867471855002
ba4f417016401a199da7a193d1da8986,-0.011699828449344403
0319d191bd80294ef7caebac74b1ace8,-0.011724491253829438
f447be92bf501da8e63dbef314e6deae,-0.011734765960627896
f281769d7c2865546d72b7c2a319a603,-0.011734765960627896
aa32978164d7a200706f37515c2aa3b2,-0.011734765960627905
085700678ef51353c4b2197cda2b605d,-0.011734765960627905
17f0006e275ea7d930f014555ab0e8a7,-0.012187664709048463
54c078529211e33670e28519b82c3fce,-0.012196652222152904
97d53627c91ecfed1430feafb0d27b45,-0.012450102095246109
7a6ff16e8121b5cd5966afa4524b8385,-0.012506345200583637
2123be9769dc769aee156952e302503f,-0.01261275308459082
1d7d0e45601c8c2ce2ac7f17692013a6,-0.012713783754350816
dd72b31a4766bc4891e93c25479d1206,-0.012914679755462968
f64fae89d9d25f3e988a435ce833cea2,-0.01298451007970448
033174ae5f1a38f46c94165f1ac69dbd,-0.013076169350434408
a7ce2609477686b88a28e43cc58d8311,-0.013226681041831391
6d9c521edaa6cada1c00dd383fdc9f12,-0.013358501335153521
0df4bcbd0215cf2905d6a56c62162006,-0.013425966115655474
bdfe57957ceb9dffa67fee0aab626738,-0.013449347828922811
ffef16471292d32e64f5dea174fc2a93,-0.013528094837800812
e11baf6c8160d069aa903ff802d52d50,-0.013642660499094643
4825846de7aeda882b01807e136944d4,-0.013745320824833413
c93635a125a50b3823a35c90d3ba4705,-0.013808837256353951
8a58c9a11937b81934b7070af2d8bdcb,-0.014069737938898525
f2c9bc27b23aa3b3871b9debb4decf6b,-0.014194977405722772
afd51fb5b1d6e62b5ab020e6264506b5,-0.014531465555509031
480d1b697f3a1e2c7198526e5067cdba,-0.014575425778148963
c2b6320316bc2557eee93d84de6db73b,-0.014575425778148967
18b89a04b77fef5d50ca0c69414dfbcd,-0.014575425778148967
ac28d0b8b7bcdacbe13751ab8d85c1dd,-0.014575425778148967
be00a7674f9e7c55ea924adf8c93b29b,-0.014575425778148967
2eeabb9878d1c2b969767df7e6ab90ce,-0.014575425778148972
677e223d1296448f73992ef7fcc17c09,-0.014575425778148979
f78184aea81dacdaeea32194839c2bb5,-0.014575425778148979
2ec5f6349fdc0fbbd482e5cfe81929fb,-0.014575425778148982
ad18c7a73842069dded9ba9f83509fd4,-0.014575425778148982
040fea50e994574459a4a3073629bf78,-0.014598507727694549
8ebb3dcdaec090a0e2e1828082f4efa5,-0.014609200742679362
725a7d025696522083ec45318b7c378e,-0.0146694679558482
e17e9db652816fa7977d89f8ac8cd9aa,-0.014704157848219889
363e2bf423bb843b50471aa40be7277e,-0.014704157848219894
0e60ab809a1ef51dd19a8b184a979c1e,-0.014704157848219894
1a505b5eb855dabdd31e8b475f9f726c,-0.014704157848219894
8c722f416c6c1308a398a080a1331764,-0.0147041578482199
471394599b9c4454d80799da247d61a6,-0.0147041578482199
290f5f4f4875323d9791935dc18b192c,-0.0147041578482199
624bed7fb4ac2e20109792b933fe6763,-0.014704157848219903
65974cc5623c9482529ad5a33912bb9e,-0.014704157848219905
144e7da04fba1d0a87851a4dd8f8fdee,-0.014704157848219905
42850ad86cd3495fb024ac7aeecfbc74,-0.014704157848219908
0fd07c04abcd1c976c66a19ea7966ad7,-0.014704157848219912
14e8d40b8def0d051b1337f90a453998,-0.014704157848219913
e69aefbe6167fa4bab0e88e4e479657f,-0.015088189728929018
8411eb762a667b25de85c709b149a69e,-0.015135205021894409
1ac8157543e4e9f45d37ae0baef0a13d,-0.015135205021894409
53194a5b0b8ce68eda66cab99fd6c83d,-0.015135205021894409
50a9c5f163ad7ea86a7dae4c85cd2174,-0.015135205021894414
88879402d3edaed06ccfb7ac40236145,-0.015135205021894414
be5b6b3c76a4566c54f5c6b504554208,-0.015135205021894414
e07f01f58de803511b6802c66b1f3f8f,-0.015135205021894417
e80bc79d98c094665d3f60a175702935,-0.015135205021894417
b4dd9deff57d2c5e751da2daa218b77a,-0.015135205021894417
85fee8d53b709482f4ca4e9c3bb99822,-0.015135205021894417
169ecc5384d0edfcf2c532d4a96a2c02,-0.015135205021894417
5682eab378aa7e8e83ebab5b64dbdf66,-0.01513520502189442
df64e4bcd8cb8ea9e9847fad581780b7,-0.015135205021894424
3451b21369bd777d17051194b8503b83,-0.015135205021894424
49bff0edec7011534be1a7d14cc32caf,-0.015135205021894426
d7920ae9ca82cbf7cf0339d3c6865aa9,-0.015143156569573409
f99469d3dc0821ebdc509a1675b4154b,-0.015276387446336725
1f193894fe2b0adf197fc18d52d738bc,-0.01544385511263108
05533604789178932552a01ccb048651,-0.01545349065148817
b1e49b37f56b16404dff79a08860db0b,-0.01550166888015252
80c79cb803f6fc06f3bc4c3417d12cbd,-0.01579396660490203
617c54a5754eae269d4849b4f526e427,-0.01581646324747033
4181fce9294c8dbc7b2c749f75f1c105,-0.01636220001759123
0b05484fdd9452f1f6fb0445bda512f0,-0.01641441822581956
375c1e195ca7ce8e67d29428cc6318da,-0.016469300269028236
3de61640627fcc5d82daca63c891dbcc,-0.01647260415870736
103218a26a304faa59641a3187094f78,-0.016507823377927514
6520b009069d80d2fcdf5d5f2b73d628,-0.01659858448457537
78aee6417675571f24e1d066df7aec48,-0.016795415984754578
c9ada848b9503985cba2fbd15bcabf93,-0.016913949201429898
d750885a8fb729068e59d6bc1a530ef8,-0.01697900716703329
9b523a1b49e46ab3c28d805835f308da,-0.017069175625053168
6f84a6b129a82c9d3382af5a160c8f90,-0.017105531644444973
6c73f9a141f97ec0e94e11636e3709cf,-0.017191117773643544
529cd8ab1ad3926a16598d8ffa5c6339,-0.017275720053996472
8e9ca1ccf3f5b0e34182808b00802ce3,-0.01730714215886275
cebb11a14c996384d6fe4c6518d78696,-0.017336846093731314
7ef5107971cb2c76f5e05c649a4d1a23,-0.017336846093731317
9a38cd9373dd52f9d51de59b32a02163,-0.017336846093731317
3eb74f2d10a729269e66b85d1bf4d760,-0.017336846093731317
400077c13129b6af452121fec4ef1da5,-0.017336846093731317
8f20fe15dbe0f4556ef1681aa13307f9,-0.01733684609373132
3aa14e6bd4dce01f12c7356e43e4eef2,-0.01733684609373132
f606d9236a533dbd84ab141c251a72a2,-0.017371622974702593
1f88b91a667257b52cbc8e13d7d68d17,-0.017401509371021938
088c0a1ed8d1a0734e90b3da6b9c504b,-0.017577096285788643
2b69d9c9cc39305b8b754254e70c8354,-0.017583862106341806
e7dd0d731b75e81a7c1ba849f601d388,-0.017635220064024133
cbe76422a888df2651d3f22796ace513,-0.017727061274699966
e7ef096e905b6539bf96aa690fca907a,-0.017801496003810893
5abbcd3037757599da06941bdc1cece4,-0.01795684674271055
8121e654207faecec0f7dd4005d05a3f,-0.018012790004853303
9d2e209ddc2d073b51021dbe9ad61cf8,-0.018087855259782834
fd5078d05bdfdc28d8dc0500a598a986,-0.018087855259782834
530d4302f3d0034208264d536cb0f4b0,-0.018087855259782834
d3ba1f03cb651d7bb4a67abd0c497f0c,-0.018087855259782834
b189e92b5f8678750a8c10d2f2250aab,-0.01808785525978284
8091021df4298d52bb2835cdb894b3f1,-0.01808785525978284
682db040fd81d03974638f67301148b2,-0.01808785525978284
7cdd07ac3d554b00ad55d9556d04dece,-0.018249835042666585
72158ac5415f8e17badc6ded8a115c16,-0.01826650095350042
eb173922599efce9efab277ac6004e12,-0.018351889811486846
90107f09080b822e544e5cbdec68001e,-0.018373470031987506
f2d4a0d3b9c57ae804f2db5265f0b908,-0.018373470031987506
94a610e9902723e9a270a8ca28e2dfaf,-0.018373470031987506
c3110f8098924faabb12ea2dbfe2b893,-0.018373470031987513
4b42e43dd6c16be21dd10fc91c159e13,-0.018410893880927162
c098450ffadbb6251d808647f8391adf,-0.018556194780071974
2d75eb30aaf371f0eb229df581806358,-0.018667406157624626
4f375a01c9f39b3f2ad416a12b8ec577,-0.019089753860989087
2aaa1d7e28f59cdbe32d2b9da17280bd,-0.0191859470422555
9884297f3fa72064306eb897bc23bd9c,-0.019195012134186566
27fc5f2cc98b5f86511b176000e68289,-0.019242536283070554
635f9b62dc86e14b4b69ec0d28e0a2eb,-0.019256751628701357
ee14fb8c599dfeb1a078836da0c5b822,-0.01928030311998266
ad0a0271bb08c9cd43d5f21453c21ad9,-0.019302726814671378
2bc0d7d1e7d963d9af7c1f4c7a2718ad,-0.019304809628195203
08aadad84c527b953b4de1e513aeaf8f,-0.01930562854556056
ee83b9684a775b051140f52463c36d20,-0.019305628545560564
1126495ba0dfa1dce51f913209f14f98,-0.019305628545560564
d1c9846d532b211427be33779a47d58c,-0.019305628545560564
a1de5e157d0a9edead8c3cfc8ebec4a1,-0.019305628545560564
460da16f10049ada31abf808cea7f18c,-0.019305628545560564
6a6bc94abe469b92798a74c08ef89118,-0.019305628545560567
d031021c8c893abeac37828e5b6542f7,-0.01930562854556057
1da913624f4c29a7e9d42a5884668ddf,-0.01930562854556057
601bbd97bb10ec4629695d7fd37c7629,-0.01930562854556057
f7fab20c0a8c69ae9f42614d665bea14,-0.01930562854556057
0d93184dc6adc31bd49443af118410dd,-0.019305628545560574
7f1bb24cc1d47fcc29fc8a137052d776,-0.019310222888346176
d7a1eaaecabb1b754c6fb90677ce1333,-0.019355758511552624
b0b902dacbc962794543f37c4328d33a,-0.0195385699008521
dcaad611ec7851e821bc326cf0725c1d,-0.01957635125618648
ad2ee51673380cb46c0e667bb337acae,-0.019630840206747765
814d2880932263f7915edda82ed29b46,-0.019803495904610145
c527a7c058320e23e7b5a32032f6b4da,-0.020033294749723877
fa5bace8f6c7b16179d769d95af64235,-0.020059955122708608
e14d15eaca0b7381814d3e4d2e412431,-0.020149920771734043
69b787bb75170152c099b2b637ac0222,-0.02026271650637909
3d75dbf55cb6c122fa77a4e7ff3dc8d9,-0.02038045040837343
954962ba5bbf4fa162f7635ad1295740,-0.02068340689171306
1c949cdda394b0fabad433132742cd61,-0.020724296871713323
cd46afaf6991074e4e21d56bc2fc945e,-0.020808400733765067
c783957c4aa6531a30ace961e1cdb878,-0.02094107198826999
4180281533c29fb53b10a6470cdfbd4f,-0.020950413135507304
7281787c030d5330445923b19d1c7a8d,-0.020950413135507308
076359396f91b178804cfbb999ee2d2d,-0.020950413135507315
0d213782def4a7b3a21534cf5ab367c4,-0.020950413135507315
4ba45209aedea81e1ee5cac290852b46,-0.021093188524096633
ad24f728fed474e593e2f204974c581d,-0.021226662163575268
79cf5d5bf4c2a79589c322b1d3c69f7f,-0.02124228386358413
6d06b96dfd67bbf97b5fe718e9c3dbf5,-0.021243102150642946
d2f2618fc9ff75607dacf37dee79a6d1,-0.02136400265641753
5b457624ba4f2a5a1c468eb95752d91b,-0.021466973507273418
7dec6f18c325ab19721b76f3752a79b4,-0.021491407902505796
b6ce37bc8349e4002ed5e4baddbc299d,-0.021493040716116133
809aaebb8f3dd3c94a300ed9da413787,-0.021498430845504592
2d54fa3e6377c20672871627127d21ce,-0.02153133349084724
c2e2a3fb634ff400a582c0aa20a4d521,-0.021612307763975495
679a27ab185decd40d7521197f887bbf,-0.02163811971512404
719dd8fcd3c4186fb44128ccada1b1a5,-0.021861143455182155
508147260ac3b9b40d2c242365b97882,-0.02203344409441972
c7523728b5be89162ffc96b1fe7d7d83,-0.022043972157980662
d6cdd0cfef0fd81a355c464d49e591b4,-0.022099475420817284
2fbc912501875133dae565a714e3a5b6,-0.02219081578325991
3e17ad974656a0bafecaf8319daf7236,-0.022371515896633953
84663128f2603f6c83c16668baded95c,-0.022444375503851546
39754f197a433d7729bda6c10113f6af,-0.022659765322970194
a31c17f4c0776ab1ea366766cd2ef846,-0.02273049119458376
6d2f294508e0b74f272d98d76eb18e1f,-0.02273400000169173
86a59d69b37252e1219172ca6549b040,-0.022810793426075095
88dd48bccf59638a65b93afa96569ef3,-0.023015849216161156
98072bc099489e6e57d365e72ad8f444,-0.023021812456519738
428cc8bffbc4058e33642ec19e8aa00c,-0.023093613129440756
fd26386b0185a5772ec0fd3179b36f1e,-0.02315104959114468
b5ffd4baed52d0a0dd6ea171a90fede9,-0.02318459087475144
36d5a7b70c37408bb2468e4361706051,-0.02331062192886811
3feb8e868feeb980abb4579fccf749c8,-0.023325546306500397
a12cf5b20ccc7bd945f5836e7b392eef,-0.023326704880268386
c64cb27451f8db3d8e36ecab8304f811,-0.023535064513884856
8f710524ad778dc378dd99158c9283e7,-0.023548520953482442
fcb3401cf19d5178ea8629d2e80db0b6,-0.023585825211442007
a8ff483beecbbd6d3e6bdfa41f1b3947,-0.023585825211442014
f2ecaea3397ec648afdb48b9d4095067,-0.023585825211442018
abc996aa31d57d97e412aab7c549ccd8,-0.023585825211442018
bb60f1eb3cd71dbc34dec16012076277,-0.02358582521144202
5fc5768e12d00be9e2fc63c1b641f3a0,-0.02358582521144202
60701f81b388adaa2b0fe7bef3acfcbf,-0.023585825211442035
171e4dc173b57ed0d2675aa21b783393,-0.023585825211442035
b17de648f23ec6ef1f27e9b6640b1069,-0.023585825211442035
7bc892109a1e4aea515cd5cd594b30e0,-0.023585825211442035
dd82e943c0283669103dd28676f6a72f,-0.023585825211442035
974bfec08caa0d694aed2f4266758a56,-0.023585825211442046
c7bae8af5bc971eefea1544177ce5a9c,-0.023732598563457583
49459dc060ce9049d529917e5103dd3d,-0.023788407174669714
66f4354f653573a47764f3c6155f2bd8,-0.023973991566551014
ff78dfdd58387896c4797ed4041d6fc3,-0.02410831133754587
7819500cb36f8c2529def5bfaa4d67aa,-0.0241466362255343
19ee1d6912faaa74d566ffbfe29d854a,-0.024296287049652525
57b227978aef93eae09f2909dfa7838e,-0.024355671755149376
b1ea4fc1cdbc1c58aefde0b725414c57,-0.02451144746454994
345f7ef43c8358baabd6a9795a13373c,-0.02453942249162108
fca6356099ca8442b1c694047bcf620b,-0.024622831844304516
4790c8293421e5ee63b8f291db48eadc,-0.024633359465463255
2858f12b011dae3ccf194743adf95cb5,-0.02468574801402501
2cb1fbc329d2adce0972b159a80dd101,-0.024715774778061042
3c5240bc0610a6ed8411591594c3ea67,-0.024739648322043353
eff18730e34b6ebf2a3b14c1ec011d39,-0.024883702892425242
d1816e795b7d6f4763365264921a63af,-0.0251979007335245
3833cc64db8c89bf99613b2813e9d426,-0.025450536778406686
9ba213b54d2d49147ec81f838acdb7f7,-0.025521477518910107
6da9519c9cab21cd859e0df7fc66b007,-0.025561709164089393
7a0e456a6c95a8e87413581c7890e811,-0.025663307918207617
939555d7c3b1a7bb940cb84dfeeed4b8,-0.025886570644125535
8e5e4fb2734d398abe3e680c8c0eb210,-0.02588738325265385
03058572367c94fa73ab9519e5ae38c2,-0.026009434191116235
e1df816325d129b235eaddda3964c52e,-0.026171519023957063
fbb9ae876e0dda9e88fbc0b2531c78bc,-0.026182652861619117
2594d4c99ff7cdcf21836e888bf9b85c,-0.02628481758237076
a952d22bf8cb448a219db36e960ea4b5,-0.026409958880116463
71e87e8af2d4b4da45d7a37d8cfd0490,-0.026544663159194487
32db9d93662c42aedba733c4dffbe260,-0.026565773347441347
19efee14e623c38504e0d85563ffb50f,-0.026660483974525525
3e6334505ea8b6ee58958f4638d4fe4d,-0.026675424224768807
ece64f1dc51f61dfed450159505da85b,-0.026710762527034047
fd935e6d306e7b75349e4838a74018cf,-0.026780902737359235
472ff9d65b1266deedbec877f2e6d55b,-0.026821282489838012
cb9d3ab34b06d202f3ea4ef133419841,-0.027041048142094178
a3cc0d0576f2b6ed1d52a880b8a79069,-0.027045022939243227
84f0f190153499d7db9a161ebc88e7af,-0.027182116841529772
c325918d7ddaead74297c350521b1da5,-0.027235182186106
7b1c2558d2977e5ad6873e75a455f638,-0.02724345775484023
003ca3563d0b12cc0b493f74f1e8613a,-0.027358764568699505
4c9524e77ef0c742d8992f872a7d4803,-0.027488107787743413
441859a27994c1b2669aa843a470e388,-0.02751339453775046
cf0a3a35b3f5f2211113dd16ab2bb11f,-0.027710742981826783
c8451da2f600cd3ccf1afe24c90a3d1d,-0.027909811101790947
10733fdb80cc164315b5c357bc71038b,-0.027942703557010885
19071359a402b9b51779d559498d34f6,-0.02804770263380337
d5f5f033aff833ca30f150ecb734aa8b,-0.028183449870111503
2627b3d036a2652711cb7e2ebd88d25b,-0.02826114217063195
88d9d2abb7682a19caea2f85b0c83952,-0.028464198335365155
5c33edb9acaec7c44d135e20968cf834,-0.02856393751969745
44eeea045ec93c7ca6dcb5eb8264b411,-0.0286938101135281
2ca90358a5155a1ac378d6577c5a2327,-0.0286938101135281
f86116fe6573061ff7d609ef824b018f,-0.0286938101135281
1efdbc9d938dfd23e8b3152bb1565eeb,-0.028693810113528114
8f3e1233dc1853daa0dd60f1c88e0c83,-0.02899584106863887
263034ff38b758e30e7738df7400c00a,-0.0290159028185249
c2fabf0d959e90d36538481797861f22,-0.029058800458275483
e4e9f756e97f3b14e06fa74dfd6b4b59,-0.029058800458275483
d0625c1481c1e1d1515bb4b0d728b7e2,-0.029058800458275483
b6626461498a4b9dc3453a9e81750ffa,-0.029058800458275483
faefcb352bee68ebf4a255f7339c0e6a,-0.02912345327782611
48263f7dd02d59cf666ec696f8a89212,-0.02917858129021173
48ca14c9b55def1702dbc79176dfcaa1,-0.029277534721812274
dc9da787413fa8b054e6396ad1b0f65d,-0.02927753472181228
64e5d21f5a20bb25948b51483e651bee,-0.02927753472181228
472ea95e11bbff997ced2e49c2b73ce2,-0.02927753472181228
ef53138a6737c4d67439991cecbbafb6,-0.02927753472181228
126deefbc4671d7004a3a36294033abd,-0.029402193569361926
bc718d1bb857b116148a8285de07a079,-0.029473751525235126
f41fccdb3d069de70dfd880fc47cc501,-0.0295111978492231
ddc69f0c52b2d05d98523db83c6fb516,-0.029541535690704102
ceb9cf9072959d07948e0ac17e12095f,-0.02957822447233853
3d605aaa728d4b3ee9c8c08a0da3843f,-0.029897117546289858
6d5aca49bd9a0e73b1f64e3325de1e67,-0.02995585602879425
a12d67b5444a356bebdd247ac0b5f83f,-0.030108940377402235
0a9ffc9be8f1de2c8119576e0e736a97,-0.0301964687032134
22c4c623d824a5b12dad1517ef60a8c3,-0.03029970063588362
790b454498fbb88e11eec7c461ea80ac,-0.0305528888589138
4464ce88dc352b7c36a01fffd055ea44,-0.030790753249878487
10d088349d9596559807fceca519306d,-0.030790753249878497
daff6cec49f4a066284f9a1ca6190609,-0.030790753249878497
ab99ee5df5064bccff6962e597990c9d,-0.030790753249878497
ac19b47007a7003df123d469e11a36f6,-0.0307907532498785
7b0aaf632f226cd9c39bd85d5368bef9,-0.0307907532498785
a9d9a8b9ffff242a1f9088dc2602dd2d,-0.030807255756460972
73d3e6f87b697c8cbe5a11ea3fd949f9,-0.03087875733583623
fc6e2c3d530150c20032627b6d55b8c0,-0.031019368855059258
f15553da38ac73afb4adaa6dd5dd098e,-0.031047981364136303
011166037127d8afdd94de49b8f8f9fa,-0.03113420292513897
316787dfc8d6df675d35cc4f47ce0488,-0.03131518622758217
7a8e889fdd9d9ea0330a06db90799c52,-0.03154238243605822
e706fbd255b4430b6b9be0b65ce68a75,-0.031619634670914304
35fe959567339e118a946c6dce21d834,-0.031628761672943324
c4a08923ed46ce68558b6c22fb695d39,-0.031971025853526965
1c5f9bc46b1ad6e76c26888842a275f1,-0.03205020484125859
b0735b943e1d77830d902820368b6bad,-0.032122397869114326
c0a668539aed8d4686c4bff3f9290816,-0.03212239786911434
d138686208f15573d46a368286e4cc0e,-0.03212239786911435
a859b446714e5a52c347c87bd081b9bd,-0.03238707488948624
320750609b39ef779a80ee617ffbe4b2,-0.032396245158369856
e177848936e69583d2207935638d7d21,-0.032440145498385274
7974a63fb4411a27243cdc877e909181,-0.03246136829843432
9fef9b76dc2bff231becab3f97ba6456,-0.03269296171686689
4b6bfb1fb11c280086d1eb3dbd45413b,-0.03298604088154925
d46f10c19c51fbbc0d41a4a944bc2fec,-0.03299978017847783
ac1eddd2c66ae18d0afdd1d315684c84,-0.03311721417236371
0c0697ab7edcee116eb05648b19f6444,-0.03321565708762942
b21c738819c03903de63a454f9e98660,-0.033381241002940064
afd7c232decddc2ce6d14d8c325c9b93,-0.03338918604455214
8cb4ee677f9218834d31a171d863eada,-0.03340841832714481
0984229592b0dcf7f5325cb7f9ac0aa8,-0.03345470705267664
df7396b9a5bba35221eb06f548214c54,-0.03351772193597642
85ca79ae671a3ac8b28d3cb0d2be6055,-0.03363965175299429
5987714af68eadbd1056645b5a9f871c,-0.03366018876774255
581af94a89ebb1ecbabed66ff08d3ddd,-0.033796164424180805
03b1e6305293759512583526daeed56d,-0.03391305861471597
ee332646bd216cd084b5516f6ef1d270,-0.03397711675237692
cfefd727820245bd3088faf0c7e2b210,-0.03400444039693848
f04e043fa09e537b6af27dd5c21637b7,-0.03406003603206379
635a42ef55ca3126f7c8842ddca3c495,-0.034068995762742395
e9f4e4867908a63f32af9022c9016bc2,-0.0341004526522113
5634fb005cd8b6ac771851f3756c89d2,-0.03421559818662043
b8b98d63cc1549c0809940f16529bd6d,-0.034221035719754
0088df9eaa07bca79e27f8e273c1b4d9,-0.03423595275136027
3460737649d9337b6d16736010e0944e,-0.034326519827694704
8fca5b3ad7b4fcfa37eeaaf26a3d9b6a,-0.03443775391525703
ac05bc5bf95f0e67d62f21a635914faa,-0.03480091649849155
ac73bb13f8722c8bb6a1fbf9f067b206,-0.03499270353430966
eeb2a0cd22f39456dda8892b2addd143,-0.03499605886587037
277f64947f92fcd6f01e66ee01514c02,-0.03509479422073855
2d1ede7454a360239f2e67ede63563d5,-0.03524407401651019
8a07aca7b53c60007a49c8258524365c,-0.035441957021055265
57dea4141af5cd771abf411c119d55e9,-0.03553673123008526
9efd8524bc95cabffa7f6f94f98b0d23,-0.03575875323915606
42f08587be6ebbfb7521ab108f741d97,-0.03579561552484206
e96b31952957b66f03a2fe0aedfd8885,-0.0359668377096232
8d98c0e38b1b6ea1ceb1843a37d4c39e,-0.03596970078997347
1df1d52282ee60438b2bb060d77eafaf,-0.036137390546888214
1696046fb89018a9937fbf2511b63d54,-0.03621659020524311
7201ba7fd56edf7bbc166f52bdf05755,-0.03638572195522928
67bbda281f031d72aeb437e5fa0e26d0,-0.03642683487934266
1569d401c39d2371e436334b6f1bebe3,-0.036442418674842034
47d74ecc4086fc5a0f87b14647d0266f,-0.036472779533112315
00c3e618d97aa9c42a69781d02299635,-0.03666322438958411
994b2897f0ac11d9e5a5e931cf9c7213,-0.03683946064054093
943d5b2ab0f71bf887f31d6300ce761f,-0.03700403107309348
7c37178eb2061952cd4947903c100f91,-0.03706736984387271
3ec39f208d1c07e1d54c698d97d452f1,-0.03709445978152063
5ce059c562580f2a650ef68c27193041,-0.03711323745250238
f4efbba8c4c27ba25ae92b382fe2ad2b,-0.03744755158429803
3bfba2947bbc4e82d0280b836c42919e,-0.037922396756888486
fb6817030178b550f538a1e1c8699f16,-0.03796147959225748
bdd9bbcf5a1841205fef09f8ae97afa1,-0.038096250221937446
d7e3ff2c35c8581d9ba7a35b5c101820,-0.03809644392410724
cb2e80970760702cdb27081a91cf0d69,-0.03816857665505419
43ba89eb9bd003fee537b2f2ccc3a1c3,-0.03848638235599233
fa9cfdc56555ee8b514c49a8a2dab204,-0.038530520418949374
8a1695c10fd00edc5fe3683e59a89171,-0.038590943227682875
38bc526d4bb7413c975d589e3ea61aed,-0.03887635222151798
3690eb84f06b616eb2c82e700ebfa0b8,-0.03889375969134714
a082cd2994174527be026aa56003952b,-0.03941340984558028
6858f9af794548d5375b7283e96bb5f7,-0.039749974966728344
95d9eea8c73fed426497cce0a03fcb6f,-0.03993136523232552
42ab52a4004e0fef423bd6a66158fb14,-0.04014922231419574
5bb4f2f67d7d65f82c46985c5e2cf8a7,-0.04014922231419575
f9de42bd3e96263ede2b1d0dd1d84124,-0.04029994900387905
3a3d0233543bb4a5d8c5d8660909532a,-0.04030801718994884
4216924559872038c47f30d241cd3e5e,-0.040500843506007536
6c0eb6df1f38f024afc1034a7993a5a3,-0.04078381417826085
9cfb0e79f2f860f0c6d0f7eb73573502,-0.04083969891747317
f70809d943424c7336c2d6966db4909c,-0.041223910797469586
b99ed6da3412877f6f288d1d8cd3add8,-0.04124092830622577
e32e12385bf0f6b4010e60c96c09bf75,-0.04124230435306589
56f9de94e6baa815d51a89d34349a4c6,-0.0413330384729175
f0ed1da3c948f433b06c2e65b2b1b9e0,-0.041343795242319015
bcd246d97283c1de80612224f6291ac0,-0.04162399137387496
c0c17e145e17dff597da6a4397d4356f,-0.041649404483169915
e7fb84e96128b1d288b0b9f551abbd21,-0.04228955961339449
af97d4e86e933396d9f17321956c2588,-0.04238356131365488
6fe12199aea2c8954946b4f24d25727a,-0.04260198007755065
fc183e9d621c58115e2c35f5d60401af,-0.042743366864519364
ab05a7391132567647ba67f70872ccf1,-0.04290372386110586
0026c04788883bb6a69f54c50fd91c24,-0.04328011439561017
c5dcadc00a47fc1416a0518f205c0e4c,-0.043432233388289256
3cb8fc9316ec8b79d1e47035f9786fba,-0.04353162326405194
5a080f65e1dbfc7b5427568bb220edb3,-0.043660918206554857
a24f53ac7f9511af4229a581ca04cd20,-0.04377055477502032
ed7d47f79f47dc6d56194f4b24acf14c,-0.04377563818349202
9e1ba11c5aaa2aa5348f2ccaba0be039,-0.04386849290141381
dfabe3be1e30211f8b41781ac766074f,-0.04417858503893948
ab4fe99ca91285786b20ba55b1446937,-0.04524544622159728
371bf8fd89a78cd0702e9177d1fb06ca,-0.04526812710640216
fae863e2b4333ecf038515a4d35f979b,-0.04526812710640221
345739ec77bc7b91fb0c8a797f079478,-0.045316007982074184
aa0a2c798d1d7d857004df2e584cc285,-0.046388185841217344
bfd88a15182843be8f7f7c6bfc0c965f,-0.04719639103744171
e98f52c8cedc3636ad000c8c44e5f5f6,-0.04781949875302297
8d23a1fd23f5994f42b6aff21949a6d6,-0.04783570870534137
236b454df963ed4feb152bb8a18bae92,-0.048045020494672463
6daeb4453b29d250e53a2789c55f8178,-0.048730190645815644
584d219dcbf4b86ec2835ef1c508aa50,-0.04912619756834779
d4391e34787fc5d09e34b79d4ba6ac0b,-0.04921946768242469
e8498acadad42da698b9a1ac825d2270,-0.04976488344101749
b7a6396d9d63326dce76bf9c6322642a,-0.049764883441017496
f629b07b53cb9a081f85cf454e40641e,-0.049764883441017496
7fab9c4daf1e165a81be0975eb21c6c5,-0.04992651798320768
ec4fab2423e1326321a3e64f0d0eb1f3,-0.05021030103396026
187f40d4859ea5e8ca8a972d16ad81b2,-0.050407118536060266
7a615c68569339e6572dbd441a0ecca6,-0.05066698766199895
2f0fe2b15733625c90f52154a3020eb2,-0.05077052165353612
bb9098a0b580196ba6710e8658a9c8a9,-0.05120796127776127
50e585f44bd373014e6f3d281fe21e14,-0.05159068638352018
b1bcfc591897a9dbd2aef5bff145e323,-0.05160260926318428
23c7c29ac6810aaca6ebd0e794ee464d,-0.051825358801941404
dca3a9ede7b886a6eb2e43fd74375e36,-0.051825358801941404
b70e9226028abf865d43ec732e2092e7,-0.05200929579206852
a025538e74cbc8b814eeca704c50421a,-0.05330523531599963
b29eeec568a7fa312a6bf24c4cb1c9f8,-0.05339789379352803
12285fd870bf49bc01565678b790a8e1,-0.05488191681747222
b9fa836b8373dee0d53fcd05b3a93074,-0.055673712407504815
b87844261d44c7f3e060a6990355247c,-0.05585448322281579
dd7f5b773d0b44d5a98cf3bef59afd39,-0.05780811127167737
0b16e8be4633f014eca2aabf949ad5e9,-0.05799325151153429
c290bed651388777c263caf39f8749c0,-0.058368346088980845
374e29b27c5dcab6bcabeaa22757782b,-0.06033851800675003
72768e467651bfc2b5b0f80d43a5985f,-0.061729374896487194
e4c36f19849ef71305998c9e2a9cc293,-0.0620452968600411
0c56f597181e06159060d994df3641b0,-0.06217486537469145
558c8cca432023639dacb408863204b4,-0.06500618453018134
c2cb4bd0a6ce9e23aedf27637e447c3b,-0.06528291733460267
5a3f8f8c8556408900b78c42b91093a7,-0.06590772309397402
8b61bffa51cd73cb928fb555509c121a,-0.06598277321183152
37cf52feeda15c64e0d68a9dfd02a8dd,-0.06726304747078161
f689b5e34e9ad2907bf1ee15056356d6,-0.06735721721148182
90f63d1489d23090b29eaef6c2b75771,-0.0700724830742028
e67f632f49c2774940725f1f938d2659,-0.07135350916832012
d0003fcac2fc24b6972231e29e885bf8,-0.07413081132822978
9f4de9eb6700d873d8999b2fb10054b3,-0.07572160356826166
ebfdb51a1133aeb8c6ecebd4460b59f5,-0.07586795767998093
f2c613ef4a233386e25816e0c73a0d0b,-0.07937000009231417
03cbf0af7ffe718ca23f68a2c776c88c,-0.0837179963259718
98eadc632ae70c1d934f3809b81e7d12,-0.08921205617192125
8fea417c5e652f874b3e5211ae85ac15,-0.09037895750075471
