e13fca8ac3e20c666b8bcdfc2065879a,0.09992157065916103
0033ba07ed86619d6a52b96ed493996f,0.09832445598244843
b5759de11c48ed66fdd35a56274032a0,0.09060066477290465
05663e7413b88420784f9e5b4df2008b,0.08921652565634211
40d1c3b3e0386917a203ef22502af1ae,0.08842147839327988
2594d4c99ff7cdcf21836e888bf9b85c,0.086899748320222
28247a594191bd9a2055fec320b08c2d,0.08581733945625578
480d1b697f3a1e2c7198526e5067cdba,0.08493405194790002
8a8d876e247e4769e34222f4293a2cd5,0.08458999737157648
aeb17e417b8076ce7412be4584ba8eb5,0.08369810184978652
5fc5768e12d00be9e2fc63c1b641f3a0,0.07954353432055468
b17de648f23ec6ef1f27e9b6640b1069,0.07918446149698341
9a579bd4a10b95d2f135e0228b7433ec,0.07605248804272162
267d103f24a7106f6907113a44209a91,0.07528223592946352
c606861e3343a6882f899cda29f6b7f0,0.07510264854682204
651e7e6df100a6a4be0bb9170b1e1d5a,0.07310890547434429
719dd8fcd3c4186fb44128ccada1b1a5,0.072033562487376
0026c04788883bb6a69f54c50fd91c24,0.07201394986499277
12a60697bd35e4372ff89df5b5765bfe,0.0716904375711508
acef2cace17f5f8910b2279894d8aa3c,0.07042781280661056
617c54a5754eae269d4849b4f526e427,0.06944988533003298
64f5b16d46e9202f43e8108ac3f7bbb9,0.06906133629318463
fe5d0c663ebcaf12e4053589521664c9,0.06799053795720202
3c5240bc0610a6ed8411591594c3ea67,0.067525415242539
32e35c54d9b7c324fed38902234eda87,0.06591972247136668
50a5b06d1f98280c851239aa6de501bb,0.0648526789187187
08aadad84c527b953b4de1e513aeaf8f,0.06437875776527678
3d89c0f551cc1d54c9f4a4e94b5e2cee,0.0624579098269177
ece1df0e2a96606028c786b83ced4d8e,0.06178012718899785
63558e48381975dee0dfd74563a81ce8,0.06151638209516995
0e8a893a537d1794a5f543747f39a9fa,0.06122226017981334
b2aa2d076096d8dd9980112191a3d0f2,0.06099278081548586
8cb4ee677f9218834d31a171d863eada,0.060975945028884856
b9cd6810d2cfb16058df4fd7b1b1e2b2,0.05979539294479471
14e8d40b8def0d051b1337f90a453998,0.059785227839963914
10104beb05b27c0cf904721dc719f7bd,0.0595810060576649
d3383a0f90ecab330b4c3b2e95d14a38,0.0590536352924705
a330379c22d28273fc77195604faa216,0.058979318028569754
a31c17f4c0776ab1ea366766cd2ef846,0.05892628697896114
b4dd9deff57d2c5e751da2daa218b77a,0.058558594822818374
ec4fab2423e1326321a3e64f0d0eb1f3,0.05849129619612005
ac73bb13f8722c8bb6a1fbf9f067b206,0.058199946837593705
d1967f3ef18c67afe009ab3a17268795,0.05791062280105166
5f79777463a1ecb1d9395024f9c763d6,0.05776889294875353
b7a6396d9d63326dce76bf9c6322642a,0.05769319074013438
ad0a0271bb08c9cd43d5f21453c21ad9,0.05698190121062903
fbf0937ecac5a5376b0a39d0a13a4b0d,0.05692106160672954
3a1ecd721ec185d456ea584e8c6c9f27,0.056855000475452465
bdfe57957ceb9dffa67fee0aab626738,0.05619085453469697
93718601d116cd0e15ddbeeb4c214343,0.0560633480797051
f41fccdb3d069de70dfd880fc47cc501,0.05596525136257
400077c13129b6af452121fec4ef1da5,0.055713661694756125
076359396f91b178804cfbb999ee2d2d,0.0556421647583341
f629b07b53cb9a081f85cf454e40641e,0.055101209078983075
187f40d4859ea5e8ca8a972d16ad81b2,0.054859903348245635
6da9519c9cab21cd859e0df7fc66b007,0.054588686706308655
2e10a4fd02b649d28f8e449d0bc10aa0,0.05429450820129486
9a8ee9077634909c3f2a7aba809a219a,0.053763804346655675
5cc3a74316dbff873507cd8c53c1974e,0.05358997658036225
7417bb610eb81f6997c0701910eeb97a,0.05314783762435258
fa64838041c1c74eba66c46fd2b07c3a,0.05285076627514375
03058572367c94fa73ab9519e5ae38c2,0.052508548380787126
6d5aca49bd9a0e73b1f64e3325de1e67,0.05233237028978878
ab99ee5df5064bccff6962e597990c9d,0.05226892472477547
e9125fa1b4b62ed142d08c4987568910,0.05181820403110024
581af94a89ebb1ecbabed66ff08d3ddd,0.051160288076363976
35647c643524b47f5e9ed5562315b741,0.05091049742131368
5a7397db7830ad460c93c03d7cdcbde4,0.05070821856317516
a082cd2994174527be026aa56003952b,0.050556782681540326
d1816e795b7d6f4763365264921a63af,0.05032045911763097
8e534ca402f2438163a940c582cd9748,0.05027797536584419
a9d9a8b9ffff242a1f9088dc2602dd2d,0.05001698643931271
c5d494d433332464d4c3e9e899c00d5a,0.04986082782124696
ac05bc5bf95f0e67d62f21a635914faa,0.04969751231823701
1dae2b7ddac2244ed621959bf1115fd1,0.048870573762225
d031021c8c893abeac37828e5b6542f7,0.048740399632649166
85ca79ae671a3ac8b28d3cb0d2be6055,0.04868112842451665
74f1645bd9acd90e037100556c6bb01f,0.048630028692590636
a9a2b0797c5692ddaf396c6446ca3d55,0.048558660945423375
4ba1a51c50920164a55e9467c88c0af6,0.048515117505566
00e57fcf232f1e7279d7cc2c87fda27d,0.04840442859753955
40c72206bf746e86404dce1216693191,0.048005098725069056
b29eeec568a7fa312a6bf24c4cb1c9f8,0.04788154760441092
63daeccbd65dc7406945da4c48ed9df1,0.04787083322901562
601bbd97bb10ec4629695d7fd37c7629,0.04782080777054447
7e864eafeee04f1c47c01ace1f6580cf,0.047766922493838564
37387015e933c41210aca9a3a2d19897,0.04744210105436837
4c9524e77ef0c742d8992f872a7d4803,0.04673856141446987
50187be4848a0b25c55286fd4bf74a17,0.04672855723422101
7cd17b7540283ebad1fbbaca8a4ca0df,0.04650268653955339
2d1ede7454a360239f2e67ede63563d5,0.04641569766775619
c64cb27451f8db3d8e36ecab8304f811,0.04628846687279003
baac4a4a41e6cc7b07d092470951ee70,0.045766238747762415
60701f81b388adaa2b0fe7bef3acfcbf,0.04561673032739919
739111345371971acd05661839bcfd9e,0.04560670506056384
7466a47a3558e985993f75018aeb527c,0.045516856245375756
8dd9ba6194b1cdf44fef8f3185c52198,0.04549862812928639
7624c88e5e647c284a2f365c775e7e65,0.04546792105864198
804f2e17251ddb458cbb216bb29c5e32,0.045384431782901115
085700678ef51353c4b2197cda2b605d,0.0452231720768273
abbbdb152ea8b9a00f4ffb99227b9c4c,0.044798193123584316
9ba213b54d2d49147ec81f838acdb7f7,0.04476826867898302
7b0aaf632f226cd9c39bd85d5368bef9,0.04461873493852046
8c722f416c6c1308a398a080a1331764,0.04427350726938663
daff6cec49f4a066284f9a1ca6190609,0.04416417143095448
2ca90358a5155a1ac378d6577c5a2327,0.044110875642237264
6e8acafde7dc0424d3b2c30bb9e048e5,0.043714687396634117
56216b6bffdcce1bdc123af44617dc43,0.04324785359070044
4745cd7a04a827788c51d2b5e9fdbfeb,0.04274806572131864
fb1913a8492e86f4630843a0e0828474,0.04269639738095174
bffd2f9b40c6fadfe34baf82484e4580,0.04231348380593814
4356047dd6a4c8948e945fb406396012,0.042249598618215714
08bb9eb70ce9b02e600ed725a95686e0,0.04224746826183166
fd2e01268ae0767e91ae858a7fb66984,0.0422107308422269
71e87e8af2d4b4da45d7a37d8cfd0490,0.04208098042450348
d61b3319567ad4d270e075bb66bca7ee,0.04188840047549244
65974cc5623c9482529ad5a33912bb9e,0.04182172538121273
92eb88d885a0d44133dd9b52ee251b0e,0.04149429169052676
3aa14e6bd4dce01f12c7356e43e4eef2,0.04133000013972585
e80bc79d98c094665d3f60a175702935,0.04121880437340706
7bc892109a1e4aea515cd5cd594b30e0,0.04057214346196046
3460737649d9337b6d16736010e0944e,0.04051456299350328
3fe03a0b933fff7ac7fe8051d74c41ea,0.04047771653683203
171e4dc173b57ed0d2675aa21b783393,0.040154759835090176
9c277c39f6005a837f5c4355cac1d6da,0.040069118396696045
47baceef433bec0b7cf22946c471f1b6,0.040053387676060384
677e223d1296448f73992ef7fcc17c09,0.03952714194760099
d1c9846d532b211427be33779a47d58c,0.039337562140203494
3025702a4a7ffacf04688fac69052be0,0.039336736215821434
3cbaf7d9aebc8fdc7073c3010b61d4b1,0.03929010150568115
4f375a01c9f39b3f2ad416a12b8ec577,0.038985000772102804
eda3f9727d763c51872c9f76521ff270,0.038403417355482625
19071359a402b9b51779d559498d34f6,0.037844258411992536
8fdbbf5942aa5b54dd0420252fb7e4f6,0.0376958180022159
e5801a90955ef13f2047a85534f5d152,0.03758937334387327
f99469d3dc0821ebdc509a1675b4154b,0.03753489556275177
4c424d794a6ccd73065f71d2b9fba6c3,0.03751315426111837
bdd9bbcf5a1841205fef09f8ae97afa1,0.037497529035643004
f2ecaea3397ec648afdb48b9d4095067,0.0374841824070013
2cfa7365d05cdd481908bcbd128d9a7f,0.037381682084775394
939555d7c3b1a7bb940cb84dfeeed4b8,0.03713038845897591
3704c8eb7f304be9e51463c9b40038fc,0.03687838415899128
97e1a6d69c26096301166f3132554645,0.03680613252390242
eb83e799427a1f21f12d95783886ec39,0.03670706412644903
792b772ee7fa478cf82c53256e14742c,0.036706159334464035
24bcbfaca281697029d5506bb5c14a8d,0.036633111362679785
b7cc55122a6df331dee5fcb54ae32775,0.036154207199530955
47b139c23fd36dd477ca5b89bcc86f7b,0.036124682712342975
eff18730e34b6ebf2a3b14c1ec011d39,0.036037766664383936
582f286aeb22b207c3f5a24aa8fdaaa1,0.03594486533753833
197b7783f6ff80620a6c7f08c970d1b7,0.035930252164524605
b5d1329292a6a39b163e2a3973102819,0.03581393105469703
f018e053a7c5cd233f2103ada9b1ed11,0.035677919791367536
5987714af68eadbd1056645b5a9f871c,0.035656495736828164
7f42f38d34cbc6c19c8e983ea7865788,0.03553570253903646
e7132ba6e44362b8e20673b4009a87ab,0.03520625568924089
10d088349d9596559807fceca519306d,0.03511574973273488
8b67e2df1a5dd04f3166fa0c076c3e35,0.034784650039708834
576d02533a5169868e7de21549c42c3c,0.03468965010651441
5736cb3bbd27434fb73299ba6f668cae,0.03468417579677138
d0603508c0f5b8ef3823efab6e02dddf,0.03467489300920292
3d75dbf55cb6c122fa77a4e7ff3dc8d9,0.03453078835771443
44eeea045ec93c7ca6dcb5eb8264b411,0.034434869578324395
1159446b320ad03aa16ec2661103d9eb,0.034017561883511155
5a3f8f8c8556408900b78c42b91093a7,0.034008826883715586
be5b6b3c76a4566c54f5c6b504554208,0.033754680037433225
aeb0c980584455b983891cbed0771e1f,0.032979974980785504
817b7fc30f0e336e8f8f15543073a8c8,0.03263540387795043
7c37178eb2061952cd4947903c100f91,0.032508139902864754
f7fab20c0a8c69ae9f42614d665bea14,0.031926618778751546
e63a83857ff62c106f99adbdb89e6ddb,0.031868586356973594
e758b6f9b5bd6853570bb742b5efdbc4,0.031745575185845025
ec0cabfe1dab669016a99f27dbba4b25,0.03164056687752272
d5a9a97371c8deff568f60f2354dbf56,0.03137251526399587
a859b446714e5a52c347c87bd081b9bd,0.03122639250402672
cac7db48edcae7894a001946c6837d94,0.030904708832701876
15ea6496d07919d87b961cc893d08efb,0.030574873762103213
679967d8a0dbd4a30eaceca53542363a,0.030542947832992225
e4e9f756e97f3b14e06fa74dfd6b4b59,0.030427769166440487
42ab52a4004e0fef423bd6a66158fb14,0.03033544527906665
72768e467651bfc2b5b0f80d43a5985f,0.030291713999150732
929041d869d3837dfc9dca9806e71938,0.03027490483002322
bcbe85bd3a36f9d857536657a98dfda1,0.030052110595253607
7c0dbebeaff72a81b8c960e4f8ecec67,0.029972870206518426
36428dcf28c9fe5f3a9536b9097102d7,0.02993012010015461
679a27ab185decd40d7521197f887bbf,0.029900432189819023
f9e5fbe8cb57581e795f8b3c51ee879c,0.029849024600639908
1f193894fe2b0adf197fc18d52d738bc,0.029706812642238255
dca3a9ede7b886a6eb2e43fd74375e36,0.029583773401806894
fb751d029ad7031e8fcf3bde5cd65d04,0.02956222685771154
f0853bf14e74a636cfefd9eb416818b8,0.02940303861479511
5ca1c8938a6bcbf98fcaf839c66f038b,0.029233626553556945
a2ae4b833315323acbf6943f317b810c,0.029143121576838325
1824870330b4969520ba810133212ebb,0.02912453312495142
07626638de8e42ecbafcaf2567616321,0.02912369082403077
20b893b61035d40a3cdea3d6c47652c2,0.028870748759778908
7577f30377afc9a5db4444aaac083971,0.02877903952488359
a45fbbc09cc7542777626bdf2aae5dae,0.0286309185939484
90107f09080b822e544e5cbdec68001e,0.02851614314186475
7cdd07ac3d554b00ad55d9556d04dece,0.02848276203606994
f0ed1da3c948f433b06c2e65b2b1b9e0,0.02843597769686379
49bff0edec7011534be1a7d14cc32caf,0.02839601551897554
b8bb44cc3227d729949c2ede6936cae3,0.028315349261967115
d3ba1f03cb651d7bb4a67abd0c497f0c,0.028263483544055466
757687ab8a5cc42b7093ed70712ce661,0.02808953753912407
b189e92b5f8678750a8c10d2f2250aab,0.028084070650537325
495c08a2ef0264ccc9f4dbf805dae7a2,0.027915199652596815
d3bcee02e9984a54f4e0bef2bfddc49f,0.02788722608191729
fae863e2b4333ecf038515a4d35f979b,0.02784348522913006
e32e12385bf0f6b4010e60c96c09bf75,0.027713174391947138
66530156860cc8adc0673f262f7d7103,0.027692004537352453
a1de5e157d0a9edead8c3cfc8ebec4a1,0.027567738726947476
fa71bf0a3e7de0a7dfbeea3f1e2f0750,0.027554505879995417
849df82d1d47d5cf160c15e11ba815f5,0.027356493044275326
2936f4b8ddecb50ef9d452423d925664,0.02722565392912803
04793ba17da447194604935e58e06d2a,0.027148282795077132
f86116fe6573061ff7d609ef824b018f,0.027040095450253453
98a575d4b312334adf59b625a8783dbc,0.027014810200364912
c8fa50c505638219451ff837cad02696,0.02676329849382383
345f7ef43c8358baabd6a9795a13373c,0.02676329849382378
c320e33440c56f22cd079403e682f98f,0.026760044118706562
f89d016b0a8d974eeb252f66399de86b,0.026683339386141883
023b7c6600ae0c842db6277892ae588d,0.026459016145308278
530d4302f3d0034208264d536cb0f4b0,0.026357504101284065
b0b8c626e80cd5c4bc7b3d71dc549e7b,0.026142018587677607
d7da0c800795c6add79faaa71c9eff13,0.026103456695782342
38ac3d37531e47c41652f7dbf596998b,0.02610258072498426
9b523a1b49e46ab3c28d805835f308da,0.025872764454692096
011166037127d8afdd94de49b8f8f9fa,0.025841096849125236
fca6356099ca8442b1c694047bcf620b,0.025325710472990988
881f5014d9b1fab5882fa5f0771d1700,0.025296450586312982
b8b98d63cc1549c0809940f16529bd6d,0.02519741869667562
3679bcc974d8fbd902c3298ce110ac69,0.025062845546068555
8d9960641a3df74ff0d22bd45646db6f,0.02502108493246881
0ae6cedbecfddc3a879a5f880ff80519,0.024779938315182083
dd72b31a4766bc4891e93c25479d1206,0.024518716096519677
64e5d21f5a20bb25948b51483e651bee,0.024477749223790927
e9d73db89cb524289ae32ae0c97dc04a,0.024477749223790927
5e0af5d06b4d070ccfa08e1e33e5d95f,0.024397014449892954
a68e62699caff4ce8b9066d271819151,0.0243572593809546
1126495ba0dfa1dce51f913209f14f98,0.024305519417234574
af97d4e86e933396d9f17321956c2588,0.024211357624328366
cbbbba88943e578706dff53a2ae8ee78,0.024162377355250272
08ed58ee0683103993ef6780e7f5a8d8,0.02413022469865167
3de61640627fcc5d82daca63c891dbcc,0.024049467084191263
9cfb0e79f2f860f0c6d0f7eb73573502,0.02395947108502185
1cd4abeeb9c296c03881891280ecbb28,0.023901666567815318
956cc1de6071c9dcea31d20920f46a61,0.023887741024250075
ee83b9684a775b051140f52463c36d20,0.023870525835049408
98eadc632ae70c1d934f3809b81e7d12,0.023812277003928805
7da3354959796dfde8cb9b8b9751875e,0.023640725070301714
d7920ae9ca82cbf7cf0339d3c6865aa9,0.02360475832638409
bfd88a15182843be8f7f7c6bfc0c965f,0.023583415415667094
be6bf456136eafdb7cc7509ae6f1ac63,0.023504564453326587
a24f53ac7f9511af4229a581ca04cd20,0.023419733623287416
7819500cb36f8c2529def5bfaa4d67aa,0.023419733623287378
17cda1bfb1e31d388cc3de85502001cc,0.0234197336232873
4464ce88dc352b7c36a01fffd055ea44,0.023381352591808693
4115983ff8bda5820d8a2c87a5e3942a,0.02318595399507788
88d00861690a34be09f2e08378139ca5,0.023155050041784416
53194a5b0b8ce68eda66cab99fd6c83d,0.023023414862245954
8411eb762a667b25de85c709b149a69e,0.022922808957689958
3fab43078b22d332f04af6e0c939f8ba,0.022922453478391884
d19a46be48b9e601eff161f3b8ee9048,0.022851271136415545
374e29b27c5dcab6bcabeaa22757782b,0.022651003536536245
1fa02091c12d3a58d31923333ae2ddc7,0.022587184599573894
938e67172a707ef40da63d81c919f5ad,0.022541340725204834
c6cfbffdce4ef8d32db4399d6aaa464a,0.022453570932305995
08a63a7eb2864f65d493b3e67e9d771d,0.02241831686668261
fa35b40357b4962c163502649e149ddc,0.022186792550554942
44a6060cc811e9be30cabfc4f0c66184,0.02218410285352508
b3f737c04173b0a3d38602fade6114fd,0.022029010484785956
8d98c0e38b1b6ea1ceb1843a37d4c39e,0.02200649892241779
c49b2d46782263d409a5ed69e9b6ffdb,0.021970243289310253
e5de3c63d27575c55b2e9b85823a4c14,0.02193878280437712
01275fdd62797759e0257d54f1898965,0.02185953261771459
481d5977111213e60c1f7952fe363bfd,0.021840721485074363
f64fae89d9d25f3e988a435ce833cea2,0.02173575314703482
e5d24224ba4afb68d59eb66f283bd8da,0.02163427290759974
66dd9f59266c1374bf911d7d366ed1f8,0.021541968453475585
763650adb6c3331cd66b84cbdd42867a,0.021509474479388474
72e741f5b552938cafe8217820433c3e,0.021383019349553795
beda512d919127d7e95ec5bd9ddd1dfa,0.02131276340765368
e511f721b9f8641197d9094ba06d14df,0.021232903283241865
f6bab51d0d108fd90f06e7a0ebe04cf0,0.021198745040430532
6520b009069d80d2fcdf5d5f2b73d628,0.021150802607919718
e549fef9ceeebb54c291fda675c09115,0.020966535899012033
3eb74f2d10a729269e66b85d1bf4d760,0.02086384964439798
6d02fddc2bbec2112d7dc0c02e05be4e,0.020854491961821688
954962ba5bbf4fa162f7635ad1295740,0.020758324484493097
ae89eaa22849f85c0f20c2f8f937ad51,0.020485514923603575
7a6ff16e8121b5cd5966afa4524b8385,0.020414316405094862
5eee7be6bd820f93cbcdd7382bcbe85e,0.020143993184162205
7e01f2566cceef2e60e9ce81bdb69f23,0.01996229611479021
170571512e0abb014f5f1eccf0e2b99d,0.019894357793941345
1c949cdda394b0fabad433132742cd61,0.01981089748456929
aca8212c6a5b187e6d5162b12815af65,0.019748454066592768
132f726cb935abf8474e05cb40557132,0.01969589687613646
c290bed651388777c263caf39f8749c0,0.019482908540976875
e5e58e876117649f80aa6a0e0524f0bc,0.019400480761735853
e11baf6c8160d069aa903ff802d52d50,0.019327635911383208
0df43d7af9827be1d9e73905b2e050b5,0.01909762447882421
e8542261866ca3c1cb7319c16c877d37,0.019014011777962584
847151096664f9f6d2966f5a920aa4aa,0.018980204792414915
7a615c68569339e6572dbd441a0ecca6,0.018924756547214608
1f88b91a667257b52cbc8e13d7d68d17,0.018708899211336633
2cd04fe6df88c0d676bbfd95817561fd,0.018583799899313098
c098450ffadbb6251d808647f8391adf,0.0185775602967973
4216924559872038c47f30d241cd3e5e,0.018460723227852187
91a59f8533709ac07a7d16859879cb7f,0.018369198938794105
dde914b470de75a5f84ef8903e1db9e8,0.01819391974324029
0a9ffc9be8f1de2c8119576e0e736a97,0.018050259303719132
9336d4024ff808eb78aeea727209d3bb,0.017960691927366407
694fbcf11f0662f763490aedd9b80660,0.017911260883587063
c8451da2f600cd3ccf1afe24c90a3d1d,0.01785363851494059
064370a3b54d41a9fab42ed708fb1ef4,0.017476830611810896
51a58168e326aeb5e4983571e2ab281a,0.01721990881770004
50a9c5f163ad7ea86a7dae4c85cd2174,0.017170460251812285
e03967f327dd94ecdeae61bf32ac5d96,0.017051585015573644
f689b5e34e9ad2907bf1ee15056356d6,0.016935704891184004
0add17f7b08e895a80a8a761786a0f7d,0.016864825317805875
92e61a13d80333d06eefe8ce72acb1d8,0.016480544404858296
0d5d5b04a0093144840cb4074508feb3,0.016464257275448386
e40fb79545f8bf0e346c5688b0ee7a49,0.016391355254110486
4180281533c29fb53b10a6470cdfbd4f,0.016159251288758246
6a6bc94abe469b92798a74c08ef89118,0.016038803786795702
4790c8293421e5ee63b8f291db48eadc,0.01585843524832253
d26f42e5cf2b8d23991534f9eb727e6b,0.015802719633690468
437189b3b6207b8eb3d92706a35d4830,0.015787811730737306
9b7f6d35861e133951fd7c21df526dbf,0.015600546050712085
c783957c4aa6531a30ace961e1cdb878,0.015402302601429744
dc9da787413fa8b054e6396ad1b0f65d,0.015337714810572637
aa570966a2a1da765a4f593804cb8d77,0.015283158260630775
48ca14c9b55def1702dbc79176dfcaa1,0.015263023385520819
7a8e889fdd9d9ea0330a06db90799c52,0.01522235922816938
518b7f6309ff81a410367d6128250e0c,0.01509629613133504
e763a2bc6bb17b90fce2ceee1f981d74,0.015096296131335039
9884297f3fa72064306eb897bc23bd9c,0.015096296131335021
df7396b9a5bba35221eb06f548214c54,0.015096296131335013
f2d4a0d3b9c57ae804f2db5265f0b908,0.01507245109347907
d31a305037e6a30f9be941c7007d6546,0.015022766815906403
c5ceb32f286c8e05faed3ddfe98a5dad,0.01495316323893132
2123be9769dc769aee156952e302503f,0.014432864529305634
ba9e145a7cce87eb9de76acf589a6e58,0.01421941396825058
e18ae47a92d923e25b7274d6aa03cf1e,0.014077528587635202
e02e14311740afcaa8d4ed999132ea32,0.014061400372119781
e67f632f49c2774940725f1f938d2659,0.014039167139925287
9d2e209ddc2d073b51021dbe9ad61cf8,0.013764267270650105
c0c17e145e17dff597da6a4397d4356f,0.013728858423234624
7948fdcd039fa1ddc7027295d737cc1c,0.01365394012899518
fef9323e680e5dc4ad13b81a75488a4b,0.01363577259799412
e8498acadad42da698b9a1ac825d2270,0.0135783652861566
3bfdc1bb2b79e5c357b306cf86db7553,0.013505836380069589
ac19b47007a7003df123d469e11a36f6,0.013355415056972773
c2cb4bd0a6ce9e23aedf27637e447c3b,0.013350387156394042
fd26386b0185a5772ec0fd3179b36f1e,0.013260527422184074
e9d85425b458d75f029e231f73c3912b,0.01307374303943607
36d5a7b70c37408bb2468e4361706051,0.013071650528248779
5bd108e197d9f83142a7e35ff858053e,0.012935095558576384
6cb33468a58da93cf46484462e06f200,0.012932699914014533
31ff8824dfda84a7ad649cee7c03326b,0.01293097071458311
b5a2973497b4115d4c7c0e2c96384337,0.012894962734110074
974bfec08caa0d694aed2f4266758a56,0.012854929798648582
dde837578e2e204dd1375766dc3e2d87,0.012827867301993678
5f7e9cd09bac4c9d75f82d68bdb65137,0.012809727106125258
84823dc258a5f8060ec8d3af81a7c65d,0.012697960765781986
febd1749873d48ee1c3be359c118022d,0.012660286058757799
4832da3783b4f39e456244f36bd931ba,0.012659367922132228
ece64f1dc51f61dfed450159505da85b,0.012556858286223105
e07eca474d146a33e0e4dcd42b22e230,0.012520679360338453
6a6ef96314f90d434e4d1ae3d4b69719,0.012519967561840458
9fef9b76dc2bff231becab3f97ba6456,0.012507034432872441
75f7edc6df7b51f7ef8a43f24a1edd2a,0.012434773050652902
e4c36f19849ef71305998c9e2a9cc293,0.012378704291376495
71b9c6f7626d1f2a9dd877d5e6985682,0.012277736293857361
1d7d0e45601c8c2ce2ac7f17692013a6,0.01212402394110436
7bf3912e2ea118180b8928ff907142bb,0.012112915929102276
080eeae255df4686e2654d9101f3abd7,0.012099503151054068
23c7c29ac6810aaca6ebd0e794ee464d,0.012067539890807102
38bc526d4bb7413c975d589e3ea61aed,0.012052140420187804
17e8d3ec49e701e0df71e3bbf1153c3b,0.011842799642792697
4a8d5ce187f33d6eed1844c40fb59217,0.01167636219383051
72117b96cbc348255b01ae4f82e26167,0.011674040436277962
fab9e17c9f9703cb556d36d09a421a0a,0.011545171991821231
ad2ee51673380cb46c0e667bb337acae,0.0115419411616782
1aefee398be64d4985154b928b88803f,0.011493305321112519
b1d1ba34c5f759690c54b42f75534e42,0.011444121023962275
39dc3b3f65311afd334f9e3c096acde9,0.011433941623569609
00d477c72ee2a352857c540350c6abc2,0.011346739448537
5bfbe245a5ffca8140793acfddffa09e,0.011299715078040397
4ae0996c6f3bbcd2093ddf798a5c67ab,0.01121070318578732
1685c1e994ccb8862686f2ea9ef1eb91,0.011027734375959868
2468a71089e645f9bb9f7fdb3906054f,0.0108760177728167
22ff36616a9173a50da867cf7259e0fa,0.010810961319550887
a330237feaa37b164be80381d7ed0cbd,0.010786802559992932
d47e8ab3535fe29de7c18e41d3a777d3,0.010688667927653061
cf5030e4751ba98b7543780160016239,0.010597635817278392
00c3e618d97aa9c42a69781d02299635,0.010586280707342991
90f63d1489d23090b29eaef6c2b75771,0.010428398136609462
c2fabf0d959e90d36538481797861f22,0.010414588487378293
6c0eb6df1f38f024afc1034a7993a5a3,0.01039039394387596
33ee3862152758a87884cc18467f20b3,0.0103756127397595
5682eab378aa7e8e83ebab5b64dbdf66,0.010334953665323231
ac1eddd2c66ae18d0afdd1d315684c84,0.009915986689249619
ec546b42baac4b506072c90f7c135201,0.009547934384515627
22c4c623d824a5b12dad1517ef60a8c3,0.009532299337151145
673f120752c1e75a36f65364b1e53cbb,0.00948487580625949
3feb8e868feeb980abb4579fccf749c8,0.009464242427997743
e7ef096e905b6539bf96aa690fca907a,0.009464242427997739
4b42e43dd6c16be21dd10fc91c159e13,0.009464242427997732
10ac378c26bad7313d5f0386c3345167,0.00946424242799772
7b90b81f2285f9f9e2be93bf576f8f8b,0.00946424242799772
c87fffc25d9ef5a205aa70078f47f700,0.009455869502553414
8a58c9a11937b81934b7070af2d8bdcb,0.009316122129530688
80c79cb803f6fc06f3bc4c3417d12cbd,0.009313242824954984
46cbdc46beb32c5fb9260ff5f21a722b,0.009240574922327277
0731f7eb0511f9c0443bb32686476b79,0.008897412410720968
60585ad0efb69ccdb8e7f79ea4493a57,0.00889064642648791
7974a63fb4411a27243cdc877e909181,0.008847971601225336
b8263e63bccdbb5a5b39c08ff25aefcf,0.00883440767707177
168cee43409a46c358fe903207a88892,0.00880351273458613
f73196d6db33aaa9febbe05a0e104a6e,0.008790774951515956
6daeb4453b29d250e53a2789c55f8178,0.008637736697188036
12f6af89e834f11084b60001192acb59,0.00842645705034577
cbae05140d5325a3fca3f6c43dbd331d,0.00817671139970425
dd82e943c0283669103dd28676f6a72f,0.008130512754241285
eb173922599efce9efab277ac6004e12,0.008078594490399323
4c0470c25355a8369a08501e765ddae9,0.007952432518391677
9fcac5a9f9d1b88f0b907157154d8dbf,0.007833356198966935
8a07aca7b53c60007a49c8258524365c,0.007803117635670452
9e1ba11c5aaa2aa5348f2ccaba0be039,0.0077665569402898494
dfabe3be1e30211f8b41781ac766074f,0.007726940143896721
93df9c9730f6eedef8b6d7c9db71577f,0.007652704786942669
c6b151eae04ce5dadaf385b24204c9cc,0.007647634442933106
070c89dd6f188ffcecd9230f97668c0b,0.0075807861721260295
86afa31116a628b7305acca79e555438,0.007494641102306591
790b454498fbb88e11eec7c461ea80ac,0.007466016846030548
2c20a53c34de85c246a49f24e7732850,0.007420006636930396
3f1559de513c937205fc628ca703b798,0.007420006636930396
558c8cca432023639dacb408863204b4,0.007245269501895413
1528c0315db78f1213892da6f8edf1cc,0.007220787487510722
d6cb27c7664e90d49ddb8cd718d1b4d8,0.007163857897799318
8fc5a7bb96d4039e65356d497e0cb355,0.007108124771930446
508147260ac3b9b40d2c242365b97882,0.007004335527219701
144e7da04fba1d0a87851a4dd8f8fdee,0.006901802068732006
3e6334505ea8b6ee58958f4638d4fe4d,0.00685958111847365
624bed7fb4ac2e20109792b933fe6763,0.006819878227582362
28fce591e1ff862836e2e68095f087ad,0.006805021209100984
c3554cae927fee81b1fc673746be6916,0.0066358112276958545
cbe76422a888df2651d3f22796ace513,0.0064215549966858
755a84803f4962242a82b0c618a4334b,0.006355005694078502
ee14fb8c599dfeb1a078836da0c5b822,0.006318327205247411
67bbda281f031d72aeb437e5fa0e26d0,0.006297521090659405
b1ea4fc1cdbc1c58aefde0b725414c57,0.006271208348203947
f62d0d8c5f5c1ea79be2a8a1bca1a0f3,0.006181376973624617
ad24f728fed474e593e2f204974c581d,0.0060855113190687
a57ab5b1a7f0629091357c0ea519042b,0.006044311452405499
c2653e1e7ec1bc38d2c9b0b38b03bb27,0.005757841177444895
11e564a7d8b53452b6b5b51a96dce80f,0.00567145908403325
949eccca703be4e34ea35032acbce8df,0.005565053954272411
14fcbebffecc9d9ec50e00b10c76c1bc,0.005560579315137217
b39578e17b28c0020b424d9d1b909b46,0.005554324095273875
18b7b82da9c8a48eab2d6cc02a0ea61a,0.005474404380201568
f34b3418c8c75a41f9fd0097adccc5f5,0.00539314913861465
e70c893715a22fd00c3427a61c4d3e78,0.005243380556793814
ef53138a6737c4d67439991cecbbafb6,0.005203895567378273
b7f95e6409a434e6349d1b6d07ca133a,0.005200460159428919
236b454df963ed4feb152bb8a18bae92,0.005132874460937983
824ec86b019208987e14dc4d6ea7fcfd,0.005127148642599896
2d0690cd9acccb6fe620906043c51747,0.004783210595896709
8848cc7bb061b6695a4ce379cf018253,0.0047184199316892455
6f6e73c6685f075ed238291f8468d6b9,0.004623600194211016
421e056fc4e19a030c7deb081876618c,0.004598945182355619
fe489f228fab2e4aa07ec00970b35cf4,0.004559227168335298
022dfbedc3aeb4e80ce2371f28aa96fa,0.0038570033669990413
b87844261d44c7f3e060a6990355247c,0.0037118219264581625
460da16f10049ada31abf808cea7f18c,0.0036414101387053166
84663128f2603f6c83c16668baded95c,0.0036121824226666684
a7ce2609477686b88a28e43cc58d8311,0.003584298914157251
cb2e80970760702cdb27081a91cf0d69,0.003482728964041504
b1021a3a6e227a85e9ad836e86c0476c,0.0033961500210016606
ceb9cf9072959d07948e0ac17e12095f,0.0033960425358635893
c2e2a3fb634ff400a582c0aa20a4d521,0.003319050255099842
3d605aaa728d4b3ee9c8c08a0da3843f,0.0032027241322008094
b27ba88b676bd5dc592a80e220ed2414,0.003091420363427665
8a1695c10fd00edc5fe3683e59a89171,0.003073684968154681
142c06cd2d68629cff1c34fa206305f3,0.0030125157925626504
a12cf5b20ccc7bd945f5836e7b392eef,0.0029910755982043525
749185ea5ebe806a6f9d83f493fcc5b5,0.002977455436628731
557e71da0838ab11e01a5d36c7e9228f,0.0029393414108418474
3ecb83e913f52c5f413bf082da117928,0.0027730992275290327
9198045c338eae1ac4dc0731a9d36689,0.0026694456119828614
27fc5f2cc98b5f86511b176000e68289,0.002506351888822478
a5170186096fd9ccbebfe771b327cae1,0.0024995923934829937
529cd8ab1ad3926a16598d8ffa5c6339,0.0024436509416238227
7ce44f270fa9b2fd42d4d45a4931428e,0.0020646041058954775
e48ffdff6b2b8b99ac1b5edf4207f146,0.0019782619624969804
faefcb352bee68ebf4a255f7339c0e6a,0.0019553003459882655
df44a209a28510dbdde4e0c7e8fa10ac,0.0019008052502384914
c9c104ce0948cd5ef8abe64625f68bd1,0.0018736428191629825
3f74b2df82e477f6c58ca619df23cc79,0.0018192990573438663
78aee6417675571f24e1d066df7aec48,0.0017914137332100614
6d9e55fb5502dfdd3ea25f396eb5006c,0.0016867369001517909
664771c2362ebff99ea1ab285d81b7ce,0.0016215677049841082
bcd246d97283c1de80612224f6291ac0,0.0016128949897216025
75be0d2fa10631fae54a618b358f95e1,0.0015907975664268504
f7e5db59d1d9317c67a1420e00d3bcb4,0.0015902512319380497
06682ca3433b5229b692986d22e160b3,0.0015441251035544629
10733fdb80cc164315b5c357bc71038b,0.001536337338279304
ecdfaf9d04160f44deb3fb241c3c595f,0.0015113436843728258
2eeabb9878d1c2b969767df7e6ab90ce,0.0013967195144922791
ffd4810a21a8d3ed2b14bb452edb3a48,0.0013191560632362831
a2cfe52e238bcd9aae66e49062312d0b,0.0011622190407873743
93d8cb25d9ef57a404b6303fe8f9a9a7,0.0009737626869217363
bc8d3b45a2789319014f662e9e91cf03,0.0008460068161765921
6cbe3c177ac90b84660ae99da25ed46b,0.000780028238550772
fce1ac0411e4fda273e3ebbce9e6f7e7,0.0006556932364764618
52c44cbda25815ffd9b135fc55ac08e6,0.000593045152402648
becf5390e74a90a4730b01690f780959,0.0002662839926357394
1569d401c39d2371e436334b6f1bebe3,0.00019137883618577315
0d213782def4a7b3a21534cf5ab367c4,0.00015403681465636635
1df1d52282ee60438b2bb060d77eafaf,0.0001424992858194269
97aa2a780b0ba5448aeb314ef5ec6d31,5.4941129188124765e-05
811cfc66c71ed5dbcb2bd5f0976ec45c,0.0
f5b08656d0ba4989937b77b8785ad202,0.0
a07360887f4a96466c187b275a384f0f,0.0
1b9a8b9251476eaf38f85f35ed9dce5f,0.0
77736b2b2c7878fbf19ea0b4d44d913a,0.0
c7bae8af5bc971eefea1544177ce5a9c,0.0
fd06b9546c40536f4be34c4d4558a858,0.0
2858f12b011dae3ccf194743adf95cb5,0.0
9d1c1d9e2eb24d898cd92c05637d66d9,0.0
8ebb3dcdaec090a0e2e1828082f4efa5,0.0
8fca5b3ad7b4fcfa37eeaaf26a3d9b6a,0.0
9fee08073299c5408e1df3dc97dbc7fc,0.0
2aaa1d7e28f59cdbe32d2b9da17280bd,0.0
6c73f9a141f97ec0e94e11636e3709cf,0.0
dd68d1a35f5c17f3fdcd9b64de95f10e,0.0
4469b0977a3694369ce5899bbe0c1932,0.0
814d2880932263f7915edda82ed29b46,0.0
85863021f92bdb2d1d1b8b860c0619f9,0.0
95d9eea8c73fed426497cce0a03fcb6f,0.0
54c078529211e33670e28519b82c3fce,0.0
dcaad611ec7851e821bc326cf0725c1d,0.0
a8ff483beecbbd6d3e6bdfa41f1b3947,0.0
69b787bb75170152c099b2b637ac0222,0.0
b43bc6fbb963a065c26499b007801fab,0.0
91262aadb0200f0555dcdf979f76cd31,0.0
48263f7dd02d59cf666ec696f8a89212,-3.805977754352487e-05
2cb3e4ce42cd936572d9ef7a4050be22,-0.0001836160943674837
466a80896396194d521a387f15168afe,-0.00031065251592444435
8c5a707bf1c058a2271b7e1db7ad32e7,-0.0003219560440120525
05533604789178932552a01ccb048651,-0.00033472330149005746
994aab990497c9fc59b38af6538fd50a,-0.00034709632180512207
f09fdc38602cea0ede37ee6f782d82a0,-0.0005332851069846208
63e99fdb3a91d9a9122a025094a68007,-0.0005357716669312027
1a505b5eb855dabdd31e8b475f9f726c,-0.000566531533718058
66f4354f653573a47764f3c6155f2bd8,-0.0006412687252772608
684dc5ea06076953582af1ddc2f1536a,-0.0006421249261610415
d249689b7cc8cdf5989156e6f27c028b,-0.0007138108616412219
ba018bfdb5c7db197fea13425d099dec,-0.0007273184065067933
e9abc8841c9a796172cd297e5395df62,-0.000800592757578654
b5ffd4baed52d0a0dd6ea171a90fede9,-0.0008274648892298239
1efdbc9d938dfd23e8b3152bb1565eeb,-0.0009237691832094811
c7c6847504dafc8ed1bb1c661608cea6,-0.0009736596997202872
375c1e195ca7ce8e67d29428cc6318da,-0.0010307089203268325
4ad111524577bae0c0c842e67f3b536c,-0.0011888024147297957
03b1e6305293759512583526daeed56d,-0.0012867909848734275
41661af3cf13e70919ea66f34b1fc693,-0.0014980813605197892
ab4fe99ca91285786b20ba55b1446937,-0.0014997161084769244
e69aefbe6167fa4bab0e88e4e479657f,-0.0015156571271644347
87ca293559339b8aba3d0f0b93cd1c10,-0.0015220259748437697
7b1b74bef500d747863c3174bf47465b,-0.0015953611341455614
46d44d5a3aa0cc0af0995a8a499380be,-0.0016935540901588518
5ebd71e8e9a66fc484152cd34a39000c,-0.0018947852158291772
aebe9045d81b2f04ce6c159a4040a7a4,-0.0019915154599534734
c527a7c058320e23e7b5a32032f6b4da,-0.0020995163841851425
08b190cd00e945e8d59cd2cacfa74203,-0.0022915783061861783
8f710524ad778dc378dd99158c9283e7,-0.0023645767738797057
49ffc977eb82f7ff11668a25fd64915b,-0.0024988227752747467
5abbcd3037757599da06941bdc1cece4,-0.002594365633844894
afd51fb5b1d6e62b5ab020e6264506b5,-0.002859956400809828
3bfba2947bbc4e82d0280b836c42919e,-0.002868495808264101
0d36183194049799a6aefbf710fc52fa,-0.0029126268161800972
99022a8e0af7edf7c0934952b0523f79,-0.0031575689970985772
d46f10c19c51fbbc0d41a4a944bc2fec,-0.00323278348714409
eda6e1c9645b49eb8bff61194624d56e,-0.00330422999094283
943d5b2ab0f71bf887f31d6300ce761f,-0.003347337060095289
42f08587be6ebbfb7521ab108f741d97,-0.003497351705880972
b99ed6da3412877f6f288d1d8cd3add8,-0.003506527334391005
7fe0e2adda3c1593db38d613486f5243,-0.003544358964360414
fd51a66138209be5928e9eb7d84c93e7,-0.003558644969345215
a952d22bf8cb448a219db36e960ea4b5,-0.003630783050219869
a0c0f6cde5b381a7420339ae5920f78c,-0.003806227742690315
ac8487c2be495001dfac749a66e5fac2,-0.004113432126336476
635a42ef55ca3126f7c8842ddca3c495,-0.004114363283687855
10bf7d4cda68c31fce4f4dc22dbc5771,-0.004124934505570477
d845575a8a24313517673e762e125cf0,-0.004242084032506454
e5416e5a04e38d89f2b01dc8495f2d66,-0.004287696802425898
e0a383a249cf8e3d71d8f164c95460e9,-0.004481470851308609
e9392f9ec187dc3b1189bc32d29dbb53,-0.004783188971055902
f31a143fbf83a14a420834e8a3032535,-0.004828468153798135
5c33edb9acaec7c44d135e20968cf834,-0.004855168183444556
0c0697ab7edcee116eb05648b19f6444,-0.004931543301515259
614ca04eb0cfb532da75e19f226ddc30,-0.004931694432263646
fa5bace8f6c7b16179d769d95af64235,-0.005031285274568555
f0f3c8a1c0578e80aaee3a3a50bffb53,-0.005227808445044458
bafdfb461d956783f1bcf99e07c4b00d,-0.00525994005814075
462d9511d325ecaaca10a1c7d59f3cdf,-0.005365306111238819
d4391e34787fc5d09e34b79d4ba6ac0b,-0.005438937784794737
2627b3d036a2652711cb7e2ebd88d25b,-0.005504042716345515
e3ee538cda910dfd301951e8d03d53f0,-0.005511639243723462
19ee1d6912faaa74d566ffbfe29d854a,-0.005561741484040242
b21c738819c03903de63a454f9e98660,-0.005599188685624267
4ba45209aedea81e1ee5cac290852b46,-0.0056744403474134775
cbf92af5273a551a490176a6cc5f67e4,-0.005772301939707454
c8345eaf784c209e30e4a5a96c3af532,-0.005782754513365227
d541f8c0649dc8b02234b50a51d76d64,-0.005787723715647263
f2c613ef4a233386e25816e0c73a0d0b,-0.005840698673025348
b8c9598bac4d57de3065b5730bffa795,-0.0059825672901899106
36f03e4a59486a747073cc9e40af7c3f,-0.006005748838635984
b73ea9e6aa1f7c7310ac9f5e6816f9d6,-0.0061808643434538655
80a06bab8bcb19bae240fb918e3f03e3,-0.006213121212232699
a12d67b5444a356bebdd247ac0b5f83f,-0.006291238588299795
a980fce596ac8eaeacd5f683c8f1c93a,-0.0064048534351184025
cb9d3ab34b06d202f3ea4ef133419841,-0.0064378301008529756
c4a08923ed46ce68558b6c22fb695d39,-0.0065924353101833085
2a97634364a61623a31e204331427a6c,-0.006621436075141388
9c1b06b79a56e37eab862d7e7a27c868,-0.00681340597674703
369656f87b704a04d20f25c5e715bd9d,-0.0068556694056321425
5b457624ba4f2a5a1c468eb95752d91b,-0.007049630909913757
1f36ad30b206e69f16d13cfcdc5bda08,-0.007106068850387649
b1bcfc591897a9dbd2aef5bff145e323,-0.007170461168744013
7fab9c4daf1e165a81be0975eb21c6c5,-0.007210358254845057
2e44df2dcb55824649b6ff49f449cdd9,-0.00731061056444461
570bd2044b46bc840cb25b38e74a88c9,-0.007312020893115434
7e3e9a4b84686abaaef8ccb863a7351d,-0.00746562408465863
a08adde7c0a42ebdc396e5b0bc9942e8,-0.007833043481889774
169ecc5384d0edfcf2c532d4a96a2c02,-0.007996455429165283
f8549a93f5a9a41e4a646e86f82b1e24,-0.008027775547304699
4321f71e562a2e99029b673eafd657ff,-0.008051599293722084
0e60ab809a1ef51dd19a8b184a979c1e,-0.00811182592389129
86a59d69b37252e1219172ca6549b040,-0.008121668580511443
cb55da4f828a3606108e7af217947245,-0.00813802953345931
8fea417c5e652f874b3e5211ae85ac15,-0.008275534640736925
15537619fd8d432345ba2317c9f5ec61,-0.00831848756767108
88d9d2abb7682a19caea2f85b0c83952,-0.008411776788657434
97d53627c91ecfed1430feafb0d27b45,-0.008686719614684148
116d5ebe0d6728ce26b4e437801fff53,-0.008763208106148966
cf2d607527b391dc29eaf11f607cd089,-0.008786092313003473
64337b4c455396aa8fc6c0838b4f50e7,-0.008992933928569648
a411700a3afea5e2f492ecfdc1ee4b78,-0.009182698509033317
003ca3563d0b12cc0b493f74f1e8613a,-0.009199355085156465
f9de42bd3e96263ede2b1d0dd1d84124,-0.009304217732270203
794325d9150195a547b9a0d5a2785cc6,-0.00939831528065096
b1dc6652a25cd080705a9214a0e06963,-0.009537184160327086
5bf04af9d64a09ecd8e6c6de26a211ac,-0.009615893969961606
bfeb7ad36f008851a7684bd3d7ba15ff,-0.009621939335062215
19efee14e623c38504e0d85563ffb50f,-0.009808606499972677
41b692c0ca0b318ba5cd542fbb631abe,-0.009813162486034954
6d06b96dfd67bbf97b5fe718e9c3dbf5,-0.009832868809097204
43a002d09207576823da5f1dfec222ab,-0.009893684249957705
11925330afc981f811eb2ed869e01965,-0.009906787945718093
31c5f5660f14b08105123e8c43485e1d,-0.009947867220715162
94a610e9902723e9a270a8ca28e2dfaf,-0.00996253025939662
c93635a125a50b3823a35c90d3ba4705,-0.010032254876565899
12285fd870bf49bc01565678b790a8e1,-0.01006570691343015
4c829741420b59f10aacdd6fb623c4cf,-0.010151679081912987
ef15528c19faee6dd5daab77e1ce2e74,-0.010199225556927064
e706fbd255b4430b6b9be0b65ce68a75,-0.010203471984555602
f37736cfd2d434346f446b85cec0cbae,-0.010567076520695084
79cf5d5bf4c2a79589c322b1d3c69f7f,-0.010629275500596273
e98f52c8cedc3636ad000c8c44e5f5f6,-0.010631002341966003
c65a49193647d5b6d96c8d4630344576,-0.010664994733550402
dc7b4d0a7eb2cc0659664a60a9d196f4,-0.010755088235940022
ebfdb51a1133aeb8c6ecebd4460b59f5,-0.010825914996587901
91e61e21df848ce71833ce17fbaeb364,-0.010871146183481745
a6aaa187dbabcca6d62b0dbdb99d480c,-0.010889267789665988
0d50e5d20c102af48913ebf69729551e,-0.010908134134069332
b1e49b37f56b16404dff79a08860db0b,-0.010972946041887166
ddc69f0c52b2d05d98523db83c6fb516,-0.010980746353473604
e9e22abbd40727072be0d652e00e3e32,-0.010994303717410565
088c0a1ed8d1a0734e90b3da6b9c504b,-0.011010648847678928
ee9069cef75ded0f9b37983524d86dbd,-0.011136613851876264
f1d7763a76c9a8a2761095e3cf49d7d3,-0.01113675547119644
997efc437e2da8c0529137a20153179c,-0.011173042568780043
de87ba7f3107c3da23de6462fe780ceb,-0.011475288298341999
fb6817030178b550f538a1e1c8699f16,-0.01163105193348822
527d4d56052dd1486c36a9402f462702,-0.011633843829314374
316787dfc8d6df675d35cc4f47ce0488,-0.01184071647554498
52626755d88942c67afb7ae0ee70c96a,-0.011844020472858246
c5dcadc00a47fc1416a0518f205c0e4c,-0.011934917480602332
0319d191bd80294ef7caebac74b1ace8,-0.011937377189512823
9512ba747dae58afe9aebab0510ba1d0,-0.011977519782016482
8b0cc5691ea2dfe633df5b9629f6394e,-0.012029575490512541
a3cc0d0576f2b6ed1d52a880b8a79069,-0.012078963670891034
35fe959567339e118a946c6dce21d834,-0.012330705600544651
428cc8bffbc4058e33642ec19e8aa00c,-0.012396481529778238
00bad698838286be7a737afeb28d7601,-0.01240836331335735
61cb6ba47f823bc3378c16ca8c898151,-0.012508513042301486
2dd0ca39e6fc1079dc447b3ee9f1f9fd,-0.012574810386015966
472ea95e11bbff997ced2e49c2b73ce2,-0.012621301969129495
cd46afaf6991074e4e21d56bc2fc945e,-0.012698232647101125
e7189d4c1594c307a05797a728a5753c,-0.012835804621132025
aa87c38fd981ade59311ae928477bbe1,-0.012918450092968254
257c0ef99a36abbcfdb749de5e6c668f,-0.012928524868084714
4b95938687b60d2bcda2bd41beee1e78,-0.013082716291182113
b9fa836b8373dee0d53fcd05b3a93074,-0.013122091068077976
7dec6f18c325ab19721b76f3752a79b4,-0.013246983252380252
90489eac9dd49bfdd4d9f0ae14751aa8,-0.01327065746185263
0eb607f7ee8d40551aa31a09b78a4263,-0.01336371358681645
c82eadf5a425d1c41af867ee91c6b644,-0.013441838175152446
1696046fb89018a9937fbf2511b63d54,-0.013455424889843465
8b8f5833ae5c896cbcfe38475b184135,-0.013484592747345273
6f61c2e87637aad7ded93d3cd424aa75,-0.013589034312418907
57e8ae1e1c63626b58778aae72691729,-0.013783395776992993
6f84a6b129a82c9d3382af5a160c8f90,-0.013822628815584317
2d54fa3e6377c20672871627127d21ce,-0.013915495344357449
8091021df4298d52bb2835cdb894b3f1,-0.014022200986538034
d6cdd0cfef0fd81a355c464d49e591b4,-0.014649961607851867
7ce75ab96fb3c8958859f64cc0659523,-0.014685908533467835
7f1bb24cc1d47fcc29fc8a137052d776,-0.01486048667461449
42a3722eee3fd4b24bc2e893349d7aed,-0.014955487740527906
f00c939e687ec05a616f4a0e59795a80,-0.014965149545697247
471394599b9c4454d80799da247d61a6,-0.014981085491827764
22f2632ab59b2c06b257ba2d4d8a3317,-0.015086349159388848
f203a0634e45ced067dd89ea5b669656,-0.015128460229430051
5b59d7d40643605df9047eb434df5a23,-0.015187658350631818
0fd07c04abcd1c976c66a19ea7966ad7,-0.015243014114417912
836a023b5492c3ddc0d5e28bab8981db,-0.015243014114417933
9f09c69b1e75ad235cd2f92357f52e06,-0.015310046194535068
ffef16471292d32e64f5dea174fc2a93,-0.015367397797416804
dc0a69c943ae3fc142da33f3b81ababf,-0.01542250710170302
5d240b232fb4a7b14627f2cad057782c,-0.015449809928489606
353d38c0cfc0f218e8c868f6745b8660,-0.01546430932644633
8d23a1fd23f5994f42b6aff21949a6d6,-0.01554663581247475
b4d0ef3f7a666d6276bf5c28db276740,-0.015684939973499287
4ae44fdf2a8a3e306eb8acaccfe28513,-0.01571613997706812
16cc2497833ec315fce020c74c525e2f,-0.015758799795053374
3f66fefdb1770929d8c147a9fe9c9a25,-0.015873436247081193
d2f2618fc9ff75607dacf37dee79a6d1,-0.016342999936879307
fc6e2c3d530150c20032627b6d55b8c0,-0.016397922846059038
af8b9072f9ac2c38e73ae1358a44104f,-0.01642620752446807
56f9de94e6baa815d51a89d34349a4c6,-0.01643179337915404
e7dd0d731b75e81a7c1ba849f601d388,-0.01644855574568876
e73e7cfe915638bef73459a029050827,-0.016522547927713866
dfaae5536a4e9422d8e850899a5f94ff,-0.016529581765708
7201ba7fd56edf7bbc166f52bdf05755,-0.016630407223871525
05dc553778e88602e7c984efd9c48afa,-0.016630581172582256
fc183e9d621c58115e2c35f5d60401af,-0.016736783132207573
abc996aa31d57d97e412aab7c549ccd8,-0.016787383238595407
cdf8aa2443d6096d12e411821f54c967,-0.016884945818468576
bb60f1eb3cd71dbc34dec16012076277,-0.01700333386812874
2bc0d7d1e7d963d9af7c1f4c7a2718ad,-0.017351771511805475
e177848936e69583d2207935638d7d21,-0.017406107750721777
29274668751a816ac532ffe1a9f7edd2,-0.01740610775072178
b505bd1e47523701b8726402fd91143b,-0.017435875550161805
8121e654207faecec0f7dd4005d05a3f,-0.017592458698050296
290f5f4f4875323d9791935dc18b192c,-0.01816184698599461
7384682cad4c7130ac66acb168bf0caa,-0.018520932049194465
345739ec77bc7b91fb0c8a797f079478,-0.018652687431541307
363e2bf423bb843b50471aa40be7277e,-0.01920504711055999
062456781d8cf476236e9b0d443390fa,-0.019220305652687827
809aaebb8f3dd3c94a300ed9da413787,-0.01923524902722702
32db9d93662c42aedba733c4dffbe260,-0.01926939283270677
ee332646bd216cd084b5516f6ef1d270,-0.019328960341935156
d138686208f15573d46a368286e4cc0e,-0.01960742599481347
687f6d1d889275fb81e3ec74884275b2,-0.01975700249725992
e76e9835005158b53dac4ae3af6a441a,-0.019802925125444074
217fb419f9b2681f9f6ac7804c98ccb3,-0.01998332899349643
84fe109254aaa696a10eee40c198cbe9,-0.02009526198239865
28ab311485fb71435c5830f9b6bca766,-0.020135420263788097
d235e575d8ec320e6de26c93d8236a30,-0.020188928032859797
dd05955f135f1aebeed57a454443f2ed,-0.0203414482440318
aa066b2dd44c786389ba510f11ca796e,-0.020358925191827457
57ecf61d0ae3d7f99908f8f9c9e5bce7,-0.0203995579350745
4cf8fea5aef9b5418a428ec5a6b44db5,-0.020401806343776627
267e5f1e70e7c8bcf3a858bc8775bc09,-0.02070352963540892
f92bd27973c3d7173906871c2f052dd6,-0.02076980434138063
0b05484fdd9452f1f6fb0445bda512f0,-0.020884386633161067
5a99496557afd501c90037246bac1208,-0.020889788977098776
9f4de9eb6700d873d8999b2fb10054b3,-0.02102355711447703
8c167e3381323ac83e53980fd7a405a4,-0.021097722476690933
fd935e6d306e7b75349e4838a74018cf,-0.021126409784262234
48df621bf15bc1780f3aaf355ead0ec1,-0.021218468421956214
fbb9ae876e0dda9e88fbc0b2531c78bc,-0.021253716682729445
2fc67ca46198b92f7fa9c57819ac480e,-0.021349552493894284
5bb4f2f67d7d65f82c46985c5e2cf8a7,-0.02137888150991608
38a8f4f5789043fffa08f1cbda98007a,-0.02141764640639718
bd5236fb011b527cc9a16b35d9c2728c,-0.02174607071245326
ed7d47f79f47dc6d56194f4b24acf14c,-0.021751842524988355
b0735b943e1d77830d902820368b6bad,-0.02179423861287466
c6285bf015d344411435de76f2d6c433,-0.02191958048385535
6ee51f343139790ca51557740abec503,-0.021952101145792765
1c6b243a637b35e6b467da17e1de3343,-0.02202305827841936
72158ac5415f8e17badc6ded8a115c16,-0.022072988556248153
2fb7bb720fcc3e102c03a3900b64a11b,-0.022215552458757823
49ed560bb40abadd15457407f74f2684,-0.02226385199262169
320750609b39ef779a80ee617ffbe4b2,-0.022361084037362186
65910b701ca115647eabe2693365690a,-0.022475481585066383
88dd48bccf59638a65b93afa96569ef3,-0.022500389247315022
d7a1eaaecabb1b754c6fb90677ce1333,-0.02264705035624573
bfd0927961b92b7b54fc60a965e8c2c0,-0.022668505843043505
9154257e38f3ace4e103b417878501a3,-0.02270928035648902
fcb3401cf19d5178ea8629d2e80db0b6,-0.02281889035788607
be00a7674f9e7c55ea924adf8c93b29b,-0.022949840650318958
1760ba1f4826fdd9c34a51ef7bfb1a2b,-0.023129404581310128
ecc28d19655c68ba9645e627115a1f34,-0.02324322698728755
f10bfc9846430812cf7380d8f1f27576,-0.02329809920420349
aa0a2c798d1d7d857004df2e584cc285,-0.023568473928633774
e6cf76a079b13d7fb8d3a12385920bc0,-0.02391314131519016
7281787c030d5330445923b19d1c7a8d,-0.024017742072217275
dd4c44c1d42dc24b41e546048df40a6a,-0.024084216656835574
afd7c232decddc2ce6d14d8c325c9b93,-0.024216063551916068
c2b6320316bc2557eee93d84de6db73b,-0.024301641345843828
537d54546d6f0a7dc33ea3d8d71c9655,-0.024482960384633806
472ff9d65b1266deedbec877f2e6d55b,-0.024663072250836925
bb9098a0b580196ba6710e8658a9c8a9,-0.02474855372366079
c0a668539aed8d4686c4bff3f9290816,-0.02478173919963142
8b8c0c270e3a8abe83ce423adb1807c3,-0.025022938858891702
c325918d7ddaead74297c350521b1da5,-0.02527786371192441
aa32978164d7a200706f37515c2aa3b2,-0.025953645907109087
0d93184dc6adc31bd49443af118410dd,-0.026150806186130207
f70c706b46edbac642f4b44b3f338021,-0.026151414705323048
698dbf715fc701f768c6db52228092a3,-0.026437508868413565
9a38cd9373dd52f9d51de59b32a02163,-0.026520660205968428
dd7f5b773d0b44d5a98cf3bef59afd39,-0.026629303690778237
670d783d21b6c519c4859b72f0609a75,-0.02667808169186632
477134c21581fcce8fa07a63a679b4c4,-0.0268159631792033
21e9d61284d724df920628fb27e2fd9e,-0.027056011738367802
201c650fa1c33b861e5adee53ae37d6e,-0.027090969307380787
03cbf0af7ffe718ca23f68a2c776c88c,-0.027336103338079246
994b2897f0ac11d9e5a5e931cf9c7213,-0.02758306219928981
3451b21369bd777d17051194b8503b83,-0.027606320806049616
695e43a10a252c1011c4d94d6ef6e4bc,-0.027831356778183408
47d74ecc4086fc5a0f87b14647d0266f,-0.027831356778183422
2651b4213bc3989d9f2b3554aafe7d0a,-0.02826706419731054
81226a20efbbe783cf59d5ffa8477b6f,-0.028277262832177224
c7523728b5be89162ffc96b1fe7d7d83,-0.028297700126480304
b46e9fb6298942b824fa56693a0e4b90,-0.028326400744310653
f15553da38ac73afb4adaa6dd5dd098e,-0.028430850728571835
c3574ef7a3455b639e41b6e790c31041,-0.02850179886610106
371bf8fd89a78cd0702e9177d1fb06ca,-0.02854855746734216
6d9c521edaa6cada1c00dd383fdc9f12,-0.028559409973458787
56b05ba3089f4a49bfce4a590dca8467,-0.028581466113976564
cf0ebd13a4b0638372adf8b481509b3c,-0.028693599185639317
f04e043fa09e537b6af27dd5c21637b7,-0.028757471695549396
a580461751503c1ccbf3a52e57fbe8a0,-0.02896503535731892
a8902fe384572bcab1fcdd844f8adcc0,-0.029018888216782508
033174ae5f1a38f46c94165f1ac69dbd,-0.02912121084754763
e1df816325d129b235eaddda3964c52e,-0.029386632456619707
7de20b27a452647f99424e2a5b0c2d1e,-0.0294904695413475
ad954d3a251af34fc4cfc1fe73e49563,-0.029751402343769103
dc16f580a2a20b676485e90d9edbbbd9,-0.029875952328015352
263034ff38b758e30e7738df7400c00a,-0.029985647522722658
e01f0dea8d5a587649db5d980a824a43,-0.03005363157130947
b02b460be46594ee38f70cb5719d4736,-0.030141772420716757
79c1228a897c5ff25a114d7d39fccd15,-0.03045584242881887
e6ab35c480eebc43122a2114ca21539f,-0.030499820598162107
2f8edb18b75c2d9f90ed60eb64eef460,-0.03050735172230265
3e17ad974656a0bafecaf8319daf7236,-0.030762304498301588
b70e9226028abf865d43ec732e2092e7,-0.030824146119004428
2b69d9c9cc39305b8b754254e70c8354,-0.03115664819920045
be44370b70a178b37b250c0baf71289d,-0.031167768088843906
f2c9bc27b23aa3b3871b9debb4decf6b,-0.03142108915473443
c9ada848b9503985cba2fbd15bcabf93,-0.03144270940180982
7ef5107971cb2c76f5e05c649a4d1a23,-0.03148625284679891
fb206293c74f47816d2f6211b09dda0e,-0.03185359873190553
6858f9af794548d5375b7283e96bb5f7,-0.03189167603246156
8f20fe15dbe0f4556ef1681aa13307f9,-0.03200849117924776
6d2f294508e0b74f272d98d76eb18e1f,-0.03212173884609487
d53a28041348e0d3595f3e5bf9dcabf0,-0.03233213054069749
8bf168422ff38f727fe4cef9037d1690,-0.032362435256893446
3cb8fc9316ec8b79d1e47035f9786fba,-0.03237119204939183
69cb2d8047f178daa983ebd940b28f8a,-0.03268574799080739
103218a26a304faa59641a3187094f78,-0.032689768201858246
07fecc2814c0a3613d59914fb111a135,-0.033003209476607696
ac28d0b8b7bcdacbe13751ab8d85c1dd,-0.033024661350666756
b1e6f34e4240a275f3f35c7cb6fce68e,-0.03328909053437692
df3704c582719486381beae320878647,-0.033542155858150374
2d75eb30aaf371f0eb229df581806358,-0.03355020871126375
635f9b62dc86e14b4b69ec0d28e0a2eb,-0.03367196544456321
e14d15eaca0b7381814d3e4d2e412431,-0.03369961437722531
d0625c1481c1e1d1515bb4b0d728b7e2,-0.03383020078358907
9eef66a3ceb6e61e8fce4f8d1e4edd2d,-0.03391678086289036
6fe12199aea2c8954946b4f24d25727a,-0.03415016049064696
119bfda96f57613245615d0a3fd19d74,-0.03423214579439985
938df9a838e681d045fd9c23eee7d2a9,-0.03445116600153724
73d3e6f87b697c8cbe5a11ea3fd949f9,-0.03471091635636782
98072bc099489e6e57d365e72ad8f444,-0.03479957696156611
d682e44be99177bd4074b1243424a410,-0.03496587824508626
b6626461498a4b9dc3453a9e81750ffa,-0.03510050998147254
f88b942e69b15959414c70f8e817dab8,-0.03510344800370567
972d5d8c2a8e980ce468536e3d2a465e,-0.0351192412726767
39754f197a433d7729bda6c10113f6af,-0.03519072898868301
f281769d7c2865546d72b7c2a319a603,-0.03534787368214242
eeb2a0cd22f39456dda8892b2addd143,-0.03540624731460697
ffdb76def6789a0745f6a04d006c2550,-0.03557447219621306
1b68f0034933c2f010861a4b380c5104,-0.03569792335142445
584d219dcbf4b86ec2835ef1c508aa50,-0.035778409111902755
ee532371216104c51ef7b28048b8e28f,-0.03628200629154577
fa9cfdc56555ee8b514c49a8a2dab204,-0.03646961288097533
2cb1fbc329d2adce0972b159a80dd101,-0.03658160092099197
8ddfbd106b37bf9ed1bb08618694f0a9,-0.036632431289016616
f447be92bf501da8e63dbef314e6deae,-0.03667445556977265
6ce3a66fd8c4416ac8c5ccdda82fbc76,-0.03674530206003122
ecb1cbf00805062d0dcf5a83f3ab278e,-0.03677612647579269
878dc0ce16b33922e33947ff5555bed5,-0.036860775705609104
d01df8f0f4ca4f61f042b694920558d5,-0.03699457438053336
d6e183416a75d99b498618a5bb786727,-0.03700752385102296
5634fb005cd8b6ac771851f3756c89d2,-0.03731948803025539
415b1204dfd4e9edfe28fcf68d6e0029,-0.03753723300298328
61cd8d7c2c2801aee089f0ad8fda43a3,-0.03765832575906956
acaa07406adad33be90423374481d583,-0.037725332456350166
a5657494e1e843e88c01d53431e98744,-0.03774037781771104
29335c791ca349abf4d0235eead243b0,-0.03791786003161061
d14ac50d570c21c9fb546cfe07ece233,-0.038205347080500794
e9f4e4867908a63f32af9022c9016bc2,-0.038231151587922375
317918c2bf8aa11bc3ca19032f2af01f,-0.03825519538462073
05cd1b9e92fbe86194d891404c3932cb,-0.03849910794744291
42850ad86cd3495fb024ac7aeecfbc74,-0.038522773203867884
a1d86dea0ed3b8969d1a24649b26421e,-0.038683723441702726
3dcde29d8df7b581e7f00630741dcca2,-0.03870161288039591
441859a27994c1b2669aa843a470e388,-0.038914906474983975
06a729018eab116b08e5acd9356f3b40,-0.03899164413154744
91c911fdb1a0b45401be02d0384a835b,-0.03903718187627401
c166bd291497f36568cdc9e99d6a2e32,-0.03916265341132061
e07f01f58de803511b6802c66b1f3f8f,-0.03937564061939729
312e17401efb6aaaba551d12146de8d3,-0.039454944828777164
5a080f65e1dbfc7b5427568bb220edb3,-0.03959682067069186
18b89a04b77fef5d50ca0c69414dfbcd,-0.03975706608220611
b221d7bf7a04d1f9049bd38b2ea5d29b,-0.03989918103727275
435f81cee596ebcf1fcbea06a0554f66,-0.04002479898042587
d7e3ff2c35c8581d9ba7a35b5c101820,-0.04020000823609929
a239bcd96b79f041effa00c20b97b1ee,-0.04028286570032271
8aa95d373cc7f4f25c9510ba30855d6c,-0.04042874167983614
8f3e1233dc1853daa0dd60f1c88e0c83,-0.04046195137875114
0b16e8be4633f014eca2aabf949ad5e9,-0.04064841276521913
84f0f190153499d7db9a161ebc88e7af,-0.04083412337309273
7088979dee31d4e935390d8ed6e36e35,-0.04098455377176133
4b6bfb1fb11c280086d1eb3dbd45413b,-0.041017058013876936
661cd42a23b485e6a335d297a7c70918,-0.041144754447520845
bc718d1bb857b116148a8285de07a079,-0.041158844309948775
6a1c3a644d10d7460d2240e571de6f6f,-0.041199196711847685
ad18c7a73842069dded9ba9f83509fd4,-0.041217855463174774
66a6a9cc385e0db55abdc3ad42715ab1,-0.04143119713576345
a025538e74cbc8b814eeca704c50421a,-0.041448918194429175
3a7945aadb70d44e4a7fcd71b9513f21,-0.041529966485165076
4825846de7aeda882b01807e136944d4,-0.04158211357641604
9c54d1bd6f5b09a9dad69fa74940a128,-0.04169981922667959
b6ce37bc8349e4002ed5e4baddbc299d,-0.04177128437353536
9efd8524bc95cabffa7f6f94f98b0d23,-0.04192492937577088
aee508868def7e9d042f15306a38e4fe,-0.0421049742321606
50e585f44bd373014e6f3d281fe21e14,-0.04223887680863445
39cd99da7028cab316b6df3d8cc0a3e0,-0.042313004890283355
7a0e456a6c95a8e87413581c7890e811,-0.04354711701831074
1c5f9bc46b1ad6e76c26888842a275f1,-0.043746167387603875
528a49bb2c3a96b666962f5067b6c488,-0.043803836291164584
7db74010ee666b70ed015fc31ad54aba,-0.04394269127626641
b238e93335d18a4b27411fee40dd0c87,-0.044564630307520385
5752c457eb70cdb1ee46ac594ecc68bb,-0.044795796091586515
4bef6052ace2e10e5e60d58b8dfb98f9,-0.044854405039284596
72d4be08d48e29377babbdfbddd7fbde,-0.04502509947867151
9bd32e89f013432c39b8b36ea80a38b1,-0.045028478396393325
725a7d025696522083ec45318b7c378e,-0.04516241293355689
ec85f05dfe8056516ddbdaf2eed4f02a,-0.04527658293224196
b44249971c2e8d02b106e3745305bee9,-0.04545590808359881
8ecdf08d36bd5f47e24ac4bfefae11c5,-0.04548703120156861
cfefd727820245bd3088faf0c7e2b210,-0.04551502869758334
b61a86e03dcae91f596bc63bd111ee19,-0.045667346499055676
f4efbba8c4c27ba25ae92b382fe2ad2b,-0.04595224793234819
d5f5f033aff833ca30f150ecb734aa8b,-0.04604261054783078
12c63a8fb7e7d76aa2a415e3e68aefc8,-0.0460558297887116
f35bd84c06a39daa1f9736380ee774cc,-0.04609577632814717
40e50ce2296417beff1bb1a4e0e6985e,-0.046133091237404285
8b26e69fe01c9fedf9e386ffd42ad0aa,-0.04626343717571899
e602e3ef0929c4f9e9892f4598b77f61,-0.046310137051244746
5954946b57e721a69a36f63f79e07585,-0.04654879101486996
4181fce9294c8dbc7b2c749f75f1c105,-0.046687701540048226
9ed97296939547cc809e847ac7890122,-0.04690847972600398
ba4f417016401a199da7a193d1da8986,-0.04699266788796956
2833ee3f7c229d785b4e1c6875664d85,-0.04718735630443744
88879402d3edaed06ccfb7ac40236145,-0.04770207967737802
f3ce1bf263cf09032cf8862a23466d29,-0.047924635026221706
154cff0e482df829b06bbbba423dc4ef,-0.047986345945911016
55d7c3c02fefdff703a68368fdbd7966,-0.04882887934856995
9c7fa3c3a29eb05efde3955ed72bc8eb,-0.049128412794178934
e2261cc61b35deb620e00a29b7d9cb66,-0.049344049921854996
dc8d847b1f46fffc6bfe1ec0fa53d2c6,-0.04968062070460087
320519add3f5621ac75bdea02e009d6b,-0.049742325716445795
d5ec4a1c06e07792e6e08f883b41e773,-0.05023628423662973
126deefbc4671d7004a3a36294033abd,-0.05026907531177176
8a7b3eda046b47a886e341532c82e895,-0.05038822654536006
682db040fd81d03974638f67301148b2,-0.050392148904191546
1072fd29d68c1e0e0d056ae6ea85a50c,-0.05041451048850922
f606d9236a533dbd84ab141c251a72a2,-0.050438101926487795
cf0a3a35b3f5f2211113dd16ab2bb11f,-0.05044439241263852
f0bd56cf60ccf3d2d075f0986ae183d9,-0.050719189575447486
d0003fcac2fc24b6972231e29e885bf8,-0.05078626547331737
229aa767506bbb723e72a5d524de0e14,-0.05083015108542841
535a7cd47525b30cd2485a6f45ac2241,-0.05101776699547323
86b911c0c7c65f8d6e372c3d71a21e01,-0.05151795440653829
1da913624f4c29a7e9d42a5884668ddf,-0.05163896374584765
57dea4141af5cd771abf411c119d55e9,-0.05175900291142032
26fdc1b4f1d0354b182eb5f490f4b387,-0.051805882789948805
bd5247d061ca00ab025168628e0567b0,-0.051922638423516895
7b1c2558d2977e5ad6873e75a455f638,-0.05234826327882093
e5bcb8ebafc95d233d03b3c35bbb5c55,-0.05236699870934446
30366d043495bf3e03d2326b38efd27d,-0.05237001709792069
52a5ac00e2ff945924ee586ccbfa2d2e,-0.05245177842457402
277f64947f92fcd6f01e66ee01514c02,-0.05261012187540106
fd5078d05bdfdc28d8dc0500a598a986,-0.05268198291861086
d4846091fd8bb66928958eeca344fa40,-0.05288077033037054
3854bc4513cdd2fb539ab334c39074e4,-0.05338814148423509
f677d6a9efeafff87a7c71e3c3145071,-0.053396771846489825
2f0fe2b15733625c90f52154a3020eb2,-0.05348799233010041
3690eb84f06b616eb2c82e700ebfa0b8,-0.05358808784205221
b50a289842c3e23c4528192baec6fa80,-0.05375994218241598
d750885a8fb729068e59d6bc1a530ef8,-0.053891074746565806
f12d1454d00c86a153971da819f88a18,-0.053955983979717195
f03216fd5058c5555bd69722101b4588,-0.05425649627908931
ab05a7391132567647ba67f70872ccf1,-0.054447773222744515
1ac8157543e4e9f45d37ae0baef0a13d,-0.05448803670924468
d1d9787025b2a1b5c7e3f22e26418ed8,-0.05469940535187898
11f90966ec490b8ca7a190400695598c,-0.055000937431543696
0984229592b0dcf7f5325cb7f9ac0aa8,-0.055112522209397274
8e1cfbe6cdabc0ed96abea6d55a2c844,-0.0551148810767436
3833cc64db8c89bf99613b2813e9d426,-0.05531240037737204
d1bffdeed09b6f954a180974f32a90fc,-0.05662189034542008
990e6a27022463cdefd3f7ff6b42428f,-0.05674091736154251
e07bdd2f13e9d2c35ef13d139a862dc2,-0.05695473304216552
796b1ccc7ff11899040bf1d8daba0831,-0.05697550203563434
b0b902dacbc962794543f37c4328d33a,-0.057260864121878495
4d4fc973df39c4e60d664c2f331cad43,-0.057495742116737567
0088df9eaa07bca79e27f8e273c1b4d9,-0.05772816799512794
859559d3889984ec38fd723a7c634b02,-0.057931662671104396
3ec39f208d1c07e1d54c698d97d452f1,-0.05895700937679848
66e71fcbadf9cbacb869a18b40506152,-0.05913403254560699
2f873cdf0d3e0d3a5bf27b0971eba37f,-0.05936581754491888
f4cdf6242d1955525940cc48b0c30a5e,-0.05950247222629199
bf620df207bc7d24e1e9bbd3f1021a37,-0.05972427555278901
6061b3ce0b7f5f865ea5949b4c9bcffd,-0.059855729140429574
21371aa080a537c881a245390695b22d,-0.06036670958242959
f87d9cef71b2feaea0e060f87cba5a79,-0.06044965253723375
7b1b8ee531960d93fe779e6f99f9c06e,-0.06079613875388592
863c87de46c22e949463dd6ba6b4f7c9,-0.06141400030690632
a97b639502775a389298b6299ac65d76,-0.06153364915657731
17f0006e275ea7d930f014555ab0e8a7,-0.062097566531772015
e96b31952957b66f03a2fe0aedfd8885,-0.06215471702189915
43084a0deaab940bac2aed77ea089af2,-0.06223826829169926
2fbc912501875133dae565a714e3a5b6,-0.06225650734377631
040fea50e994574459a4a3073629bf78,-0.06231431848941996
734cabb9bbc78402a3374c06556d9da9,-0.0625083661953035
25a31d4db7353d73ecc855d5b4a720d8,-0.06314753678772878
37cf52feeda15c64e0d68a9dfd02a8dd,-0.06453393128564688
e7fb84e96128b1d288b0b9f551abbd21,-0.06465874857687712
951c3a74446b173a7913c84d5a654216,-0.06466638839034583
8ff97d7a01a67f05521615edd7009905,-0.06525338812164935
c3110f8098924faabb12ea2dbfe2b893,-0.06596498138527081
9fb1e0f70e3dd0697a031fc61b00d323,-0.06598388808612027
f70809d943424c7336c2d6966db4909c,-0.0663547916731739
c0f9d2a858c6b85dec9f4a79b3c76b96,-0.06675022448061235
0df4bcbd0215cf2905d6a56c62162006,-0.06730640123492838
6f11bbc1de6063d89e9a32da413b39fd,-0.0685137331340024
19cb0028ee002f9839ab9b4f2fe5cd66,-0.06853227850327075
e0eedacd6a31010e996f08e04da462d8,-0.06887398815942332
1d085562f96bb866168100d2d06f507b,-0.0692594001742262
49459dc060ce9049d529917e5103dd3d,-0.06996805735243747
5ce059c562580f2a650ef68c27193041,-0.07007447363251716
d50f999a402d5aef8d4f8985782659f7,-0.07009985619021729
4ff17e5d8a54f820e4806522f3f8c5fa,-0.07037763640751503
df64e4bcd8cb8ea9e9847fad581780b7,-0.07060169345835603
1afde3fadf3d11a78092a1d2d19d5d97,-0.07161962931226816
5a8e5ebfa675b0dd00924ce59d36b8b0,-0.07202468435279936
f78184aea81dacdaeea32194839c2bb5,-0.07203906249692467
b1d9bc4608c995ec36ae02e002f8c454,-0.07231084506324251
4f70d3980f9b6268579d7effa29124c3,-0.07270285249961242
e4a95647150808c4d8fa344013236bf9,-0.07273992827183363
5f1fd906c948d708184e9c76616d8e9a,-0.0728339391481849
ff78dfdd58387896c4797ed4041d6fc3,-0.07309974419894165
ca2d45ba64828437a9619221dd8eaaaf,-0.07366575520264304
05a3c57886f6cf9943ab1e9c030a3bbc,-0.0739521433387576
8b61bffa51cd73cb928fb555509c121a,-0.07415075666979762
2ec5f6349fdc0fbbd482e5cfe81929fb,-0.07440538479338052
d4268a777a9fa5ea64e07ec15a49e86d,-0.07483904533972122
d0d80c3c82d345c03d3f894a1dcc35a9,-0.07518247146967394
e17e9db652816fa7977d89f8ac8cd9aa,-0.07646100599152436
420924e490c471e3023efb73aff4f0cc,-0.0765253346176282
2b5b414e5f719259e08fcd2dcb846520,-0.07759154577898775
5b9506d96c1716c0c213672ec4154b84,-0.07923295098733839
0917059e182ab2eae7859c8f92184a1b,-0.07946332288072601
83b7e02fe7890d106b04e0850cb98ad3,-0.07948329383982447
cebb11a14c996384d6fe4c6518d78696,-0.07954575238171
85fee8d53b709482f4ca4e9c3bb99822,-0.07975721146382074
0c56f597181e06159060d994df3641b0,-0.07979634340900545
0c3418c10c57eaccc10a54b8e471e49b,-0.07981380939479477
96bf5de4720937ed8195c21b1311a747,-0.08149452969726316
1f6abac97345f86055bb69c4bf88d37b,-0.0851307968122476
b5c55c43f1915c7775e95efc6cda8460,-0.08697344317542526
f87dcb5c8a9e7b63bc0e592158c9a192,-0.08885449877430075
43ba89eb9bd003fee537b2f2ccc3a1c3,-0.08887019084032388
bb7c2e50bb2e3dfdc7e907c1060ec8fb,-0.09635848817409451
3a3d0233543bb4a5d8c5d8660909532a,-0.09719691465462209
57b227978aef93eae09f2909dfa7838e,-0.09767534261268022
a42f990ea665685cce589fae973ceeae,-0.09813195947790504
8e5e4fb2734d398abe3e680c8c0eb210,-0.09886511008585316
e021a70a4ce31e128e0f601aa2e9774a,-0.10463239182682063
bcf0c61108bee6c97bb83a0f8505a456,-0.10577127242110725
6e867c93ad4876cfc161ba726b1d42f8,-0.11020052468361395
8e9ca1ccf3f5b0e34182808b00802ce3,-0.1166470132724904
