0731f7eb0511f9c0443bb32686476b79,0.12388474759690847
5bb4f2f67d7d65f82c46985c5e2cf8a7,0.12264916990068761
f8549a93f5a9a41e4a646e86f82b1e24,0.1193391148971314
994aab990497c9fc59b38af6538fd50a,0.10378639502847947
2f0fe2b15733625c90f52154a3020eb2,0.09709166001312416
d541f8c0649dc8b02234b50a51d76d64,0.09543913802604276
11e564a7d8b53452b6b5b51a96dce80f,0.0953683574018601
14fcbebffecc9d9ec50e00b10c76c1bc,0.09097666441169354
fb751d029ad7031e8fcf3bde5cd65d04,0.09079044828325539
f04e043fa09e537b6af27dd5c21637b7,0.08966247296176237
aeb17e417b8076ce7412be4584ba8eb5,0.08823133642695823
b1bcfc591897a9dbd2aef5bff145e323,0.08609917056212345
66e71fcbadf9cbacb869a18b40506152,0.08416907079500076
fbf0937ecac5a5376b0a39d0a13a4b0d,0.08410994147678622
5a3f8f8c8556408900b78c42b91093a7,0.08389661492590747
aa570966a2a1da765a4f593804cb8d77,0.08344642504753404
956cc1de6071c9dcea31d20920f46a61,0.08324382157302339
4ff17e5d8a54f820e4806522f3f8c5fa,0.08258227328770071
5f7e9cd09bac4c9d75f82d68bdb65137,0.08186193312234828
86a59d69b37252e1219172ca6549b040,0.07977882308046279
80a06bab8bcb19bae240fb918e3f03e3,0.0795973676751281
08aadad84c527b953b4de1e513aeaf8f,0.0794555335025302
2cfa7365d05cdd481908bcbd128d9a7f,0.0773947100759547
a2cfe52e238bcd9aae66e49062312d0b,0.07676866721613398
9a38cd9373dd52f9d51de59b32a02163,0.07636149131119559
0d93184dc6adc31bd49443af118410dd,0.07618254167522134
ffef16471292d32e64f5dea174fc2a93,0.07525059936442274
d1d9787025b2a1b5c7e3f22e26418ed8,0.07404256283192687
a025538e74cbc8b814eeca704c50421a,0.07076581716042264
b1ea4fc1cdbc1c58aefde0b725414c57,0.07036532759342733
f6bab51d0d108fd90f06e7a0ebe04cf0,0.07022660784023377
5cc3a74316dbff873507cd8c53c1974e,0.0701381736781574
f99469d3dc0821ebdc509a1675b4154b,0.06913856659304543
38a8f4f5789043fffa08f1cbda98007a,0.06891413128177837
ad0a0271bb08c9cd43d5f21453c21ad9,0.06794835599988831
cb55da4f828a3606108e7af217947245,0.0676697070725526
527d4d56052dd1486c36a9402f462702,0.06746520664225303
52626755d88942c67afb7ae0ee70c96a,0.06738882436635578
8f20fe15dbe0f4556ef1681aa13307f9,0.06716395283969287
1da913624f4c29a7e9d42a5884668ddf,0.06695914558263552
b5a2973497b4115d4c7c0e2c96384337,0.06687931684919428
8b61bffa51cd73cb928fb555509c121a,0.06612011069818653
a08adde7c0a42ebdc396e5b0bc9942e8,0.0654693465760499
00d477c72ee2a352857c540350c6abc2,0.06512385255809684
eff18730e34b6ebf2a3b14c1ec011d39,0.06489875094562816
b5ffd4baed52d0a0dd6ea171a90fede9,0.06472033075059173
369656f87b704a04d20f25c5e715bd9d,0.06426287571652935
fca6356099ca8442b1c694047bcf620b,0.06403732633668267
8fc5a7bb96d4039e65356d497e0cb355,0.06403304106222822
aa0a2c798d1d7d857004df2e584cc285,0.06399985044520709
673f120752c1e75a36f65364b1e53cbb,0.06373406987245908
9336d4024ff808eb78aeea727209d3bb,0.0631584221029826
64337b4c455396aa8fc6c0838b4f50e7,0.062256851557605505
7ce44f270fa9b2fd42d4d45a4931428e,0.06216926884177323
dfabe3be1e30211f8b41781ac766074f,0.06174747855128501
8ddfbd106b37bf9ed1bb08618694f0a9,0.0616324663049159
7b0aaf632f226cd9c39bd85d5368bef9,0.06142851575008112
beda512d919127d7e95ec5bd9ddd1dfa,0.060507797986318314
7384682cad4c7130ac66acb168bf0caa,0.060180720065010955
b0b902dacbc962794543f37c4328d33a,0.060178405903099835
664771c2362ebff99ea1ab285d81b7ce,0.0601100201827905
e021a70a4ce31e128e0f601aa2e9774a,0.05999860172772583
f78184aea81dacdaeea32194839c2bb5,0.05999056012209432
61cb6ba47f823bc3378c16ca8c898151,0.05970327758418061
677e223d1296448f73992ef7fcc17c09,0.059301851677927335
6fe12199aea2c8954946b4f24d25727a,0.059176025651889466
e5de3c63d27575c55b2e9b85823a4c14,0.059103393398358135
3bfba2947bbc4e82d0280b836c42919e,0.058933278079047365
472ff9d65b1266deedbec877f2e6d55b,0.058869953049996294
42f08587be6ebbfb7521ab108f741d97,0.0585090336581677
39dc3b3f65311afd334f9e3c096acde9,0.05841791091917442
263034ff38b758e30e7738df7400c00a,0.058357010073049255
7e01f2566cceef2e60e9ce81bdb69f23,0.05830443515046452
6ee51f343139790ca51557740abec503,0.058183262145604916
e03967f327dd94ecdeae61bf32ac5d96,0.05798269041351989
0d5d5b04a0093144840cb4074508feb3,0.05771755525206815
63e99fdb3a91d9a9122a025094a68007,0.05762674397186404
e32e12385bf0f6b4010e60c96c09bf75,0.05751565444094617
142c06cd2d68629cff1c34fa206305f3,0.05751171038262005
50a5b06d1f98280c851239aa6de501bb,0.05743378052168085
acaa07406adad33be90423374481d583,0.057369192574963666
c8451da2f600cd3ccf1afe24c90a3d1d,0.05726445677412626
88d9d2abb7682a19caea2f85b0c83952,0.05724397661797862
cbae05140d5325a3fca3f6c43dbd331d,0.05708601532319393
cf2d607527b391dc29eaf11f607cd089,0.05683188189836088
435f81cee596ebcf1fcbea06a0554f66,0.05607352050249616
441859a27994c1b2669aa843a470e388,0.056059152180389746
b7cc55122a6df331dee5fcb54ae32775,0.05588522147336022
cf0ebd13a4b0638372adf8b481509b3c,0.055795496965742666
e02e14311740afcaa8d4ed999132ea32,0.05514453049526308
651e7e6df100a6a4be0bb9170b1e1d5a,0.054863855402799616
bcd246d97283c1de80612224f6291ac0,0.05438596641026136
dc8d847b1f46fffc6bfe1ec0fa53d2c6,0.05414002228418447
0c3418c10c57eaccc10a54b8e471e49b,0.053975838992827124
0d50e5d20c102af48913ebf69729551e,0.0535584102253876
fe5d0c663ebcaf12e4053589521664c9,0.05352867323502863
0c0697ab7edcee116eb05648b19f6444,0.05301330838283592
b1dc6652a25cd080705a9214a0e06963,0.052445148621764276
4464ce88dc352b7c36a01fffd055ea44,0.05232304227853623
1dae2b7ddac2244ed621959bf1115fd1,0.051877578176193165
ac1eddd2c66ae18d0afdd1d315684c84,0.051632462225875704
c2fabf0d959e90d36538481797861f22,0.051424514165527443
cb2e80970760702cdb27081a91cf0d69,0.05119130345537455
817b7fc30f0e336e8f8f15543073a8c8,0.05101321925921974
cbbbba88943e578706dff53a2ae8ee78,0.05091933023498656
10104beb05b27c0cf904721dc719f7bd,0.05045349855792435
fef9323e680e5dc4ad13b81a75488a4b,0.050387858961867205
40e50ce2296417beff1bb1a4e0e6985e,0.05010571550682969
daff6cec49f4a066284f9a1ca6190609,0.04982419134874323
19efee14e623c38504e0d85563ffb50f,0.049759788158064734
694fbcf11f0662f763490aedd9b80660,0.04968446704430969
b5d1329292a6a39b163e2a3973102819,0.049550850169964786
4321f71e562a2e99029b673eafd657ff,0.0494461367074958
ece1df0e2a96606028c786b83ced4d8e,0.04943325596201478
c320e33440c56f22cd079403e682f98f,0.04940178505791971
aeb0c980584455b983891cbed0771e1f,0.04937877609579507
f0853bf14e74a636cfefd9eb416818b8,0.049336383068459444
f0f3c8a1c0578e80aaee3a3a50bffb53,0.04920011538594328
0a9ffc9be8f1de2c8119576e0e736a97,0.049042879216533185
ad2ee51673380cb46c0e667bb337acae,0.049028068398477974
d3383a0f90ecab330b4c3b2e95d14a38,0.04859652150980434
8e1cfbe6cdabc0ed96abea6d55a2c844,0.048559730411500066
afd7c232decddc2ce6d14d8c325c9b93,0.0481290204660643
2b5b414e5f719259e08fcd2dcb846520,0.047939867222530005
11f90966ec490b8ca7a190400695598c,0.04759168345171041
3690eb84f06b616eb2c82e700ebfa0b8,0.04752377659463918
1c5f9bc46b1ad6e76c26888842a275f1,0.04748442334024614
2f873cdf0d3e0d3a5bf27b0971eba37f,0.04735471223230177
47baceef433bec0b7cf22946c471f1b6,0.04732919400138047
97aa2a780b0ba5448aeb314ef5ec6d31,0.04702411260168378
39cd99da7028cab316b6df3d8cc0a3e0,0.04701335340872344
849df82d1d47d5cf160c15e11ba815f5,0.04695096716515026
e4e9f756e97f3b14e06fa74dfd6b4b59,0.04687357895331143
16cc2497833ec315fce020c74c525e2f,0.046722226037430356
316787dfc8d6df675d35cc4f47ce0488,0.04669557906569045
4216924559872038c47f30d241cd3e5e,0.04659706341458789
06682ca3433b5229b692986d22e160b3,0.04647658007625811
0eb607f7ee8d40551aa31a09b78a4263,0.04642411703558
d2f2618fc9ff75607dacf37dee79a6d1,0.04639518605571299
50a9c5f163ad7ea86a7dae4c85cd2174,0.04625517652464446
38bc526d4bb7413c975d589e3ea61aed,0.04624926628952905
01275fdd62797759e0257d54f1898965,0.04610638103708
ffdb76def6789a0745f6a04d006c2550,0.04598951536941976
6f6e73c6685f075ed238291f8468d6b9,0.04563950863864374
ac28d0b8b7bcdacbe13751ab8d85c1dd,0.045444130541902605
e9d85425b458d75f029e231f73c3912b,0.045358132629700475
951c3a74446b173a7913c84d5a654216,0.045356103219880525
79cf5d5bf4c2a79589c322b1d3c69f7f,0.0452823990826189
0ae6cedbecfddc3a879a5f880ff80519,0.045217709002811295
f9e5fbe8cb57581e795f8b3c51ee879c,0.04514974488754133
f92bd27973c3d7173906871c2f052dd6,0.0451017423897879
4bef6052ace2e10e5e60d58b8dfb98f9,0.045096754506894265
c3554cae927fee81b1fc673746be6916,0.04505864181819667
baac4a4a41e6cc7b07d092470951ee70,0.044873219459986596
4ad111524577bae0c0c842e67f3b536c,0.044778052195476724
076359396f91b178804cfbb999ee2d2d,0.04329213649787816
400077c13129b6af452121fec4ef1da5,0.04318074082945328
d249689b7cc8cdf5989156e6f27c028b,0.04295589116410055
31c5f5660f14b08105123e8c43485e1d,0.04255899202784539
cbf92af5273a551a490176a6cc5f67e4,0.04254012723506951
22c4c623d824a5b12dad1517ef60a8c3,0.042513874890261275
e4a95647150808c4d8fa344013236bf9,0.04238212064100615
c49b2d46782263d409a5ed69e9b6ffdb,0.04230290540204806
05533604789178932552a01ccb048651,0.04224923569640288
65910b701ca115647eabe2693365690a,0.04213629019336864
070c89dd6f188ffcecd9230f97668c0b,0.042117577159903545
ab4fe99ca91285786b20ba55b1446937,0.041974146821433286
371bf8fd89a78cd0702e9177d1fb06ca,0.04195853008076664
635a42ef55ca3126f7c8842ddca3c495,0.041660074962856244
97e1a6d69c26096301166f3132554645,0.041615021604204515
c0c17e145e17dff597da6a4397d4356f,0.0414967891626439
e0eedacd6a31010e996f08e04da462d8,0.04138895874812362
6ce3a66fd8c4416ac8c5ccdda82fbc76,0.0412202828493637
c6b151eae04ce5dadaf385b24204c9cc,0.04095977370972412
f689b5e34e9ad2907bf1ee15056356d6,0.040856015897773074
b1e49b37f56b16404dff79a08860db0b,0.04069330277665614
4cf8fea5aef9b5418a428ec5a6b44db5,0.04059348095195766
ad18c7a73842069dded9ba9f83509fd4,0.04050227192426623
8dd9ba6194b1cdf44fef8f3185c52198,0.04030899830115883
00c3e618d97aa9c42a69781d02299635,0.04025607722343533
f4cdf6242d1955525940cc48b0c30a5e,0.040186569354158055
581af94a89ebb1ecbabed66ff08d3ddd,0.039926269695843015
18b89a04b77fef5d50ca0c69414dfbcd,0.03984778823117069
c82eadf5a425d1c41af867ee91c6b644,0.03969790534859244
8e5e4fb2734d398abe3e680c8c0eb210,0.03964348223927646
9ba213b54d2d49147ec81f838acdb7f7,0.03940156110818488
6520b009069d80d2fcdf5d5f2b73d628,0.03931596482835265
32db9d93662c42aedba733c4dffbe260,0.03930587199565228
28fce591e1ff862836e2e68095f087ad,0.039295185914951715
57ecf61d0ae3d7f99908f8f9c9e5bce7,0.03875577663499353
b189e92b5f8678750a8c10d2f2250aab,0.03864300626393612
ef15528c19faee6dd5daab77e1ce2e74,0.03858004923260868
d6e183416a75d99b498618a5bb786727,0.03852930338594914
17e8d3ec49e701e0df71e3bbf1153c3b,0.038527060246866085
56f9de94e6baa815d51a89d34349a4c6,0.038498863344393064
4ba45209aedea81e1ee5cac290852b46,0.03825890340369151
88d00861690a34be09f2e08378139ca5,0.038166730716277686
9bd32e89f013432c39b8b36ea80a38b1,0.038058251634152794
5b457624ba4f2a5a1c468eb95752d91b,0.037924687758682935
63daeccbd65dc7406945da4c48ed9df1,0.03789890925647824
320750609b39ef779a80ee617ffbe4b2,0.037753650170357166
3de61640627fcc5d82daca63c891dbcc,0.03758968380746583
6a1c3a644d10d7460d2240e571de6f6f,0.037570838282763294
116d5ebe0d6728ce26b4e437801fff53,0.03698856138767195
9198045c338eae1ac4dc0731a9d36689,0.03694021477538395
43a002d09207576823da5f1dfec222ab,0.03689521282692867
c6cfbffdce4ef8d32db4399d6aaa464a,0.03683070742452897
e01f0dea8d5a587649db5d980a824a43,0.03670389482671908
9eef66a3ceb6e61e8fce4f8d1e4edd2d,0.03654187260067163
a1de5e157d0a9edead8c3cfc8ebec4a1,0.036511645612612185
b5759de11c48ed66fdd35a56274032a0,0.036169953687703496
949eccca703be4e34ea35032acbce8df,0.03613313271961646
03b1e6305293759512583526daeed56d,0.035851458689421876
24bcbfaca281697029d5506bb5c14a8d,0.03572598183170479
5ca1c8938a6bcbf98fcaf839c66f038b,0.03557244109961484
e40fb79545f8bf0e346c5688b0ee7a49,0.03553380084284501
8fea417c5e652f874b3e5211ae85ac15,0.03532304895735444
317918c2bf8aa11bc3ca19032f2af01f,0.035309380245453464
e2261cc61b35deb620e00a29b7d9cb66,0.03516937390045895
428cc8bffbc4058e33642ec19e8aa00c,0.035072826893223705
7fab9c4daf1e165a81be0975eb21c6c5,0.03505744132588934
7bf3912e2ea118180b8928ff907142bb,0.03496598718202744
12c63a8fb7e7d76aa2a415e3e68aefc8,0.03493759207126881
6d5aca49bd9a0e73b1f64e3325de1e67,0.03480471825027328
171e4dc173b57ed0d2675aa21b783393,0.03478960017964321
f1d7763a76c9a8a2761095e3cf49d7d3,0.03470054963731522
878dc0ce16b33922e33947ff5555bed5,0.03469338668397916
44a6060cc811e9be30cabfc4f0c66184,0.03461315767917217
ca2d45ba64828437a9619221dd8eaaaf,0.03445176549992208
c2b6320316bc2557eee93d84de6db73b,0.03445154581490288
bb7c2e50bb2e3dfdc7e907c1060ec8fb,0.03430127448737108
32e35c54d9b7c324fed38902234eda87,0.0341780554111642
ab05a7391132567647ba67f70872ccf1,0.03408954002204905
85ca79ae671a3ac8b28d3cb0d2be6055,0.03405086935312541
abc996aa31d57d97e412aab7c549ccd8,0.033915847994971576
725a7d025696522083ec45318b7c378e,0.033899042981227534
dc7b4d0a7eb2cc0659664a60a9d196f4,0.03378103309763743
2fbc912501875133dae565a714e3a5b6,0.03355702640191496
df44a209a28510dbdde4e0c7e8fa10ac,0.033392137206108854
739111345371971acd05661839bcfd9e,0.03335285873988685
7281787c030d5330445923b19d1c7a8d,0.03332407663421666
e5416e5a04e38d89f2b01dc8495f2d66,0.033232325567873346
f41fccdb3d069de70dfd880fc47cc501,0.0330803546238477
e73e7cfe915638bef73459a029050827,0.032998633978093855
4181fce9294c8dbc7b2c749f75f1c105,0.032892756094636814
582f286aeb22b207c3f5a24aa8fdaaa1,0.03277620250249533
530d4302f3d0034208264d536cb0f4b0,0.03277618970427814
f2d4a0d3b9c57ae804f2db5265f0b908,0.032598003640100306
8b8f5833ae5c896cbcfe38475b184135,0.032478831522417914
ab99ee5df5064bccff6962e597990c9d,0.0324612392174568
41661af3cf13e70919ea66f34b1fc693,0.03241919975822121
f677d6a9efeafff87a7c71e3c3145071,0.03235062879128918
420924e490c471e3023efb73aff4f0cc,0.031923878591969074
8d23a1fd23f5994f42b6aff21949a6d6,0.03188734820864155
41b692c0ca0b318ba5cd542fbb631abe,0.03165621302401083
e17e9db652816fa7977d89f8ac8cd9aa,0.0313875246054771
e1df816325d129b235eaddda3964c52e,0.03130758060191139
201c650fa1c33b861e5adee53ae37d6e,0.03083700438698747
0b16e8be4633f014eca2aabf949ad5e9,0.030711561929978547
088c0a1ed8d1a0734e90b3da6b9c504b,0.030641642693232916
5abbcd3037757599da06941bdc1cece4,0.03050372434631118
a0c0f6cde5b381a7420339ae5920f78c,0.030458341878659735
10bf7d4cda68c31fce4f4dc22dbc5771,0.030411811490665075
528a49bb2c3a96b666962f5067b6c488,0.030256955290496865
dc16f580a2a20b676485e90d9edbbbd9,0.030129466364145267
bfd0927961b92b7b54fc60a965e8c2c0,0.030115985622339605
e5d24224ba4afb68d59eb66f283bd8da,0.029868726458284634
67bbda281f031d72aeb437e5fa0e26d0,0.02983996276149865
ed7d47f79f47dc6d56194f4b24acf14c,0.029776215476946536
7e3e9a4b84686abaaef8ccb863a7351d,0.029743045384181165
d53a28041348e0d3595f3e5bf9dcabf0,0.029568002004498484
2d54fa3e6377c20672871627127d21ce,0.02953143920482196
d19a46be48b9e601eff161f3b8ee9048,0.029531076155055597
ac05bc5bf95f0e67d62f21a635914faa,0.029487339301576466
aca8212c6a5b187e6d5162b12815af65,0.029424349274405667
10d088349d9596559807fceca519306d,0.02922856017611216
b99ed6da3412877f6f288d1d8cd3add8,0.0291716439538438
f12d1454d00c86a153971da819f88a18,0.028951221042644165
42a3722eee3fd4b24bc2e893349d7aed,0.02891023259330034
5fc5768e12d00be9e2fc63c1b641f3a0,0.028867232814459413
52c44cbda25815ffd9b135fc55ac08e6,0.02886221745547008
8091021df4298d52bb2835cdb894b3f1,0.028833593722279005
66f4354f653573a47764f3c6155f2bd8,0.028587796033109302
e13fca8ac3e20c666b8bcdfc2065879a,0.028522977943526477
e6cf76a079b13d7fb8d3a12385920bc0,0.02841073984598336
06a729018eab116b08e5acd9356f3b40,0.028349137856326565
be00a7674f9e7c55ea924adf8c93b29b,0.028284759311879615
b505bd1e47523701b8726402fd91143b,0.028214252802595773
954962ba5bbf4fa162f7635ad1295740,0.028183644895575524
cebb11a14c996384d6fe4c6518d78696,0.028181964766799857
ae89eaa22849f85c0f20c2f8f937ad51,0.02807829697068386
f34b3418c8c75a41f9fd0097adccc5f5,0.02761969404839536
dd4c44c1d42dc24b41e546048df40a6a,0.027569633885127436
480d1b697f3a1e2c7198526e5067cdba,0.02755497011426903
eb173922599efce9efab277ac6004e12,0.027401241918472402
c87fffc25d9ef5a205aa70078f47f700,0.027380530669960428
bdd9bbcf5a1841205fef09f8ae97afa1,0.027342633949276815
ec85f05dfe8056516ddbdaf2eed4f02a,0.027336001542722567
103218a26a304faa59641a3187094f78,0.027245184412056846
8a07aca7b53c60007a49c8258524365c,0.027043494191980412
1df1d52282ee60438b2bb060d77eafaf,0.02701821930212367
e5801a90955ef13f2047a85534f5d152,0.026998983718753776
023b7c6600ae0c842db6277892ae588d,0.02694340594561486
bcf0c61108bee6c97bb83a0f8505a456,0.026702624761254803
859559d3889984ec38fd723a7c634b02,0.026672963326934477
73d3e6f87b697c8cbe5a11ea3fd949f9,0.02654718766632474
7b1c2558d2977e5ad6873e75a455f638,0.026431407866409136
6d9c521edaa6cada1c00dd383fdc9f12,0.02642549633218565
84f0f190153499d7db9a161ebc88e7af,0.026416322709320424
43084a0deaab940bac2aed77ea089af2,0.026323849924449284
144e7da04fba1d0a87851a4dd8f8fdee,0.026286943934678432
56b05ba3089f4a49bfce4a590dca8467,0.02624269693324739
8aa95d373cc7f4f25c9510ba30855d6c,0.026184184150534414
57dea4141af5cd771abf411c119d55e9,0.02611163022916292
c098450ffadbb6251d808647f8391adf,0.02596954760182581
4c424d794a6ccd73065f71d2b9fba6c3,0.025964697402158867
50187be4848a0b25c55286fd4bf74a17,0.02583319050475759
a980fce596ac8eaeacd5f683c8f1c93a,0.025622754161940244
aee508868def7e9d042f15306a38e4fe,0.025360184235442493
734cabb9bbc78402a3374c06556d9da9,0.02527642286409967
14e8d40b8def0d051b1337f90a453998,0.025231308522171095
624bed7fb4ac2e20109792b933fe6763,0.0251913565489637
1f193894fe2b0adf197fc18d52d738bc,0.024893966086812377
236b454df963ed4feb152bb8a18bae92,0.024757846686287846
81226a20efbbe783cf59d5ffa8477b6f,0.024738593122592994
a859b446714e5a52c347c87bd081b9bd,0.024710385410322718
53194a5b0b8ce68eda66cab99fd6c83d,0.024704097943824634
85fee8d53b709482f4ca4e9c3bb99822,0.024543125084412778
ad954d3a251af34fc4cfc1fe73e49563,0.02453968059564722
2f8edb18b75c2d9f90ed60eb64eef460,0.024496002211113855
363e2bf423bb843b50471aa40be7277e,0.0244808585062667
2d1ede7454a360239f2e67ede63563d5,0.024452432836115062
46cbdc46beb32c5fb9260ff5f21a722b,0.02445156401708651
d138686208f15573d46a368286e4cc0e,0.024243415181266145
2ca90358a5155a1ac378d6577c5a2327,0.02423911782196447
1a505b5eb855dabdd31e8b475f9f726c,0.024217965230837142
0b05484fdd9452f1f6fb0445bda512f0,0.024153183555250382
f73196d6db33aaa9febbe05a0e104a6e,0.02397480929132873
d5a9a97371c8deff568f60f2354dbf56,0.023622780251680492
312e17401efb6aaaba551d12146de8d3,0.023408850263435567
eda3f9727d763c51872c9f76521ff270,0.02336679096455642
635f9b62dc86e14b4b69ec0d28e0a2eb,0.023314343215648414
460da16f10049ada31abf808cea7f18c,0.02322740245799725
71e87e8af2d4b4da45d7a37d8cfd0490,0.023117240501760054
3833cc64db8c89bf99613b2813e9d426,0.023001677272701127
93df9c9730f6eedef8b6d7c9db71577f,0.022739358256649748
f2ecaea3397ec648afdb48b9d4095067,0.022586566184781234
2dd0ca39e6fc1079dc447b3ee9f1f9fd,0.02242523623866778
e69aefbe6167fa4bab0e88e4e479657f,0.02220919485299351
46d44d5a3aa0cc0af0995a8a499380be,0.02215945987389135
b5c55c43f1915c7775e95efc6cda8460,0.02206322298085136
f0ed1da3c948f433b06c2e65b2b1b9e0,0.0220277057139323
679a27ab185decd40d7521197f887bbf,0.02201425106398065
267d103f24a7106f6907113a44209a91,0.021996046403593924
ac19b47007a7003df123d469e11a36f6,0.02197956952692283
fab9e17c9f9703cb556d36d09a421a0a,0.02188395039669182
1efdbc9d938dfd23e8b3152bb1565eeb,0.02180594937492806
a7ce2609477686b88a28e43cc58d8311,0.021756443945147592
290f5f4f4875323d9791935dc18b192c,0.021604718964856818
74f1645bd9acd90e037100556c6bb01f,0.021594017471346604
535a7cd47525b30cd2485a6f45ac2241,0.02136428057171804
2651b4213bc3989d9f2b3554aafe7d0a,0.021360619006491794
8bf168422ff38f727fe4cef9037d1690,0.021305407208181023
92e61a13d80333d06eefe8ce72acb1d8,0.021202919215340805
37387015e933c41210aca9a3a2d19897,0.021194508731061053
997efc437e2da8c0529137a20153179c,0.02119359366986906
3854bc4513cdd2fb539ab334c39074e4,0.021161537741810166
b21c738819c03903de63a454f9e98660,0.020857963932857704
4832da3783b4f39e456244f36bd931ba,0.020775054483337826
aa87c38fd981ade59311ae928477bbe1,0.020670994387951506
257c0ef99a36abbcfdb749de5e6c668f,0.020669912571915104
7a8e889fdd9d9ea0330a06db90799c52,0.020660724580148736
a9d9a8b9ffff242a1f9088dc2602dd2d,0.02065415915015354
48ca14c9b55def1702dbc79176dfcaa1,0.020529297143865387
2eeabb9878d1c2b969767df7e6ab90ce,0.020436416245198402
d01df8f0f4ca4f61f042b694920558d5,0.020358646633823224
c9ada848b9503985cba2fbd15bcabf93,0.019932679999907398
9fb1e0f70e3dd0697a031fc61b00d323,0.01982017096302465
d7a1eaaecabb1b754c6fb90677ce1333,0.0198114563491388
1c6b243a637b35e6b467da17e1de3343,0.01972812722377885
9a579bd4a10b95d2f135e0228b7433ec,0.019695537142693512
267e5f1e70e7c8bcf3a858bc8775bc09,0.01967569948467981
fc6e2c3d530150c20032627b6d55b8c0,0.019671648085326062
a12d67b5444a356bebdd247ac0b5f83f,0.019570941791666754
1d7d0e45601c8c2ce2ac7f17692013a6,0.01949157003949643
064370a3b54d41a9fab42ed708fb1ef4,0.019355519428409712
9c1b06b79a56e37eab862d7e7a27c868,0.019326236502498376
fa35b40357b4962c163502649e149ddc,0.01918874686854323
39754f197a433d7729bda6c10113f6af,0.019186670359490562
3aa14e6bd4dce01f12c7356e43e4eef2,0.019161348668390154
c2653e1e7ec1bc38d2c9b0b38b03bb27,0.01901796822132834
2cb1fbc329d2adce0972b159a80dd101,0.018985810198077338
c7523728b5be89162ffc96b1fe7d7d83,0.018943462579053792
aa066b2dd44c786389ba510f11ca796e,0.018942069300723324
d6cb27c7664e90d49ddb8cd718d1b4d8,0.018874092094424477
4ae44fdf2a8a3e306eb8acaccfe28513,0.01887010037408211
d1816e795b7d6f4763365264921a63af,0.018830453883082254
5752c457eb70cdb1ee46ac594ecc68bb,0.018751262261228967
84fe109254aaa696a10eee40c198cbe9,0.018738067040366048
ba9e145a7cce87eb9de76acf589a6e58,0.01859585155597405
79c1228a897c5ff25a114d7d39fccd15,0.018422367162253768
6061b3ce0b7f5f865ea5949b4c9bcffd,0.01837551661684862
57e8ae1e1c63626b58778aae72691729,0.018373271770671405
17cda1bfb1e31d388cc3de85502001cc,0.018258579024570645
7c37178eb2061952cd4947903c100f91,0.018165589443347337
9a8ee9077634909c3f2a7aba809a219a,0.017996208633787123
601bbd97bb10ec4629695d7fd37c7629,0.01797141251645383
27fc5f2cc98b5f86511b176000e68289,0.017876803960804072
8f3e1233dc1853daa0dd60f1c88e0c83,0.017607189021920225
1824870330b4969520ba810133212ebb,0.0175138401712354
d1bffdeed09b6f954a180974f32a90fc,0.017512195343522215
00e57fcf232f1e7279d7cc2c87fda27d,0.0174909757679761
7de20b27a452647f99424e2a5b0c2d1e,0.017389448112927794
471394599b9c4454d80799da247d61a6,0.01734777532477016
698dbf715fc701f768c6db52228092a3,0.017342524482114804
55d7c3c02fefdff703a68368fdbd7966,0.01728174518882746
9b7f6d35861e133951fd7c21df526dbf,0.017262962603230847
5987714af68eadbd1056645b5a9f871c,0.017210880301347965
7dec6f18c325ab19721b76f3752a79b4,0.01718884609755036
fe489f228fab2e4aa07ec00970b35cf4,0.017120524271809875
7db74010ee666b70ed015fc31ad54aba,0.01704784179943788
b6ce37bc8349e4002ed5e4baddbc299d,0.016916451293826032
b02b460be46594ee38f70cb5719d4736,0.016904536273899148
df3704c582719486381beae320878647,0.016760710509130246
9c7fa3c3a29eb05efde3955ed72bc8eb,0.016722248409153866
c7c6847504dafc8ed1bb1c661608cea6,0.016715037356275792
99022a8e0af7edf7c0934952b0523f79,0.01662241429800483
96bf5de4720937ed8195c21b1311a747,0.016616297211573778
d0d80c3c82d345c03d3f894a1dcc35a9,0.0165919538090372
b1d9bc4608c995ec36ae02e002f8c454,0.016583541775150864
ee532371216104c51ef7b28048b8e28f,0.016519337823919043
7f42f38d34cbc6c19c8e983ea7865788,0.016415024318861673
f018e053a7c5cd233f2103ada9b1ed11,0.01612607357966246
3679bcc974d8fbd902c3298ce110ac69,0.016042024043372717
080eeae255df4686e2654d9101f3abd7,0.015953480160283518
b70e9226028abf865d43ec732e2092e7,0.015857275288677256
fd935e6d306e7b75349e4838a74018cf,0.01576009637292892
e98f52c8cedc3636ad000c8c44e5f5f6,0.015746886413177258
7948fdcd039fa1ddc7027295d737cc1c,0.01562750303173739
e9abc8841c9a796172cd297e5395df62,0.015611675791253315
5a7397db7830ad460c93c03d7cdcbde4,0.015464254410705392
d845575a8a24313517673e762e125cf0,0.015442126145553396
4790c8293421e5ee63b8f291db48eadc,0.01534539105469149
353d38c0cfc0f218e8c868f6745b8660,0.015122195165011182
30366d043495bf3e03d2326b38efd27d,0.015091552184001933
be6bf456136eafdb7cc7509ae6f1ac63,0.015061057929284638
23c7c29ac6810aaca6ebd0e794ee464d,0.01498220176826599
320519add3f5621ac75bdea02e009d6b,0.014855435000086778
3fab43078b22d332f04af6e0c939f8ba,0.014683296751905533
8a8d876e247e4769e34222f4293a2cd5,0.014552732435331157
8b26e69fe01c9fedf9e386ffd42ad0aa,0.0144768732243799
6a6ef96314f90d434e4d1ae3d4b69719,0.014436905889577262
b8bb44cc3227d729949c2ede6936cae3,0.014349882948666196
60701f81b388adaa2b0fe7bef3acfcbf,0.014170411451140315
f281769d7c2865546d72b7c2a319a603,0.014165413415723178
085700678ef51353c4b2197cda2b605d,0.014159129690608679
cfefd727820245bd3088faf0c7e2b210,0.013954639802347159
90f63d1489d23090b29eaef6c2b75771,0.013422437064588242
f629b07b53cb9a081f85cf454e40641e,0.013393990962732917
fd5078d05bdfdc28d8dc0500a598a986,0.012942107855512594
f87d9cef71b2feaea0e060f87cba5a79,0.012893585185146873
e5e58e876117649f80aa6a0e0524f0bc,0.012817395326587702
b238e93335d18a4b27411fee40dd0c87,0.012801238907031219
08b190cd00e945e8d59cd2cacfa74203,0.012715437707030606
f7e5db59d1d9317c67a1420e00d3bcb4,0.012618743490517026
477134c21581fcce8fa07a63a679b4c4,0.012544632076647586
ece64f1dc51f61dfed450159505da85b,0.012355654746452886
1760ba1f4826fdd9c34a51ef7bfb1a2b,0.012295623160090328
1fa02091c12d3a58d31923333ae2ddc7,0.01217229561194259
5a080f65e1dbfc7b5427568bb220edb3,0.012133481274963142
154cff0e482df829b06bbbba423dc4ef,0.012004733288976176
e0a383a249cf8e3d71d8f164c95460e9,0.011978491381169541
8a58c9a11937b81934b7070af2d8bdcb,0.011930493891445427
87ca293559339b8aba3d0f0b93cd1c10,0.011912042799135505
f4efbba8c4c27ba25ae92b382fe2ad2b,0.011745903107322406
929041d869d3837dfc9dca9806e71938,0.011723972558904942
f37736cfd2d434346f446b85cec0cbae,0.011558826771625078
229aa767506bbb723e72a5d524de0e14,0.011523312454788779
3c5240bc0610a6ed8411591594c3ea67,0.011419159170553226
11925330afc981f811eb2ed869e01965,0.011396437475403434
91a59f8533709ac07a7d16859879cb7f,0.011294533974345964
ecc28d19655c68ba9645e627115a1f34,0.011065061110099767
91e61e21df848ce71833ce17fbaeb364,0.011038323081291615
98072bc099489e6e57d365e72ad8f444,0.010933105954387479
42850ad86cd3495fb024ac7aeecfbc74,0.010805468496335393
00bad698838286be7a737afeb28d7601,0.010706947218467927
19071359a402b9b51779d559498d34f6,0.010686212399792843
36d5a7b70c37408bb2468e4361706051,0.010501275009326093
f10bfc9846430812cf7380d8f1f27576,0.01049939435565672
4f375a01c9f39b3f2ad416a12b8ec577,0.010348252825118856
5c33edb9acaec7c44d135e20968cf834,0.01029244781270272
69cb2d8047f178daa983ebd940b28f8a,0.010201329920985667
415b1204dfd4e9edfe28fcf68d6e0029,0.01018437712723625
bd5236fb011b527cc9a16b35d9c2728c,0.010163157125748718
10733fdb80cc164315b5c357bc71038b,0.01014594053427297
f203a0634e45ced067dd89ea5b669656,0.009594640391079663
3451b21369bd777d17051194b8503b83,0.009580983321541559
15537619fd8d432345ba2317c9f5ec61,0.00941664714072466
881f5014d9b1fab5882fa5f0771d1700,0.009295548485160064
36f03e4a59486a747073cc9e40af7c3f,0.009233276992911025
a8902fe384572bcab1fcdd844f8adcc0,0.009179059686033228
c290bed651388777c263caf39f8749c0,0.009047129441003077
9efd8524bc95cabffa7f6f94f98b0d23,0.009020343806714026
1528c0315db78f1213892da6f8edf1cc,0.00879622450309467
33ee3862152758a87884cc18467f20b3,0.008665169968994128
9cfb0e79f2f860f0c6d0f7eb73573502,0.008640923872861037
12285fd870bf49bc01565678b790a8e1,0.008554381999713725
2594d4c99ff7cdcf21836e888bf9b85c,0.008300049026665545
2936f4b8ddecb50ef9d452423d925664,0.007909851550253144
e9f4e4867908a63f32af9022c9016bc2,0.00789954464855438
8b67e2df1a5dd04f3166fa0c076c3e35,0.007772781248578957
dde914b470de75a5f84ef8903e1db9e8,0.007771427484330752
614ca04eb0cfb532da75e19f226ddc30,0.0076021352757049635
40d1c3b3e0386917a203ef22502af1ae,0.007559188599064292
d0603508c0f5b8ef3823efab6e02dddf,0.007455996481556144
3a3d0233543bb4a5d8c5d8660909532a,0.007413022683146377
c0f9d2a858c6b85dec9f4a79b3c76b96,0.007259733801123253
fcb3401cf19d5178ea8629d2e80db0b6,0.007241212583408422
b50a289842c3e23c4528192baec6fa80,0.007154401866084554
168cee43409a46c358fe903207a88892,0.0070170411682172005
fd51a66138209be5928e9eb7d84c93e7,0.007006014321882755
8cb4ee677f9218834d31a171d863eada,0.006945369365741662
2833ee3f7c229d785b4e1c6875664d85,0.006847211921878995
acef2cace17f5f8910b2279894d8aa3c,0.006802763639332902
ba018bfdb5c7db197fea13425d099dec,0.006743869860281372
e76e9835005158b53dac4ae3af6a441a,0.006684105921608965
1159446b320ad03aa16ec2661103d9eb,0.00662205539435333
a082cd2994174527be026aa56003952b,0.006543940099971643
90107f09080b822e544e5cbdec68001e,0.006446024942067451
974bfec08caa0d694aed2f4266758a56,0.006348557488383932
e96b31952957b66f03a2fe0aedfd8885,0.006234715169329297
e80bc79d98c094665d3f60a175702935,0.0061376683388615185
48df621bf15bc1780f3aaf355ead0ec1,0.006031845532774171
cbe76422a888df2651d3f22796ace513,0.006029583851482684
0d213782def4a7b3a21534cf5ab367c4,0.005980088680482838
08a63a7eb2864f65d493b3e67e9d771d,0.005961165794683444
790b454498fbb88e11eec7c461ea80ac,0.00593645722106315
f88b942e69b15959414c70f8e817dab8,0.005852150902142994
4745cd7a04a827788c51d2b5e9fdbfeb,0.005796112691101984
9512ba747dae58afe9aebab0510ba1d0,0.005793973786733956
05a3c57886f6cf9943ab1e9c030a3bbc,0.005730694923242236
ecdfaf9d04160f44deb3fb241c3c595f,0.00556906085439623
6f11bbc1de6063d89e9a32da413b39fd,0.005498417098406721
21371aa080a537c881a245390695b22d,0.005229869954993643
4d4fc973df39c4e60d664c2f331cad43,0.005157686970637644
e6ab35c480eebc43122a2114ca21539f,0.005119219678288679
80c79cb803f6fc06f3bc4c3417d12cbd,0.004935946520013158
5bf04af9d64a09ecd8e6c6de26a211ac,0.004886844359188465
0df4bcbd0215cf2905d6a56c62162006,0.004878413695933321
56216b6bffdcce1bdc123af44617dc43,0.0048194299838676055
fd2e01268ae0767e91ae858a7fb66984,0.004755541432019831
4b42e43dd6c16be21dd10fc91c159e13,0.004637086902955327
3460737649d9337b6d16736010e0944e,0.00459338208554308
f15553da38ac73afb4adaa6dd5dd098e,0.004413382564196145
dd7f5b773d0b44d5a98cf3bef59afd39,0.004399460687328402
4ba1a51c50920164a55e9467c88c0af6,0.004365015364843114
1f88b91a667257b52cbc8e13d7d68d17,0.004332141154586418
63558e48381975dee0dfd74563a81ce8,0.004328322321176159
062456781d8cf476236e9b0d443390fa,0.004203348369598091
28247a594191bd9a2055fec320b08c2d,0.0038491488404037103
b1021a3a6e227a85e9ad836e86c0476c,0.0037895400637874797
3704c8eb7f304be9e51463c9b40038fc,0.003782831527980388
66a6a9cc385e0db55abdc3ad42715ab1,0.0037558356306483477
1d085562f96bb866168100d2d06f507b,0.0037453358648774308
824ec86b019208987e14dc4d6ea7fcfd,0.0036027420526501953
a31c17f4c0776ab1ea366766cd2ef846,0.003580711217046278
fb6817030178b550f538a1e1c8699f16,0.003460157809917916
8c722f416c6c1308a398a080a1331764,0.0034019725610438846
ceb9cf9072959d07948e0ac17e12095f,0.003361141788165779
8c5a707bf1c058a2271b7e1db7ad32e7,0.0032259370405861186
e11baf6c8160d069aa903ff802d52d50,0.0032102195304060544
d1c9846d532b211427be33779a47d58c,0.0030947226155975667
ac73bb13f8722c8bb6a1fbf9f067b206,0.0030663895313297307
ec546b42baac4b506072c90f7c135201,0.0030552248959269212
684dc5ea06076953582af1ddc2f1536a,0.0029815998832431532
d682e44be99177bd4074b1243424a410,0.0029366921175277027
3cbaf7d9aebc8fdc7073c3010b61d4b1,0.0029288108022016853
75f7edc6df7b51f7ef8a43f24a1edd2a,0.0028288370773754913
7cdd07ac3d554b00ad55d9556d04dece,0.0027109931614661786
3cb8fc9316ec8b79d1e47035f9786fba,0.002422489595105686
97d53627c91ecfed1430feafb0d27b45,0.0021977003639078387
b0735b943e1d77830d902820368b6bad,0.0021754385601637075
6858f9af794548d5375b7283e96bb5f7,0.0021242324674823378
08bb9eb70ce9b02e600ed725a95686e0,0.0021148944856277654
49bff0edec7011534be1a7d14cc32caf,0.002020732887590867
dc9da787413fa8b054e6396ad1b0f65d,0.0019696444552104566
9154257e38f3ace4e103b417878501a3,0.0019044771353677653
4b6bfb1fb11c280086d1eb3dbd45413b,0.0018689244565133036
a1d86dea0ed3b8969d1a24649b26421e,0.0018411397748322783
83b7e02fe7890d106b04e0850cb98ad3,0.0017555817219464544
1569d401c39d2371e436334b6f1bebe3,0.0017264472678226372
93d8cb25d9ef57a404b6303fe8f9a9a7,0.0017097419956375337
0add17f7b08e895a80a8a761786a0f7d,0.0016896339031788282
faefcb352bee68ebf4a255f7339c0e6a,0.0015871228523115775
f31a143fbf83a14a420834e8a3032535,0.0015138554065965782
4356047dd6a4c8948e945fb406396012,0.0011011613044790809
2c20a53c34de85c246a49f24e7732850,0.0009804465765509529
f00c939e687ec05a616f4a0e59795a80,0.0009236084199598603
a68e62699caff4ce8b9066d271819151,0.0009229676694281591
8f710524ad778dc378dd99158c9283e7,0.0007441601566267439
5736cb3bbd27434fb73299ba6f668cae,0.0007423547044925607
c2e2a3fb634ff400a582c0aa20a4d521,0.000550227009453111
b2aa2d076096d8dd9980112191a3d0f2,0.0005279419894818245
86b911c0c7c65f8d6e372c3d71a21e01,0.0005156337975441151
557e71da0838ab11e01a5d36c7e9228f,0.0005053309619176129
661cd42a23b485e6a335d297a7c70918,0.0004040078683521678
c64cb27451f8db3d8e36ecab8304f811,0.00029709770481845606
35fe959567339e118a946c6dce21d834,0.0002334333169886382
b44249971c2e8d02b106e3745305bee9,0.00019316575966870164
9884297f3fa72064306eb897bc23bd9c,5.748324399344615e-05
c2cb4bd0a6ce9e23aedf27637e447c3b,3.088442579530733e-05
dcaad611ec7851e821bc326cf0725c1d,0.0
69b787bb75170152c099b2b637ac0222,0.0
814d2880932263f7915edda82ed29b46,0.0
1126495ba0dfa1dce51f913209f14f98,-1.6104552644479472e-06
48263f7dd02d59cf666ec696f8a89212,-1.0959262728491431e-05
d26f42e5cf2b8d23991534f9eb727e6b,-0.0002845871992091273
169ecc5384d0edfcf2c532d4a96a2c02,-0.0004896794991377716
90489eac9dd49bfdd4d9f0ae14751aa8,-0.0006934445437790218
9c54d1bd6f5b09a9dad69fa74940a128,-0.0007808881246776663
e5bcb8ebafc95d233d03b3c35bbb5c55,-0.0007820188460510182
7bc892109a1e4aea515cd5cd594b30e0,-0.0008847021581518191
8ff97d7a01a67f05521615edd7009905,-0.0009419579769286856
a24f53ac7f9511af4229a581ca04cd20,-0.0009752282315826937
be5b6b3c76a4566c54f5c6b504554208,-0.0010594304430564013
51a58168e326aeb5e4983571e2ab281a,-0.0012120936658846632
ac8487c2be495001dfac749a66e5fac2,-0.001404699158770599
d4846091fd8bb66928958eeca344fa40,-0.0014827624773178368
e706fbd255b4430b6b9be0b65ce68a75,-0.0015513343483753766
b4dd9deff57d2c5e751da2daa218b77a,-0.0015705785894994078
2b69d9c9cc39305b8b754254e70c8354,-0.001642548774276673
c325918d7ddaead74297c350521b1da5,-0.0016459162417758694
3ecb83e913f52c5f413bf082da117928,-0.0016569396586739536
462d9511d325ecaaca10a1c7d59f3cdf,-0.0017304302453799594
e7189d4c1594c307a05797a728a5753c,-0.0017578737856647722
804f2e17251ddb458cbb216bb29c5e32,-0.00185068840961634
794325d9150195a547b9a0d5a2785cc6,-0.0020031584446641433
757687ab8a5cc42b7093ed70712ce661,-0.0020468156645191164
9fef9b76dc2bff231becab3f97ba6456,-0.0020885169651540985
05663e7413b88420784f9e5b4df2008b,-0.002412859995659049
b17de648f23ec6ef1f27e9b6640b1069,-0.0026126999789788967
29335c791ca349abf4d0235eead243b0,-0.0027668508067198515
93718601d116cd0e15ddbeeb4c214343,-0.0028066158793313006
7466a47a3558e985993f75018aeb527c,-0.002877313459688793
3d89c0f551cc1d54c9f4a4e94b5e2cee,-0.002955883667292892
5bd108e197d9f83142a7e35ff858053e,-0.0032580551796323617
126deefbc4671d7004a3a36294033abd,-0.0033051909451531037
d46f10c19c51fbbc0d41a4a944bc2fec,-0.003388982460704604
6daeb4453b29d250e53a2789c55f8178,-0.00342391065127636
d14ac50d570c21c9fb546cfe07ece233,-0.0034957891399764003
d3bcee02e9984a54f4e0bef2bfddc49f,-0.003646688631847475
dd82e943c0283669103dd28676f6a72f,-0.00374812337434556
f7fab20c0a8c69ae9f42614d665bea14,-0.0037579696355695496
12a60697bd35e4372ff89df5b5765bfe,-0.003827669251809308
cb9d3ab34b06d202f3ea4ef133419841,-0.0038923560198303973
3f74b2df82e477f6c58ca619df23cc79,-0.0039032419905532974
19ee1d6912faaa74d566ffbfe29d854a,-0.004212127749545668
22ff36616a9173a50da867cf7259e0fa,-0.004319243816522464
7fe0e2adda3c1593db38d613486f5243,-0.004332800577053959
cd46afaf6991074e4e21d56bc2fc945e,-0.004356669654731821
7417bb610eb81f6997c0701910eeb97a,-0.004360850514625344
7b1b74bef500d747863c3174bf47465b,-0.004576200303431567
1aefee398be64d4985154b928b88803f,-0.004580740517547956
17f0006e275ea7d930f014555ab0e8a7,-0.00464842959982473
809aaebb8f3dd3c94a300ed9da413787,-0.004677040962150645
132f726cb935abf8474e05cb40557132,-0.004747465110581317
b7a6396d9d63326dce76bf9c6322642a,-0.004788116690910495
e7132ba6e44362b8e20673b4009a87ab,-0.004813599570476927
19cb0028ee002f9839ab9b4f2fe5cd66,-0.005053571802826813
2cd04fe6df88c0d676bbfd95817561fd,-0.005131882941241093
fc183e9d621c58115e2c35f5d60401af,-0.005267874909074952
7ce75ab96fb3c8958859f64cc0659523,-0.005278674581351889
ecb1cbf00805062d0dcf5a83f3ab278e,-0.005344014319562415
e67f632f49c2774940725f1f938d2659,-0.0053815792198457935
e70c893715a22fd00c3427a61c4d3e78,-0.005555081297688202
792b772ee7fa478cf82c53256e14742c,-0.005625170159739556
c4a08923ed46ce68558b6c22fb695d39,-0.005668451535388605
d235e575d8ec320e6de26c93d8236a30,-0.005770505475294629
7f1bb24cc1d47fcc29fc8a137052d776,-0.005790392154179377
3d605aaa728d4b3ee9c8c08a0da3843f,-0.00579621621394317
bffd2f9b40c6fadfe34baf82484e4580,-0.005876260868067398
7e864eafeee04f1c47c01ace1f6580cf,-0.005973552474768257
d1967f3ef18c67afe009ab3a17268795,-0.006022936768612972
b39578e17b28c0020b424d9d1b909b46,-0.006180304104233059
66530156860cc8adc0673f262f7d7103,-0.006351757127295955
84823dc258a5f8060ec8d3af81a7c65d,-0.006402842561165536
8a7b3eda046b47a886e341532c82e895,-0.006421170808525192
36428dcf28c9fe5f3a9536b9097102d7,-0.006595982493304377
2468a71089e645f9bb9f7fdb3906054f,-0.0066776428352107965
ffd4810a21a8d3ed2b14bb452edb3a48,-0.006770674117773275
119bfda96f57613245615d0a3fd19d74,-0.006818303884399929
f447be92bf501da8e63dbef314e6deae,-0.006852430684962404
03cbf0af7ffe718ca23f68a2c776c88c,-0.0070154507964816995
7da3354959796dfde8cb9b8b9751875e,-0.007037765550790743
a330237feaa37b164be80381d7ed0cbd,-0.007128272062422201
b73ea9e6aa1f7c7310ac9f5e6816f9d6,-0.007152350961360776
3ec39f208d1c07e1d54c698d97d452f1,-0.007224584247582211
e07f01f58de803511b6802c66b1f3f8f,-0.007397242915089172
1072fd29d68c1e0e0d056ae6ea85a50c,-0.007422363119551587
af8b9072f9ac2c38e73ae1358a44104f,-0.00742556100765039
3dcde29d8df7b581e7f00630741dcca2,-0.007506117946405656
72158ac5415f8e17badc6ded8a115c16,-0.00787166781312158
8d98c0e38b1b6ea1ceb1843a37d4c39e,-0.007987390468908494
a57ab5b1a7f0629091357c0ea519042b,-0.00799015517746667
49ffc977eb82f7ff11668a25fd64915b,-0.00805460139554624
37cf52feeda15c64e0d68a9dfd02a8dd,-0.00806326149937431
0e8a893a537d1794a5f543747f39a9fa,-0.008065091579567108
d61b3319567ad4d270e075bb66bca7ee,-0.008072372782688157
7a615c68569339e6572dbd441a0ecca6,-0.008107553123437796
2627b3d036a2652711cb7e2ebd88d25b,-0.008172061968000082
35647c643524b47f5e9ed5562315b741,-0.008448857274672376
15ea6496d07919d87b961cc893d08efb,-0.008631437521805493
a6aaa187dbabcca6d62b0dbdb99d480c,-0.008641227896247826
9ed97296939547cc809e847ac7890122,-0.008701341249022504
88dd48bccf59638a65b93afa96569ef3,-0.008839103956674843
ee83b9684a775b051140f52463c36d20,-0.008839481339988782
df64e4bcd8cb8ea9e9847fad581780b7,-0.009045368292859872
78aee6417675571f24e1d066df7aec48,-0.009126571232926152
3f66fefdb1770929d8c147a9fe9c9a25,-0.009379850099777595
2e44df2dcb55824649b6ff49f449cdd9,-0.00941519968207325
aa32978164d7a200706f37515c2aa3b2,-0.009419385427281582
345739ec77bc7b91fb0c8a797f079478,-0.009529495783262483
86afa31116a628b7305acca79e555438,-0.0096575492033978
fb206293c74f47816d2f6211b09dda0e,-0.009972687737553635
f3ce1bf263cf09032cf8862a23466d29,-0.009991002045325863
1cd4abeeb9c296c03881891280ecbb28,-0.010022027742469596
dca3a9ede7b886a6eb2e43fd74375e36,-0.010034649550116797
a330379c22d28273fc77195604faa216,-0.010170884349453103
aebe9045d81b2f04ce6c159a4040a7a4,-0.01057103646581709
05dc553778e88602e7c984efd9c48afa,-0.01057619323365103
5e0af5d06b4d070ccfa08e1e33e5d95f,-0.010727485771143712
9e1ba11c5aaa2aa5348f2ccaba0be039,-0.010940350638914981
5f79777463a1ecb1d9395024f9c763d6,-0.011067346373558192
943d5b2ab0f71bf887f31d6300ce761f,-0.011273664693445207
8fdbbf5942aa5b54dd0420252fb7e4f6,-0.011648244414001292
796b1ccc7ff11899040bf1d8daba0831,-0.011650864177489964
ee9069cef75ded0f9b37983524d86dbd,-0.011705094914376738
0917059e182ab2eae7859c8f92184a1b,-0.011784411009282323
e7fb84e96128b1d288b0b9f551abbd21,-0.011850545115263289
8121e654207faecec0f7dd4005d05a3f,-0.011979081775533178
5b9506d96c1716c0c213672ec4154b84,-0.012064357575284523
e8542261866ca3c1cb7319c16c877d37,-0.012147975407073465
6d06b96dfd67bbf97b5fe718e9c3dbf5,-0.012173744151906243
bb60f1eb3cd71dbc34dec16012076277,-0.012403988070430156
5a8e5ebfa675b0dd00924ce59d36b8b0,-0.012408846330510877
3eb74f2d10a729269e66b85d1bf4d760,-0.012737399950696364
d0625c1481c1e1d1515bb4b0d728b7e2,-0.012737777865919278
3e6334505ea8b6ee58958f4638d4fe4d,-0.012870965853516856
6a6bc94abe469b92798a74c08ef89118,-0.012886313601786275
6f61c2e87637aad7ded93d3cd424aa75,-0.012904166389057286
7201ba7fd56edf7bbc166f52bdf05755,-0.012943442422705871
c606861e3343a6882f899cda29f6b7f0,-0.013111131244125945
217fb419f9b2681f9f6ac7804c98ccb3,-0.013204989015808988
4b95938687b60d2bcda2bd41beee1e78,-0.013268072400807669
dc0a69c943ae3fc142da33f3b81ababf,-0.013360142368494072
04793ba17da447194604935e58e06d2a,-0.013547270081164514
b1e6f34e4240a275f3f35c7cb6fce68e,-0.013665369419227186
dd72b31a4766bc4891e93c25479d1206,-0.01368951581100602
033174ae5f1a38f46c94165f1ac69dbd,-0.013879308608344765
3e17ad974656a0bafecaf8319daf7236,-0.013957835457647495
5634fb005cd8b6ac771851f3756c89d2,-0.013990270386483374
e7dd0d731b75e81a7c1ba849f601d388,-0.014123561857059048
d031021c8c893abeac37828e5b6542f7,-0.014152412094452178
863c87de46c22e949463dd6ba6b4f7c9,-0.014324824538182736
b0b8c626e80cd5c4bc7b3d71dc549e7b,-0.014489686250558784
d4391e34787fc5d09e34b79d4ba6ac0b,-0.014766486018337112
6e8acafde7dc0424d3b2c30bb9e048e5,-0.014790698073015234
a952d22bf8cb448a219db36e960ea4b5,-0.014978829119169921
38ac3d37531e47c41652f7dbf596998b,-0.015010476235587426
dde837578e2e204dd1375766dc3e2d87,-0.015056686389798974
7577f30377afc9a5db4444aaac083971,-0.015328136602410782
ec4fab2423e1326321a3e64f0d0eb1f3,-0.015373669800692769
e9e22abbd40727072be0d652e00e3e32,-0.0153867735465151
bf620df207bc7d24e1e9bbd3f1021a37,-0.015586595347585004
1ac8157543e4e9f45d37ae0baef0a13d,-0.015995083132168554
8e9ca1ccf3f5b0e34182808b00802ce3,-0.016057483560798117
d7920ae9ca82cbf7cf0339d3c6865aa9,-0.016241273241697544
a42f990ea665685cce589fae973ceeae,-0.016293340239528466
ef53138a6737c4d67439991cecbbafb6,-0.016359441674799424
7a6ff16e8121b5cd5966afa4524b8385,-0.01642267520880311
9f09c69b1e75ad235cd2f92357f52e06,-0.016459387688419768
7c0dbebeaff72a81b8c960e4f8ecec67,-0.016550205489081624
bcbe85bd3a36f9d857536657a98dfda1,-0.016790548420229354
3fe03a0b933fff7ac7fe8051d74c41ea,-0.017053739896297337
e48ffdff6b2b8b99ac1b5edf4207f146,-0.017079989400546405
670d783d21b6c519c4859b72f0609a75,-0.017087533341425133
bdfe57957ceb9dffa67fee0aab626738,-0.01735216312176029
0d36183194049799a6aefbf710fc52fa,-0.01736094407034786
e18ae47a92d923e25b7274d6aa03cf1e,-0.017379894662961363
8848cc7bb061b6695a4ce379cf018253,-0.017520105629994617
b46e9fb6298942b824fa56693a0e4b90,-0.017695361742552717
d5f5f033aff833ca30f150ecb734aa8b,-0.0177393128347438
b9cd6810d2cfb16058df4fd7b1b1e2b2,-0.01775734506503229
dd05955f135f1aebeed57a454443f2ed,-0.017882018463752983
6e867c93ad4876cfc161ba726b1d42f8,-0.017993126633215006
9c277c39f6005a837f5c4355cac1d6da,-0.01822241595068931
584d219dcbf4b86ec2835ef1c508aa50,-0.018300579424398847
07fecc2814c0a3613d59914fb111a135,-0.01833386442806861
e63a83857ff62c106f99adbdb89e6ddb,-0.01834798699299262
7b90b81f2285f9f9e2be93bf576f8f8b,-0.018712373571771714
1696046fb89018a9937fbf2511b63d54,-0.018741094421130665
57b227978aef93eae09f2909dfa7838e,-0.019028516061704574
64f5b16d46e9202f43e8108ac3f7bbb9,-0.019210822958510773
5eee7be6bd820f93cbcdd7382bcbe85e,-0.01925051537666303
8b0cc5691ea2dfe633df5b9629f6394e,-0.01925451905741019
3bfdc1bb2b79e5c357b306cf86db7553,-0.01929125117801468
0026c04788883bb6a69f54c50fd91c24,-0.01931256369135572
fa64838041c1c74eba66c46fd2b07c3a,-0.019488607662429366
2cb3e4ce42cd936572d9ef7a4050be22,-0.019534944063355632
b61a86e03dcae91f596bc63bd111ee19,-0.019539893932515127
6c0eb6df1f38f024afc1034a7993a5a3,-0.019594908288953803
c3110f8098924faabb12ea2dbfe2b893,-0.01972068919158647
fce1ac0411e4fda273e3ebbce9e6f7e7,-0.019824872002628707
d47e8ab3535fe29de7c18e41d3a777d3,-0.019894711236673586
537d54546d6f0a7dc33ea3d8d71c9655,-0.020101084805750954
52a5ac00e2ff945924ee586ccbfa2d2e,-0.020141990858221503
b7f95e6409a434e6349d1b6d07ca133a,-0.020787183916785638
8e534ca402f2438163a940c582cd9748,-0.02079796465554996
1afde3fadf3d11a78092a1d2d19d5d97,-0.02081346744996949
eda6e1c9645b49eb8bff61194624d56e,-0.020827985959087907
a5657494e1e843e88c01d53431e98744,-0.02090334054779189
8411eb762a667b25de85c709b149a69e,-0.021182316241687486
fae863e2b4333ecf038515a4d35f979b,-0.021204202214372865
dfaae5536a4e9422d8e850899a5f94ff,-0.021385723501954876
2fb7bb720fcc3e102c03a3900b64a11b,-0.02166851598143106
f9de42bd3e96263ede2b1d0dd1d84124,-0.021745441737807368
0033ba07ed86619d6a52b96ed493996f,-0.021885580319417678
5a99496557afd501c90037246bac1208,-0.022116705799455853
bb9098a0b580196ba6710e8658a9c8a9,-0.022327915075917682
18b7b82da9c8a48eab2d6cc02a0ea61a,-0.022445772992318043
1b68f0034933c2f010861a4b380c5104,-0.022461395481596824
f62d0d8c5f5c1ea79be2a8a1bca1a0f3,-0.022625163871045982
b1d1ba34c5f759690c54b42f75534e42,-0.02285145749345451
0319d191bd80294ef7caebac74b1ace8,-0.023129602232749184
af97d4e86e933396d9f17321956c2588,-0.023154095045610057
a5170186096fd9ccbebfe771b327cae1,-0.023168526990451254
375c1e195ca7ce8e67d29428cc6318da,-0.023503414674706038
3025702a4a7ffacf04688fac69052be0,-0.02354963249720921
b9fa836b8373dee0d53fcd05b3a93074,-0.02361013591422322
a12cf5b20ccc7bd945f5836e7b392eef,-0.023722027770127396
92eb88d885a0d44133dd9b52ee251b0e,-0.02403431681448403
472ea95e11bbff997ced2e49c2b73ce2,-0.02414827593129779
6f84a6b129a82c9d3382af5a160c8f90,-0.024355847709679673
88879402d3edaed06ccfb7ac40236145,-0.024360445842645916
f0bd56cf60ccf3d2d075f0986ae183d9,-0.024474092243275646
de87ba7f3107c3da23de6462fe780ceb,-0.02452948134336935
d3ba1f03cb651d7bb4a67abd0c497f0c,-0.024994087079616697
eb83e799427a1f21f12d95783886ec39,-0.025090639870169355
5bfbe245a5ffca8140793acfddffa09e,-0.0250921307914576
b8c9598bac4d57de3065b5730bffa795,-0.025315768204639263
4180281533c29fb53b10a6470cdfbd4f,-0.025392281009436145
a97b639502775a389298b6299ac65d76,-0.025569307147838654
49ed560bb40abadd15457407f74f2684,-0.025630300352590268
d50f999a402d5aef8d4f8985782659f7,-0.0257936186397037
22f2632ab59b2c06b257ba2d4d8a3317,-0.02591072523999447
8ecdf08d36bd5f47e24ac4bfefae11c5,-0.026193939987624603
4825846de7aeda882b01807e136944d4,-0.026209019395648573
939555d7c3b1a7bb940cb84dfeeed4b8,-0.026627974429318236
b8b98d63cc1549c0809940f16529bd6d,-0.026682496818755914
170571512e0abb014f5f1eccf0e2b99d,-0.026892082645722615
a411700a3afea5e2f492ecfdc1ee4b78,-0.02690978939920159
f2c613ef4a233386e25816e0c73a0d0b,-0.026938595448313542
ee14fb8c599dfeb1a078836da0c5b822,-0.026979869089529523
ddc69f0c52b2d05d98523db83c6fb516,-0.027192012327497662
7974a63fb4411a27243cdc877e909181,-0.027580176721297884
576d02533a5169868e7de21549c42c3c,-0.027678707277711826
1f36ad30b206e69f16d13cfcdc5bda08,-0.02799359199242368
7cd17b7540283ebad1fbbaca8a4ca0df,-0.0280063885486002
6cb33468a58da93cf46484462e06f200,-0.028070244987984102
687f6d1d889275fb81e3ec74884275b2,-0.028150737309654717
cdf8aa2443d6096d12e411821f54c967,-0.02817861798347126
84663128f2603f6c83c16668baded95c,-0.02823183056301261
a2ae4b833315323acbf6943f317b810c,-0.028466184763915933
c6285bf015d344411435de76f2d6c433,-0.028513531830135785
f606d9236a533dbd84ab141c251a72a2,-0.028663577740072936
12f6af89e834f11084b60001192acb59,-0.02875300607117004
98eadc632ae70c1d934f3809b81e7d12,-0.02890661116184923
2d0690cd9acccb6fe620906043c51747,-0.029057285876091254
75be0d2fa10631fae54a618b358f95e1,-0.02922097729886031
be44370b70a178b37b250c0baf71289d,-0.029440404770019052
f03216fd5058c5555bd69722101b4588,-0.0295697965592798
b4d0ef3f7a666d6276bf5c28db276740,-0.029586628463579817
71b9c6f7626d1f2a9dd877d5e6985682,-0.029619012145791795
a3cc0d0576f2b6ed1d52a880b8a79069,-0.029726840001956564
05cd1b9e92fbe86194d891404c3932cb,-0.02984877458486585
277f64947f92fcd6f01e66ee01514c02,-0.029947356920096643
508147260ac3b9b40d2c242365b97882,-0.030128766287329852
c527a7c058320e23e7b5a32032f6b4da,-0.030138652604858058
28ab311485fb71435c5830f9b6bca766,-0.030160761053200532
bafdfb461d956783f1bcf99e07c4b00d,-0.0302216787730465
719dd8fcd3c4186fb44128ccada1b1a5,-0.03028257212967941
c9c104ce0948cd5ef8abe64625f68bd1,-0.03028508394319411
b3f737c04173b0a3d38602fade6114fd,-0.03033397687651397
d4268a777a9fa5ea64e07ec15a49e86d,-0.030478230953272307
4c9524e77ef0c742d8992f872a7d4803,-0.030941915917340922
f86116fe6573061ff7d609ef824b018f,-0.03135696595208184
617c54a5754eae269d4849b4f526e427,-0.03145840428713343
2aaa1d7e28f59cdbe32d2b9da17280bd,-0.031656949605947574
b43bc6fbb963a065c26499b007801fab,-0.03165694960594771
2d75eb30aaf371f0eb229df581806358,-0.031705360018454296
a580461751503c1ccbf3a52e57fbe8a0,-0.03174295037203791
972d5d8c2a8e980ce468536e3d2a465e,-0.03192153346525399
44eeea045ec93c7ca6dcb5eb8264b411,-0.03221764931441688
c783957c4aa6531a30ace961e1cdb878,-0.03227580647847982
4c0470c25355a8369a08501e765ddae9,-0.03236396924524077
570bd2044b46bc840cb25b38e74a88c9,-0.032406776068621156
e9392f9ec187dc3b1189bc32d29dbb53,-0.03283923803292206
b27ba88b676bd5dc592a80e220ed2414,-0.03296109894760004
5682eab378aa7e8e83ebab5b64dbdf66,-0.03299609197671234
938e67172a707ef40da63d81c919f5ad,-0.033014838668301
022dfbedc3aeb4e80ce2371f28aa96fa,-0.03301695699210623
20b893b61035d40a3cdea3d6c47652c2,-0.033019200362496226
ec0cabfe1dab669016a99f27dbba4b25,-0.03303944692809381
990e6a27022463cdefd3f7ff6b42428f,-0.033118422589904384
5ebd71e8e9a66fc484152cd34a39000c,-0.033257423969609866
2e10a4fd02b649d28f8e449d0bc10aa0,-0.03396261253149829
a45fbbc09cc7542777626bdf2aae5dae,-0.034275457509560424
66dd9f59266c1374bf911d7d366ed1f8,-0.03434365453884388
cf5030e4751ba98b7543780160016239,-0.034768678209851224
5d240b232fb4a7b14627f2cad057782c,-0.03486222646375842
003ca3563d0b12cc0b493f74f1e8613a,-0.03511645198909653
bfd88a15182843be8f7f7c6bfc0c965f,-0.035152800176856396
187f40d4859ea5e8ca8a972d16ad81b2,-0.03515909502348574
d5ec4a1c06e07792e6e08f883b41e773,-0.035186402477254554
5b59d7d40643605df9047eb434df5a23,-0.03530236003734811
1f6abac97345f86055bb69c4bf88d37b,-0.035490977104464375
65974cc5623c9482529ad5a33912bb9e,-0.035510633616119495
0e60ab809a1ef51dd19a8b184a979c1e,-0.03551078458809362
5f1fd906c948d708184e9c76616d8e9a,-0.035541651767343134
e4c36f19849ef71305998c9e2a9cc293,-0.03557594460645798
fb1913a8492e86f4630843a0e0828474,-0.0355840375804273
f70c706b46edbac642f4b44b3f338021,-0.035658731625208856
3a7945aadb70d44e4a7fcd71b9513f21,-0.035950450609106496
2bc0d7d1e7d963d9af7c1f4c7a2718ad,-0.036101764115340364
61cd8d7c2c2801aee089f0ad8fda43a3,-0.03610947312956657
6cbe3c177ac90b84660ae99da25ed46b,-0.036263292828678725
72e741f5b552938cafe8217820433c3e,-0.03628043839177432
7088979dee31d4e935390d8ed6e36e35,-0.03686872239457495
abbbdb152ea8b9a00f4ffb99227b9c4c,-0.03710704023006572
ebfdb51a1133aeb8c6ecebd4460b59f5,-0.03747503794651887
afd51fb5b1d6e62b5ab020e6264506b5,-0.03788034208838238
529cd8ab1ad3926a16598d8ffa5c6339,-0.03795612606236757
94a610e9902723e9a270a8ca28e2dfaf,-0.037972137809282935
1685c1e994ccb8862686f2ea9ef1eb91,-0.03827670541652531
0088df9eaa07bca79e27f8e273c1b4d9,-0.03839222025335933
ff78dfdd58387896c4797ed4041d6fc3,-0.03840157752541554
994b2897f0ac11d9e5a5e931cf9c7213,-0.03854802974163519
60585ad0efb69ccdb8e7f79ea4493a57,-0.038596409019690234
f64fae89d9d25f3e988a435ce833cea2,-0.03872772490822262
98a575d4b312334adf59b625a8783dbc,-0.038751010881219045
6d9e55fb5502dfdd3ea25f396eb5006c,-0.038800485874698046
b8263e63bccdbb5a5b39c08ff25aefcf,-0.03954371584022177
c93635a125a50b3823a35c90d3ba4705,-0.039841648146780956
7819500cb36f8c2529def5bfaa4d67aa,-0.04017112179031912
bfeb7ad36f008851a7684bd3d7ba15ff,-0.04021897150562255
64e5d21f5a20bb25948b51483e651bee,-0.040264421383875544
d31a305037e6a30f9be941c7007d6546,-0.040286087731423566
e8498acadad42da698b9a1ac825d2270,-0.040386331563818774
50e585f44bd373014e6f3d281fe21e14,-0.04040524214533476
938df9a838e681d045fd9c23eee7d2a9,-0.040527344624254225
31ff8824dfda84a7ad649cee7c03326b,-0.0405929269765929
e758b6f9b5bd6853570bb742b5efdbc4,-0.04093212948596557
c5ceb32f286c8e05faed3ddfe98a5dad,-0.041278450554907205
4c829741420b59f10aacdd6fb623c4cf,-0.041407186720939654
e7ef096e905b6539bf96aa690fca907a,-0.04170470860273763
011166037127d8afdd94de49b8f8f9fa,-0.041783631062859705
b87844261d44c7f3e060a6990355247c,-0.042111204025476495
2123be9769dc769aee156952e302503f,-0.042169299265899234
c5dcadc00a47fc1416a0518f205c0e4c,-0.04241183158063107
3feb8e868feeb980abb4579fccf749c8,-0.042793758661296574
d7e3ff2c35c8581d9ba7a35b5c101820,-0.04314249311469934
d0003fcac2fc24b6972231e29e885bf8,-0.04325535249690351
040fea50e994574459a4a3073629bf78,-0.043510005662122236
9d2e209ddc2d073b51021dbe9ad61cf8,-0.043844938249725136
679967d8a0dbd4a30eaceca53542363a,-0.044061109171515
df7396b9a5bba35221eb06f548214c54,-0.044473980001854256
4ae0996c6f3bbcd2093ddf798a5c67ab,-0.04469621476267863
07626638de8e42ecbafcaf2567616321,-0.04487202963638826
becf5390e74a90a4730b01690f780959,-0.04487505720021957
5954946b57e721a69a36f63f79e07585,-0.04548946850092954
e763a2bc6bb17b90fce2ceee1f981d74,-0.04550639909108338
e602e3ef0929c4f9e9892f4598b77f61,-0.045731745522863305
d7da0c800795c6add79faaa71c9eff13,-0.04668476326809055
fa71bf0a3e7de0a7dfbeea3f1e2f0750,-0.0469721158596036
fa9cfdc56555ee8b514c49a8a2dab204,-0.046974662437623965
21e9d61284d724df920628fb27e2fd9e,-0.0472550048894704
f87dcb5c8a9e7b63bc0e592158c9a192,-0.04821391415197884
3d75dbf55cb6c122fa77a4e7ff3dc8d9,-0.04827439785552359
0984229592b0dcf7f5325cb7f9ac0aa8,-0.04837132065356018
fd26386b0185a5772ec0fd3179b36f1e,-0.04910401412485906
e9125fa1b4b62ed142d08c4987568910,-0.049989986809306386
cac7db48edcae7894a001946c6837d94,-0.05033289614881016
3f1559de513c937205fc628ca703b798,-0.0503885395286931
10ac378c26bad7313d5f0386c3345167,-0.05052414731527835
8b8c0c270e3a8abe83ce423adb1807c3,-0.05073824403517253
bc718d1bb857b116148a8285de07a079,-0.05155498946718576
6c73f9a141f97ec0e94e11636e3709cf,-0.051964564702691264
72117b96cbc348255b01ae4f82e26167,-0.052559734279061715
ee332646bd216cd084b5516f6ef1d270,-0.05260269759555448
2858f12b011dae3ccf194743adf95cb5,-0.052870222584166564
bd5247d061ca00ab025168628e0567b0,-0.0535653913647337
f89d016b0a8d974eeb252f66399de86b,-0.05357284375372829
374e29b27c5dcab6bcabeaa22757782b,-0.05392406830919591
f35bd84c06a39daa1f9736380ee774cc,-0.05477119173377933
e07eca474d146a33e0e4dcd42b22e230,-0.05561468062159724
4a8d5ce187f33d6eed1844c40fb59217,-0.05563757014991664
c166bd291497f36568cdc9e99d6a2e32,-0.056259766737684076
29274668751a816ac532ffe1a9f7edd2,-0.05642180097162874
c0a668539aed8d4686c4bff3f9290816,-0.056597269948218704
0c56f597181e06159060d994df3641b0,-0.056693226599847976
e07bdd2f13e9d2c35ef13d139a862dc2,-0.05669635462810678
6d2f294508e0b74f272d98d76eb18e1f,-0.05679965281235022
42ab52a4004e0fef423bd6a66158fb14,-0.05688545837678831
9fcac5a9f9d1b88f0b907157154d8dbf,-0.05702511626999425
682db040fd81d03974638f67301148b2,-0.05705680403641708
e14d15eaca0b7381814d3e4d2e412431,-0.05720644451838494
3a1ecd721ec185d456ea584e8c6c9f27,-0.05756905366729893
763650adb6c3331cd66b84cbdd42867a,-0.057719757740368756
d750885a8fb729068e59d6bc1a530ef8,-0.05809420859868167
c8345eaf784c209e30e4a5a96c3af532,-0.05856395700938737
4469b0977a3694369ce5899bbe0c1932,-0.058760556074217804
495c08a2ef0264ccc9f4dbf805dae7a2,-0.058915143356305856
0df43d7af9827be1d9e73905b2e050b5,-0.05900317135700995
345f7ef43c8358baabd6a9795a13373c,-0.05910465262570334
b6626461498a4b9dc3453a9e81750ffa,-0.0593017975183505
08ed58ee0683103993ef6780e7f5a8d8,-0.05947380457366595
c65a49193647d5b6d96c8d4630344576,-0.05964310566055918
f2c9bc27b23aa3b3871b9debb4decf6b,-0.05999532968026525
2fc67ca46198b92f7fa9c57819ac480e,-0.060014759340820234
7624c88e5e647c284a2f365c775e7e65,-0.060073567628116914
ad24f728fed474e593e2f204974c581d,-0.06020002775592442
febd1749873d48ee1c3be359c118022d,-0.060954008126089976
91262aadb0200f0555dcdf979f76cd31,-0.061176074811484765
5ce059c562580f2a650ef68c27193041,-0.06126706831970925
0fd07c04abcd1c976c66a19ea7966ad7,-0.0614387051731656
4115983ff8bda5820d8a2c87a5e3942a,-0.06200151784850941
40c72206bf746e86404dce1216693191,-0.06216846110063294
c5d494d433332464d4c3e9e899c00d5a,-0.06253176089193005
47d74ecc4086fc5a0f87b14647d0266f,-0.06347765494634335
4f70d3980f9b6268579d7effa29124c3,-0.06425423781401031
7b1b8ee531960d93fe779e6f99f9c06e,-0.06427796674355969
8a1695c10fd00edc5fe3683e59a89171,-0.06444955933201059
a9a2b0797c5692ddaf396c6446ca3d55,-0.06457938247341617
847151096664f9f6d2966f5a920aa4aa,-0.0669028654674349
25a31d4db7353d73ecc855d5b4a720d8,-0.0670037778968406
7a0e456a6c95a8e87413581c7890e811,-0.06750386740375372
e511f721b9f8641197d9094ba06d14df,-0.067824341374238
95d9eea8c73fed426497cce0a03fcb6f,-0.06787010830297559
77736b2b2c7878fbf19ea0b4d44d913a,-0.06803376855037889
9b523a1b49e46ab3c28d805835f308da,-0.06821196414984347
421e056fc4e19a030c7deb081876618c,-0.06857673975202988
518b7f6309ff81a410367d6128250e0c,-0.06946927203353404
85863021f92bdb2d1d1b8b860c0619f9,-0.06948554285264393
d6cdd0cfef0fd81a355c464d49e591b4,-0.06972006933866155
ba4f417016401a199da7a193d1da8986,-0.07106385710784177
1b9a8b9251476eaf38f85f35ed9dce5f,-0.07119164577132635
a07360887f4a96466c187b275a384f0f,-0.07138324256316526
e3ee538cda910dfd301951e8d03d53f0,-0.07211922634921121
b221d7bf7a04d1f9049bd38b2ea5d29b,-0.07311451850289018
fbb9ae876e0dda9e88fbc0b2531c78bc,-0.07346446928969425
fa5bace8f6c7b16179d769d95af64235,-0.0735427097834506
2ec5f6349fdc0fbbd482e5cfe81929fb,-0.07376256923756577
e9d73db89cb524289ae32ae0c97dc04a,-0.0739099889691402
c7bae8af5bc971eefea1544177ce5a9c,-0.07413536623609147
481d5977111213e60c1f7952fe363bfd,-0.07424867264769298
6da9519c9cab21cd859e0df7fc66b007,-0.0742794124883665
cf0a3a35b3f5f2211113dd16ab2bb11f,-0.07464799679501094
b29eeec568a7fa312a6bf24c4cb1c9f8,-0.07522426313137431
197b7783f6ff80620a6c7f08c970d1b7,-0.07642786598196392
43ba89eb9bd003fee537b2f2ccc3a1c3,-0.0769046874180435
03058572367c94fa73ab9519e5ae38c2,-0.07881774100529493
bc8d3b45a2789319014f662e9e91cf03,-0.07892885937340895
49459dc060ce9049d529917e5103dd3d,-0.07953445215461175
26fdc1b4f1d0354b182eb5f490f4b387,-0.07957888556247979
9fee08073299c5408e1df3dc97dbc7fc,-0.08007309123768966
9d1c1d9e2eb24d898cd92c05637d66d9,-0.08073788221793433
54c078529211e33670e28519b82c3fce,-0.08180137815877553
c8fa50c505638219451ff837cad02696,-0.08183966861478026
91c911fdb1a0b45401be02d0384a835b,-0.08193382584548826
fd06b9546c40536f4be34c4d4558a858,-0.08204729530645398
f09fdc38602cea0ede37ee6f782d82a0,-0.0830877512585097
72768e467651bfc2b5b0f80d43a5985f,-0.08385798476534685
a239bcd96b79f041effa00c20b97b1ee,-0.08390380341452831
9f4de9eb6700d873d8999b2fb10054b3,-0.08516835975421015
e177848936e69583d2207935638d7d21,-0.08569858103031755
749185ea5ebe806a6f9d83f493fcc5b5,-0.08574489884749587
695e43a10a252c1011c4d94d6ef6e4bc,-0.08578229420129199
c3574ef7a3455b639e41b6e790c31041,-0.08623328160488528
47b139c23fd36dd477ca5b89bcc86f7b,-0.08647262813690881
e549fef9ceeebb54c291fda675c09115,-0.08674354886693258
6d02fddc2bbec2112d7dc0c02e05be4e,-0.08797455200902092
a8ff483beecbbd6d3e6bdfa41f1b3947,-0.08842515347460551
72d4be08d48e29377babbdfbddd7fbde,-0.08919822149917897
466a80896396194d521a387f15168afe,-0.08958037381328092
811cfc66c71ed5dbcb2bd5f0976ec45c,-0.09108230498227239
7ef5107971cb2c76f5e05c649a4d1a23,-0.09144514456122478
2a97634364a61623a31e204331427a6c,-0.09326796480305516
836a023b5492c3ddc0d5e28bab8981db,-0.09587074211759855
dd68d1a35f5c17f3fdcd9b64de95f10e,-0.09627820018619435
1c949cdda394b0fabad433132742cd61,-0.09743070360978802
8ebb3dcdaec090a0e2e1828082f4efa5,-0.09879754103736865
8d9960641a3df74ff0d22bd45646db6f,-0.10000048437407921
eeb2a0cd22f39456dda8892b2addd143,-0.10016928635702732
f70809d943424c7336c2d6966db4909c,-0.10377856144004398
f5b08656d0ba4989937b77b8785ad202,-0.10568105102884541
437189b3b6207b8eb3d92706a35d4830,-0.1074790339019166
8c167e3381323ac83e53980fd7a405a4,-0.10778244234369656
558c8cca432023639dacb408863204b4,-0.11431757894599662
8fca5b3ad7b4fcfa37eeaaf26a3d9b6a,-0.11988476230658834
755a84803f4962242a82b0c618a4334b,-0.14167312142851055
